0,0,0,0,0,0,0,0,0,0,0,0,0,0,0,0,0,0,0,0,0,0,0,0,0,0,0,0,0,0,0,0,0,0,0,0,0,0,0,0,0,0,0,0,0
5.02967136003941,0.0343089299496208,0.0135791355398753,5.07959335055054,0.0346494631480719,0.0137139152157318,5.12976186940986,0.0349916779919474,0.0138493604702346,5.1801769166174,0.0353355744812473,0.0139854713033835,5.23083849217313,0.0356811526159717,0.0141222477151786,5.28174659607707,0.0360284123961206,0.01425968970562,5.33290122832921,0.0363773538216938,0.0143977972747075,5.38430238892955,0.0367279768926916,0.0145365704224413,5.4359500778781,0.0370802816091138,0.0146760091488212,5.48784429517485,0.0374342679709604,0.0148161134538474,5.5399850408198,0.0377899359782315,0.0149568833375198,5.59237231481296,0.0381472856309271,0.0150983187998383,5.64500611715432,0.0385063169290471,0.0152404198408031,5.69788644784388,0.0388670298725915,0.0153831864604141,5.75101330688165,0.0392294244615604,0.0155266186586713
5.0349894517556,0.333481789815769,-0.0205104277006189,5.0634376175405,0.479343652507397,-0.0370408980267494,5.09181997910421,0.627299728460036,-0.053810353953789,5.12013653644673,0.777350017673686,-0.0708187954817377,5.14838728956805,0.929494520148348,-0.0880662226105953,5.17657223846817,1.08373323588402,-0.105552635340362,5.20469138314711,1.24006616488071,-0.123278033671038,5.23274472360485,1.3984933071384,-0.141242417602623,5.26073225984139,1.55901466265711,-0.159445787135116,5.28865399185675,1.72163023143683,-0.177888142268519,5.31650991965091,1.88634001347756,-0.196569483002831,5.34430004322388,2.0531440087793,-0.215489809338052,5.37202436257565,2.22204221734205,-0.234649121274182,5.39968287770623,2.39303463916582,-0.254047418811221,5.42727558861562,2.56612127425059,-0.273684701949169
5.04391241691391,0.43487697225525,-0.00454580245755376,5.06436172815428,0.564766324136859,-0.00811256544728873,5.08437568333047,0.695908272132876,-0.0113032820756526,5.1039542824425,0.8283028162433,-0.0141179523426455,5.12309752549036,0.961949956468132,-0.0165565762482672,5.14180541247405,1.09684969280737,-0.018619153792518,5.16007794339356,1.23300202526102,-0.0203056849753976,5.17791511824891,1.37040695382908,-0.0216161697969062,5.19531693704009,1.50906447851154,-0.0225506082570437,5.2122833997671,1.64897459930841,-0.0231090003558101,5.22881450642994,1.79013731621969,-0.0232913460932055,5.24491025702861,1.93255262924537,-0.0230976454692299,5.26057065156311,2.07622053838547,-0.0225278984838831,5.27579569003344,2.22114104363997,-0.0215821051371653,5.2905853724396,2.36731414500888,-0.0202602654290764
5.01745598538923,0.57518666957611,-0.0304953521348368,5.01868082347685,0.710502713941144,-0.0426519815715275,5.01735482877397,0.847541318159723,-0.0554420415576981,5.01347800128061,0.986302482231849,-0.0688655320933486,5.00705034099676,1.12678620615752,-0.082922453178479,4.99807184792243,1.26899248993674,-0.0976128048130892,4.98654252205761,1.4129213335695,-0.112936586997179,4.9724623634023,1.55857273705581,-0.128893799730749,4.9558313719565,1.70594670039567,-0.145484443013799,4.93664954772022,1.85504322358907,-0.162708516846329,4.91491689069346,2.00586230663602,-0.180566021228339,4.8906334008762,2.15840394953651,-0.199056956159828,4.86379907826846,2.31266815229055,-0.218181321640797,4.83441392287024,2.46865491489814,-0.237939117671247,4.80247793468152,2.62636423735927,-0.258330344251176
4.93784613836403,0.783029584646269,0.0684778139247749,4.90130686531633,0.951662409613705,0.104098215558553,4.85649466149323,1.12715180170069,0.146951804518407,4.80340952689473,1.30949776090721,0.197038580804337,4.74205146152083,1.49870028723328,0.254358544416341,4.67242046537153,1.6947593806789,0.318911695354421,4.59451653844683,1.89767504124406,0.390698033618577,4.50833968074672,2.10744726892877,0.469717559208808,4.41388989227122,2.32407606373302,0.555970272125114,4.31116717302031,2.54756142565682,0.649456172367496,4.20017152299401,2.77790335470017,0.750175259935953,4.0809029421923,3.01510185086305,0.858127534830486,3.95336143061519,3.25915691414549,0.973312997051094,3.81754698826268,3.51006854454747,1.09573164659778,3.67345961513477,3.76783674206899,1.22538348347054
4.86778712914218,0.975091243897287,0.042316129324921,4.80774392416939,1.16122644178821,0.057096614679008,4.73674176009329,1.35609562350173,0.0741595194617569,4.65478063691388,1.55969878903786,0.0935048436731678,4.56186055463117,1.7720359383966,0.115132587313241,4.45798151324514,1.99310707157794,0.139042750381975,4.34314351275581,2.22291218858189,0.165235332879372,4.21734655316317,2.46145128940845,0.19371033480543,4.08059063446722,2.70872437405761,0.224467756160151,3.93287575666796,2.96473144252938,0.257507596943533,3.77420191976539,3.22947249482375,0.292829857155577,3.60456912375951,3.50294753094073,0.330434536796283,3.42397736865033,3.78515655088032,0.370321635865651,3.23242665443784,4.07609955464251,0.412491154363681,3.02991698112204,4.37577654222731,0.456943092290373
4.84749838357617,1.07684573670721,-0.0130809113157132,4.79413932518996,1.23426659890776,-0.0271629277985294,4.73284873466521,1.39399558917331,-0.0443067639063274,4.66362661200194,1.55603270750386,-0.0645124196391074,4.58647295720015,1.7203779538994,-0.0877798949968693,4.50138777025984,1.88703132835994,-0.114109189979613,4.40837105118099,2.05599283088549,-0.143500304587339,4.30742279996363,2.22726246147603,-0.175953238820046,4.19854301660774,2.40084022013157,-0.211467992677736,4.08173170111332,2.5767261068521,-0.250044566160407,3.95698885348038,2.75492012163764,-0.291682959268061,3.82431447370891,2.93542226448817,-0.336383172000696,3.68370856179893,3.11823253540371,-0.384145204358313,3.53517111775041,3.30335093438424,-0.434969056340912,3.37870214156337,3.49077746142977,-0.488854727948493
4.90134968225386,1.21365609949674,0.049180659721002,4.88488840950421,1.36476694266434,0.0639594012328586,4.86772545868627,1.51679602109986,0.0808246409882766,4.84986082980005,1.66974333480328,0.0997763789872558,4.83129452284555,1.82360888377461,0.120814615229796,4.81202653782277,1.97839266801385,0.143939349715898,4.7920568747317,2.134094687521,0.169150582445561,4.77138553357236,2.29071494229606,0.196448313418785,4.75001251434473,2.44825343233903,0.225832542635571,4.72793781704882,2.6067101576499,0.257303270095918,4.70516144168462,2.76608511822869,0.290860495799826,4.68168338825214,2.92637831407538,0.326504219747295,4.65750365675139,3.08758974518999,0.364234441938326,4.63262224718235,3.2497194115725,0.404051162372918,4.60703915954502,3.41276731322292,0.445954381051071
4.84228333401168,1.43684549066027,0.0641587589266631,4.80853845820302,1.61692759006787,0.0811015888350564,4.77159524862522,1.80215172474098,0.100142599339806,4.73145370527828,1.9925178946796,0.121281790440911,4.68811382816221,2.18802609988373,0.144519162138372,4.64157561727701,2.38867634035337,0.169854714432189,4.59183907262268,2.59446861608852,0.197288447322361,4.53890419419921,2.80540292708918,0.22682036080889,4.48277098200661,3.02147927335535,0.258450454891775,4.42343943604487,3.24269765488703,0.292178729571015,4.360909556314,3.46905807168421,0.328005184846612,4.295181342814,3.70056052374691,0.365929820718564,4.22625479554486,3.93720501107512,0.405952637186872,4.1541299145066,4.17899153366884,0.448073634251536,4.07880669969919,4.42592009152807,0.492292811912556
4.73210201905641,1.63131729910639,0.0148128324672075,4.66746249146189,1.82175546470701,0.0098344812932242,4.59571322949318,2.01807201484933,0.00356218668861693,4.51685423315027,2.22026694953334,-0.00400405134661436,4.43088550243317,2.42834026875905,-0.0128642328124696,4.33780703734187,2.64229197252646,-0.0230183577089489,4.23761883787637,2.86212206083557,-0.0344664260360523,4.13032090403669,3.08783053368637,-0.0472084377937796,4.0159132358228,3.31941739107887,-0.0612443929821309,3.89439583323472,3.55688263301306,-0.0765742916011062,3.76576869627245,3.80022625948896,-0.0931981336507055,3.63003182493598,4.04944827050655,-0.111115919130929,3.48718521922532,4.30454866606583,-0.130327648041776,3.33722887914046,4.56552744616682,-0.150833320383248,3.1801628046814,4.8323846108095,-0.172632936155343
4.63011352435352,1.74254593252323,0.00850980930465952,4.54568335475066,1.91196886714863,0.00178775545814904,4.45244637893123,2.08367104349803,-0.00628843260085234,4.35040259689523,2.25765246157142,-0.0157187548723446,4.23955200864267,2.43391312136881,-0.0265032113563278,4.11989461417354,2.6124530228902,-0.0386418020528019,3.99143041348783,2.79327216613558,-0.0521345269617669,3.85415940658556,2.97637055110495,-0.0669813860832228,3.70808159346672,3.16174817779832,-0.0831823794171696,3.55319697413131,3.34940504621569,-0.100737506963607,3.38950554857934,3.53934115635705,-0.119646768722536,3.21700731681079,3.73155650822241,-0.139910164693956,3.03570227882568,3.92605110181177,-0.161527694877866,2.845590434624,4.12282493712511,-0.184499359274267,2.64667178420575,4.32187801416246,-0.20882515788316
4.64865685603994,1.8863035467926,0.0626196751802236,4.58850413894853,2.0497597366662,0.074088117009582,4.52379662055196,2.21443539009913,0.0867143098997424,4.45453430085021,2.38033050709138,0.100498253850705,4.38071717984329,2.54744508764294,0.115439948862469,4.30234525753119,2.71577913175383,0.131539394935035,4.21941853391393,2.88533263942404,0.148796592068404,4.13193700899149,3.05610561065358,0.167211540262574,4.03990068276388,3.22809804544243,0.186784239517546,3.9433095552311,3.40130994379061,0.207514689833321,3.84216362639315,3.5757413056981,0.229402891209897,3.73646289625003,3.75139213116492,0.252448843647275,3.62620736480173,3.92826242019106,0.276652547145455,3.51139703204826,4.10635217277652,0.302014001704438,3.39203189798962,4.28566138892131,0.328533207324222
4.59334574922468,2.01974409330615,0.0332145344371695,4.53012756782656,2.17518657726886,0.033267526406105,4.46254107830606,2.33069235720519,0.0329038666914089,4.39058628066318,2.48626143311513,0.0321235552930812,4.31426317489793,2.64189380499868,0.0309265922111219,4.23357176101031,2.79758947285585,0.029312977445531,4.14851203900031,2.95334843668662,0.0272827109963085,4.05908400886793,3.10917069649101,0.0248357928634544,3.96528767061318,3.26505625226902,0.0219722230469687,3.86712302423606,3.42100510402063,0.0186920015468514,3.76459006973656,3.57701725174586,0.0149951283631026,3.65768880711469,3.73309269544471,0.0108816034957221,3.54641923637044,3.88923143511716,0.00635142694471003,3.43078135750382,4.04543347076323,0.00140459871006638,3.31077517051482,4.20169880238291,-0.00395888120820888
4.54273826873891,2.15941721773196,0.0176094098592171,4.47891181956023,2.3102211632155,0.0125770841994346,4.41118202378594,2.46050698215401,0.00655078591037439,4.33954888141604,2.61027467454747,-0.000469485007963506,4.26401239245054,2.75952424039589,-0.00848372855557907,4.18457255688944,2.90825567969927,-0.0174919447324723,4.10122937473273,3.05646899245761,-0.0274941335386432,4.01398284598041,3.20416417867091,-0.0384902949740918,3.92283297063249,3.35134123833916,-0.0504804290388181,3.82777974868897,3.49800017146237,-0.0634645357328221,3.72882318014984,3.64414097804054,-0.0774426150561037,3.62596326501511,3.78976365807367,-0.092414667008663,3.51920000328477,3.93486821156176,-0.1083806915905,3.40853339495882,4.07945463850481,-0.125340688801615,3.29396344003727,4.22352293890281,-0.143294658642007
4.48579695778926,2.29144155015575,-0.00117826019238315,4.42008013976592,2.43623685575913,-0.0112261483604388,4.35070840432866,2.5798364298443,-0.0227643287431538,4.27768175147749,2.72224027241127,-0.0357928013405281,4.20100018121241,2.86344838346004,-0.0503115661525616,4.12066369353341,3.00346076299061,-0.0663206231792545,4.0366722884405,3.14227741100297,-0.0838199724206067,3.94902596593367,3.27989832749713,-0.102809613876618,3.85772472601293,3.41632351247308,-0.123289547547289,3.76276856867827,3.55155296593083,-0.145259773432619,3.6641574939297,3.68558668787038,-0.168720291532608,3.56189150176721,3.81842467829173,-0.193671101847257,3.45597059219081,3.95006693719487,-0.220112204376565,3.3463947652005,4.08051346457981,-0.248043599120532,3.23316402079627,4.20976426044654,-0.277465286079159
4.40575761130572,2.42616183261369,-0.0319614054815491,4.33224038852838,2.56684530979485,-0.0495011620613683,4.25455431997352,2.70597153827368,-0.0692752440613448,4.17269940564114,2.8435405180502,-0.0912836514814786,4.08667564553126,2.97955224912439,-0.11552638432177,3.99648303964385,3.11400673149626,-0.142003442582218,3.90212158797894,3.24690396516582,-0.170714826262824,3.8035912905365,3.37824395013305,-0.201660535363587,3.70089214731656,3.50802668639796,-0.234840569884508,3.5940241583191,3.63625217396056,-0.270254929825586,3.48298732354412,3.76292041282083,-0.307903615186821,3.36778164299163,3.88803140297878,-0.347786625968214,3.24840711666162,4.01158514443441,-0.389903962169764,3.1248637445541,4.13358163718772,-0.434255623791471,2.99715152666907,4.25402088123871,-0.480841610833335
4.34196763526385,2.53126233619065,-0.0328450001220294,4.26708772310244,2.66012344118769,-0.0478140435959461,4.188389326058,2.7861456519357,-0.0644174824219923,4.10587244413053,2.90932896843467,-0.0826553166001679,4.01953707732003,3.0296733906846,-0.102527546130473,3.9293832256265,3.14717891868548,-0.124034171012907,3.83541088904993,3.26184555243733,-0.147175191247471,3.73762006759034,3.37367329194013,-0.171950606834165,3.63601076124772,3.4826621371939,-0.198360417772988,3.53058297002206,3.58881208819862,-0.22640462406394,3.42133669391338,3.69212314495431,-0.256083225707022,3.30827193292166,3.79259530746095,-0.287396222702233,3.19138868704691,3.89022857571856,-0.320343615049573,3.07068695628913,3.98502294972712,-0.354925402749043,2.94616674064833,4.07697842948664,-0.391141585800643
4.21255249903819,2.64617652923837,-0.0364311230647834,4.11811311022138,2.76817311746422,-0.0497490072515849,4.01787651050452,2.88682476937363,-0.0642882751747906,3.91184269988761,3.0021314849666,-0.0800489268344007,3.80001167837065,3.11409326424315,-0.0970309622304151,3.68238344595363,3.22271010720326,-0.115234381362834,3.55895800263656,3.32798201384693,-0.134659184231657,3.42973534841943,3.42990898417417,-0.155305370836884,3.29471548330226,3.52849101818498,-0.177172941178516,3.15389840728503,3.62372811587935,-0.200261895256552,3.00728412036775,3.71562027725729,-0.224572233070992,2.85487262255041,3.8041675023188,-0.250103954621837,2.69666391383302,3.88936979106387,-0.276857059909086,2.53265799421558,3.97122714349251,-0.30483154893274,2.36285486369809,4.04973955960471,-0.334027421692797
4.09350775723053,2.8034190941589,-0.0365752472522388,3.98615499681074,2.9322643016895,-0.0473045071153254,3.87210596480153,3.05905243380597,-0.0587737916483172,3.7513606612029,3.18378349050833,-0.0709831008512142,3.62391908601485,3.30645747179656,-0.0839324347240163,3.48978123923738,3.42707437767067,-0.0976217932667235,3.34894712087049,3.54563420813066,-0.112051176479336,3.20141673091418,3.66213696317653,-0.127220584361854,3.04719006936846,3.77658264280828,-0.143130016914276,2.88626713623331,3.8889712470259,-0.159779474136604,2.71864793150875,3.99930277582941,-0.177168956028837,2.54433245519476,4.10757722921879,-0.195298462590975,2.36332070729136,4.21379460719405,-0.214167993823019,2.17561268779854,4.31795490975519,-0.233777549724967,1.9812083967163,4.42005813690221,-0.254127130296821
4.01142542069282,2.92293517076983,-0.0299850332710706,3.90469879320223,3.04702007674654,-0.0364357951971989,3.79220378111473,3.16870535748597,-0.0429906401654919,3.67394038443033,3.28799101298814,-0.0496495681759495,3.54990860314902,3.40487704325302,-0.0564125792285717,3.4201084372708,3.51936344828064,-0.0632796733233586,3.28453988679568,3.63145022807097,-0.07025085046031,3.14320295172365,3.74113738262404,-0.0773261106394261,2.99609763205472,3.84842491193982,-0.0845054538607067,2.84322392778888,3.95331281601834,-0.091788880124152,2.68458183892614,4.05580109485957,-0.0991763894297619,2.52017136546649,4.15588974846353,-0.106667981777536,2.34999250740994,4.25357877683022,-0.114263657167476,2.17404526475648,4.34886817995963,-0.121963415599579,1.99232963750612,4.44175795785177,-0.129767257073848
3.90988195934556,3.06779215570851,-0.00493453014048319,3.79889053103817,3.19550320528168,-0.00235117851566937,3.68232150129151,3.32157921302185,0.00128759579195171,3.56017487010556,3.44602017892902,0.00598179278238003,3.43245063748034,3.56882610300319,0.0117314124556156,3.29914880341583,3.68999698524436,0.0185364548116584,3.16026936791204,3.80953282565252,0.0263969198505085,3.01581233096896,3.92743362422769,0.0353128075721658,2.86577769258661,4.04369938096985,0.0452841179766304,2.71016545276497,4.15833009587901,0.0563108510639022,2.54897561150406,4.27132576895516,0.0683930068339813,2.38220816880386,4.38268640019832,0.0815305852868676,2.20986312466438,4.49241198960847,0.0957235864225612,2.03194047908562,4.60050253718562,0.110972010241062,1.84844023206757,4.70695804292977,0.12727585674237
3.82580520299081,3.17474758316472,-1.56070377393155e-06,3.71704607033252,3.29480088057708,0.0043190080295875,3.60370056024197,3.41245474003231,0.00978153208440579,3.48576867271915,3.52770916153041,0.0163860114606809,3.36325040776405,3.64056414507138,0.0241324461584129,3.23614576537669,3.75101969065522,0.0330208361776018,3.10445474555705,3.85907579828193,0.0430511815182475,2.96817734830514,3.96473246795151,0.0542234821803501,2.82731357362096,4.06798969966396,0.0665377381639095,2.68186342150451,4.16884749341928,0.0799939494689258,2.53182689195579,4.26730584921747,0.094592116095399,2.3772039849748,4.36336476705853,0.110332238043329,2.21799470056153,4.45702424694246,0.127214315312716,2.05419903871599,4.54828428886926,0.14523834790356,1.88581699943819,4.63714489283893,0.16440433581586
3.7372472047971,3.27576411823606,-0.0128232891294187,3.62976162123996,3.38789581115415,-0.0123333868915548,3.5184332382495,3.49692734716921,-0.0113325154306233,3.40326205582572,3.60285872628125,-0.00982067474662415,3.28424807396861,3.70568994849025,-0.00779786483955742,3.16139129267817,3.80542101379623,-0.00526408570942309,3.03469171195441,3.90205192219919,-0.00221933735622115,2.90414933179733,3.99558267369911,0.00133638022004839,2.76976415220692,4.08601326829601,0.00540306701938553,2.63153617318318,4.17334370598988,0.00998072304179027,2.48946539472612,4.25757398678072,0.0150693482872626,2.34355181683574,4.33870411066854,0.0206689427558026,2.19379543951203,4.41673407765332,0.0267795064474101,2.040196262755,4.49166388773508,0.0334010393620852,1.88275428656464,4.56349354091381,0.040533541499828
3.63013609252769,3.41035346033959,0.0109309659756219,3.51891627006724,3.52589554703902,0.0186762543267634,3.40386741967902,3.63916337631145,0.0277880786027453,3.28498954136302,3.75015694815688,0.0382664388035677,3.16228263511925,3.85887626257531,0.0501113349292305,3.03574670094769,3.96532131956674,0.0633227669797339,2.90538173884836,4.06949211913118,0.0779007349550777,2.77118774882125,4.17138866126862,0.0938452388552619,2.63316473086636,4.27101094597906,0.111156278680287,2.49131268498369,4.3683589732625,0.129833854430152,2.34563161117324,4.46343274311894,0.149877966104857,2.19612150943501,4.55623225554838,0.171288613704403,2.04278237976901,4.64675751055083,0.19406579722879,1.88561422217523,4.73500850812627,0.218209516678017,1.72461703665366,4.82098524827472,0.243719772052085
3.55043371686703,3.52284980771695,0.0205078841319806,3.44451619866269,3.63523521597121,0.0301503738611504,3.33592782615564,3.7452344448216,0.0412267065322794,3.22466859934589,3.85284749426813,0.0537368821453676,3.11073851823342,3.95807436431079,0.0676809007004151,2.99413758281824,4.06091505494958,0.0830587621974218,2.87486579310035,4.16136956618451,0.0998704666363877,2.75292314907976,4.25943789801557,0.118116014017313,2.62830965075645,4.35512005044276,0.137795404340197,2.50102529813044,4.44841602346609,0.158908637605041,2.37107009120172,4.53932581708556,0.181455713811843,2.23844402997028,4.62784943130116,0.205436632960606,2.10314711443614,4.71398686611289,0.230851395051327,1.96517934459929,4.79773812152076,0.257700000084007,1.82454072045973,4.87910319752476,0.285982448058647
3.45968718134091,3.63507551546834,-0.00673332557171454,3.35549207034102,3.74502849773822,-0.00633789211436062,3.24918333230745,3.85258943483555,-0.00586334688457984,3.14076096724019,3.95775832676033,-0.00530968988237221,3.03022497513926,4.06053517351256,-0.00467692110773772,2.91757535600464,4.16091997509224,-0.00396504056067637,2.80281210983634,4.25891273149938,-0.00317404824118817,2.68593523663436,4.35451344273396,-0.0023039441492731,2.5669447363987,4.447722108796,-0.00135472828493119,2.44584060912935,4.53853872968549,-0.00032640064816241,2.32262285482633,4.62696330540243,0.000781038761033224,2.19729147348962,4.71299583594682,0.00196758994265571,2.06984646511923,4.79663632131867,0.00323325289670506,1.94028782971516,4.87788476151796,0.00457802762318127,1.80861556727741,4.95674115654471,0.00600191412208433
3.32133981290613,3.78438115363334,0.018566925703588,3.20514405422265,3.90333461792175,0.026251373485716,3.08558044723151,4.02134123984171,0.0349295476127114,2.96264899193273,4.13840101939321,0.0446014480845742,2.83634968832628,4.25451395657625,0.0552670749013044,2.70668253641218,4.36968005139084,0.066926428062902,2.57364753619043,4.48389930383697,0.079579507569367,2.43724468766102,4.59717171391464,0.0932263134206994,2.29747399082396,4.70949728162386,0.107866845616899,2.15433544567925,4.82087600696463,0.123501104157966,2.00782905222688,4.93130788993694,0.140129089043901,1.85795481046685,5.04079293054079,0.157750800274703,1.70471272039917,5.14933112877619,0.176366237850372,1.54810278202384,5.25692248464313,0.195975401770909,1.38812499534085,5.36356699814162,0.216578292036313
3.19264173709602,3.85546652281028,0.0131464763687488,3.06945918420904,3.95961714951026,0.0180312805822729,2.94244960580878,4.0610628646831,0.0234285027577989,2.81161300189523,4.15980366832881,0.029338142895327,2.67694937246839,4.25583956044739,0.0357602009948571,2.53845871752827,4.34917054103884,0.0426946770563893,2.39614103707485,4.43979661010316,0.0501415710799235,2.24999633110815,4.52771776764036,0.0581008830654597,2.10002459962816,4.61293401365042,0.0665726130129979,1.94622584263488,4.69544534813335,0.0755567609225382,1.78860006012831,4.77525177108915,0.0850533267940805,1.62714725210845,4.85235328251781,0.0950623106276248,1.4618674185753,4.92674988241935,0.105583712423171,1.29276055952887,4.99844157079376,0.11661753218072,1.11982667496915,5.06742834764104,0.12816376990027
3.09227105553678,3.94699453023257,0.0282631213660094,2.97186455998768,4.04478652495031,0.0366220335951182,2.84846901656605,4.1394099253255,0.0458692230779667,2.72208442527187,4.23086473135813,0.0560046898145549,2.59271078610515,4.3191509430482,0.0670284338048828,2.46034809906589,4.40426856039572,0.0789404550489503,2.32499636415409,4.48621758340068,0.0917407535467576,2.18665558136974,4.56499801206309,0.105429329298305,2.04532575071286,4.64060984638294,0.120006182303591,1.90100687218343,4.71305308636024,0.135471312562618,1.75369894578146,4.78232773199498,0.151824720075384,1.60340197150695,4.84843378328716,0.16906640484189,1.4501159493599,4.91137124023679,0.187196366862135,1.29384087934031,4.97114010284386,0.20621460613612,1.13457676144818,5.02774037110838,0.226121122663845
2.92428044152021,4.0230365181655,0.0210052167019869,2.78711072990982,4.11136394708615,0.0257318083596164,2.64520365689614,4.19572365303939,0.0307728914541909,2.49855922247919,4.27611563602523,0.0361284659857102,2.34717742665896,4.35253989604366,0.0417985319541744,2.19105826943544,4.4249964330947,0.0477830893595835,2.03020175080865,4.49348524717832,0.0540821382019374,1.86460787077858,4.55800633829455,0.0606956784812362,1.69427662934523,4.61855970644337,0.0676237101974799,1.5192080265086,4.67514535162478,0.0748662333506685,1.33940206226869,4.72776327383879,0.0824232479408019,1.1548587366255,4.7764134730854,0.0902947539678802,0.965578049579029,4.82109594936461,0.0984807514319034,0.77156000112928,4.86181070267641,0.106981240332871,0.572804591276252,4.8985577330208,0.115796220670784
2.79376592560659,4.11991776265525,0.0193205564963195,2.653785427231,4.20675366388286,0.0225056828615988,2.50931212622938,4.28993616959062,0.0257697061016537,2.36034602260174,4.36946527977854,0.029112626216484,2.20688711634806,4.44534099444663,0.0325344432060898,2.04893540746836,4.51756331359487,0.0360351570704712,1.88649089596262,4.58613223722327,0.039614767809628,1.71955358183086,4.65104776533184,0.0432732754235603,1.54812346507307,4.71230989792056,0.047010679912268,1.37220054568925,4.76991863498945,0.0508269812757513,1.1917848236794,4.8238739765385,0.0547221795140101,1.00687629904352,4.8741759225677,0.0586962746270444,0.817474971781611,4.92082447307707,0.0627492666148541,0.623580841893674,4.9638196280666,0.0668811554774394,0.425193909379708,5.00316138753628,0.0710919412148001
2.64666555683016,4.16665906709564,0.0446794488713454,2.50013109278934,4.23823440914492,0.0543626545355527,2.34884216981515,4.30468287321628,0.0649396463080799,2.19279878790759,4.36600445930969,0.0764104241889271,2.03200094706667,4.42219916742518,0.0887749881780942,1.86644864729238,4.47326699756274,0.102033338275581,1.69614188858473,4.51920794972236,0.116185474481388,1.5210806709437,4.56002202390405,0.131231396795515,1.34126499436932,4.59570922010781,0.147171105217962,1.15669485886156,4.62626953833364,0.164004599748729,0.967370264420441,4.65170297858153,0.181731880387815,0.773291211045953,4.67200954085149,0.200352947135222,0.574457698738099,4.68718922514352,0.219867799990949,0.370869727496879,4.69724203145762,0.240276438954995,0.162527297322292,4.70216795979379,0.261578864027362
2.49611361475364,4.27309030266735,0.0662404036421895,2.34366163888029,4.34962948724893,0.0802559831086065,2.18630755711034,4.42232278824348,0.0956018696972797,2.02405136944379,4.49117020565099,0.112278063408209,1.85689307588064,4.55617173947146,0.130284564241395,1.6848326764209,4.6173273897049,0.149621372196837,1.50787017106456,4.6746371563513,0.170288487274535,1.32600555981163,4.72810103941066,0.192285909474489,1.13923884266209,4.77771903888298,0.2156136387967,0.947570019615963,4.82349115476827,0.240271675241166,0.750999090673236,4.86541738706653,0.266260018807889,0.549526055833912,4.90349773577774,0.293578669496869,0.343150915097991,4.93773220090192,0.322227627308104,0.131873668465474,4.96812078243906,0.352206892241596,-0.0843056840636411,4.99466348038916,0.383516464297343
2.39039223766364,4.37570106886607,0.0431890056383835,2.24656651079155,4.45594200712716,0.0478041239667786,2.09955606524201,4.53329521346668,0.0523873080805519,1.94936090101502,4.60776068788462,0.0569385579797035,1.79598101811058,4.67933843038098,0.0614578736642333,1.63941641652869,4.74802844095576,0.0659452551341414,1.47966709626934,4.81383071960897,0.0704007023894277,1.31673305733255,4.8767452663406,0.0748242154300923,1.15061429971831,4.93677208115065,0.0792157942561351,0.981310823426611,4.99391116403913,0.0835754388675562,0.808822628457465,5.04816251500603,0.0879031492643555,0.633149714810868,5.09952613405135,0.0921989254465331,0.454292082486821,5.14800202117509,0.0964627674140889,0.272249731485323,5.19359017637726,0.100694675167023,0.0870226618063751,5.23629059965785,0.104894648705335
2.24209290104165,4.44361856419011,0.0134757179079612,2.09378738063826,4.51740423067862,0.00812109833639213,1.94213273697015,4.58784928029064,0.00147298000934968,1.7871289700373,4.65495371302616,-0.0064686370731662,1.62877607983972,4.71871752888517,-0.0157037529111555,1.46707406637741,4.77914072786768,-0.0262323675046182,1.30202292965037,4.83622330997369,-0.0380544808535543,1.1336226696586,4.88996527520319,-0.0511700929579638,0.961873286402096,4.94036662355619,-0.0655792038178468,0.786774779880864,4.9874273550327,-0.0812818134332031,0.6083271500949,5.03114746963269,-0.0982779218040329,0.426530397044205,5.07152696735619,-0.116567528930336,0.24138452072878,5.10856584820319,-0.136150634812113,0.0528895211486237,5.14226411217368,-0.157027239449363,-0.138954601696263,5.17262175926767,-0.179197342842086
2.11486803304066,4.50461669230109,-0.000469854755210134,1.96931595987914,4.57135991840855,-0.00960494056122979,1.82118945465244,4.6342925994202,-0.0203492333668899,1.67048851736057,4.69341473533606,-0.0327027331721905,1.51721314800352,4.74872632615612,-0.0466654399771315,1.3613633465813,4.80022737188038,-0.062237353781713,1.2029391130939,4.84791787250885,-0.079418474585935,1.04194044754133,4.89179782804151,-0.0982088023897975,0.878367349923575,4.93186723847838,-0.1186083371933,0.712219820240649,4.96812610381945,-0.140617078996444,0.543497858492548,5.00057442406473,-0.164235027799227,0.37220146467927,5.0292121992142,-0.189462183601652,0.198330638800817,5.05403942926788,-0.216298546403717,0.0218853808571884,5.07505611422576,-0.244744116205422,-0.157134309151616,5.09226225408784,-0.274798893006767
2.00367939534075,4.60311888327057,-0.0181150299776225,1.86550049432016,4.67524522051011,-0.0313228425139406,1.7260099573057,4.74472809899192,-0.0464525929319277,1.58520778429737,4.81156751871601,-0.0635042812315839,1.44309397529516,4.87576347968236,-0.0824779074129092,1.29966853029907,4.93731598189098,-0.103373471475903,1.15493144930911,4.99622502534188,-0.126190973420567,1.00888273232528,5.05249061003504,-0.150930413246899,0.861522379347572,5.10611273597048,-0.177591790954901,0.71285039037599,5.15709140314819,-0.206175106544571,0.562866765410533,5.20542661156817,-0.236680360015911,0.411571504451202,5.25111836123042,-0.26910755136892,0.258964607497996,5.29416665213494,-0.303456680603597,0.105046074550916,5.33457148428173,-0.339727747719944,-0.0501840943900392,5.37233285767079,-0.37792075271796
1.86988330299507,4.69349437309086,-0.0273600310308599,1.73166149775,4.7682600009147,-0.0413426301133421,1.59228911567269,4.84105278862587,-0.057101541944729,1.45176615676313,4.91187273622437,-0.0746367665250208,1.31009262102132,4.98071984371021,-0.0939483038542175,1.16726850844727,5.04759411108337,-0.115036153932319,1.02329381904098,5.11249553834386,-0.137900316759325,0.878168552802446,5.17542412549168,-0.162540792335236,0.731892709731666,5.23637987252682,-0.188957580660052,0.584466289828641,5.2953627794493,-0.217150681733773,0.435889293093373,5.35237284625911,-0.247120095556398,0.286161719525859,5.40741007295625,-0.278865822127929,0.135283569126102,5.46047445954072,-0.312387861448364,-0.0167451581058986,5.51156600601251,-0.347686213517704,-0.169924462170144,5.56068471237164,-0.384760878335949
1.71829731981367,4.74146319136285,-0.0194589076833044,1.57505630798697,4.80649890377058,-0.0288829727307517,1.43017361374953,4.86857704937914,-0.0392791695131207,1.28364923710133,4.92769762818852,-0.0506474980304116,1.13548317804238,4.98386064019872,-0.0629879582826243,0.985675436572685,5.03706608540975,-0.0763005502697587,0.834226012692234,5.08731396382161,-0.090585273991815,0.681134906401033,5.13460427543429,-0.105842129448793,0.526402117699081,5.17893702024779,-0.122071116640693,0.370027646586377,5.22031219826212,-0.139272235567515,0.212011493062922,5.25872980947728,-0.157445486229258,0.0523536571287161,5.29418985389326,-0.176590868625923,-0.108945861216241,5.32669233151007,-0.19670838275751,-0.27188706197195,5.35623724232769,-0.217798028624019,-0.436469945138409,5.38282458634615,-0.23985980622545
1.56342858713299,4.76297029200535,-0.0754317775257037,1.41517993400469,4.81244790139383,-0.0993027872422335,1.26486230238838,4.85736835234436,-0.125856506539499,1.11247569228406,4.89773164485695,-0.155092935417499,0.958020103691724,4.9335377789316,-0.187012073876235,0.801495536611374,4.96478675456831,-0.221613921915707,0.64290199104301,4.99147857176707,-0.258898479535914,0.482239466986633,5.01361323052789,-0.298865746736856,0.319507964442243,5.03119073085077,-0.341515723518533,0.154707483409839,5.0442110727357,-0.386848409880946,-0.012161976110578,5.05267425618269,-0.434863805824095,-0.181100414119009,5.05658028119174,-0.485561911347979,-0.352107830615453,5.05592914776285,-0.538942726452598,-0.52518422559991,5.05072085589601,-0.595006251137952,-0.700329599072381,5.04095540559124,-0.653752485404043
1.36900241485575,4.83159690992321,-0.0571071208754051,1.20531744142821,4.88206056343369,-0.0714461542026726,1.03786654657751,4.92867075102453,-0.0869172802898787,0.866649730303649,4.97142747269574,-0.103520499137023,0.691666992606628,5.0103307284473,-0.121255810744106,0.512918333486446,5.04538051827923,-0.140123215111128,0.330403752943104,5.07657684219153,-0.160122712238088,0.1441232509766,5.10391970018418,-0.181254302124987,-0.0459231724130639,5.1274090922572,-0.203517984771824,-0.239735517225889,5.14704501841058,-0.2269137601786,-0.437313783461875,5.16282747864433,-0.251441628345314,-0.638657971121022,5.17475647295843,-0.277101589271967,-0.84376808020333,5.1828320013529,-0.303893642958558,-1.0526441107088,5.18705406382773,-0.331817789405088,-1.26528606263743,5.18742266038293,-0.360874028611557
1.20762416213614,4.87373890370865,0.00494920533916584,1.04084101137191,4.91794015681,0.0115928282946491,0.870376707530562,4.95798213612828,0.01991176740255,0.696231250612095,4.99386484166348,0.0299060226628685,0.518404640616511,5.02558827341562,0.0415755940756046,0.336896877543811,5.05315243138469,0.0549204816407583,0.151707961393992,5.07655731557068,0.0699406853583296,-0.0371621078329428,5.09580292597361,0.0866362052283184,-0.229713330136995,5.11088926259347,0.105007041250725,-0.425945705518165,5.12181632543025,0.125053193425549,-0.625859233976452,5.12858411448397,0.146774661752791,-0.829453915511856,5.13119262975462,0.17017144623245,-1.03672975012438,5.12964187124219,0.195243546864527,-1.24768673781402,5.1239318389467,0.221990963649021,-1.46232487858077,5.11406253286814,0.250413696585933
1.06942768658631,4.91350197985087,0.0316073159080049,0.907238596119833,4.95225920460931,0.0457200087262265,0.742418871056512,4.98669405907627,0.0622435208273771,0.574968511396351,5.01680654325177,0.0811778522114566,0.40488751713935,5.04259665713579,0.102523002878465,0.232175888285508,5.06406440072834,0.126278972828402,0.0568336248348256,5.08120977402942,0.152445762061269,-0.121139273212697,5.09403277703902,0.181023370577064,-0.301742805857059,5.10253340975715,0.212011798375788,-0.484976973098262,5.10671167218381,0.245411045457441,-0.670841774936305,5.10656756431899,0.281221111822023,-0.859337211371189,5.10210108616271,0.319441997469533,-1.05046328240291,5.09331223771495,0.360073702399973,-1.24421998803148,5.08020101897572,0.403116226613342,-1.44060732825688,5.06276742994501,0.448569570109639
0.897321385766838,4.9321021390529,0.0186185223111696,0.72963084468964,4.96070196284769,0.0272967454216815,0.558945225526749,4.98423867263026,0.0373898464252902,0.385264528278163,5.00271226840059,0.0488978253219955,0.208588752943884,5.01612275015869,0.0618206821117975,0.0289178995239112,5.02447011790456,0.0761584167946962,-0.153748031981756,5.0277543716382,0.0919110293706916,-0.339409041573116,5.0259755113596,0.109078519839784,-0.528065129250171,5.01913353706878,0.127660888201972,-0.719716295012919,5.00722844876572,0.147658134457258,-0.914362538861361,4.99026024645043,0.16907025860564,-1.1120038607955,4.96822893012291,0.191897260647119,-1.31264026081533,4.94113449978316,0.216139140581694,-1.51627173892085,4.90897695543118,0.241795898409367,-1.72289829511207,4.87175629706696,0.268867534130136
0.765069138211199,4.96291580282908,0.0631844237554901,0.604642132664958,4.98709337103685,0.0836662254848039,0.44252235654298,5.00628918074212,0.106881726877811,0.278709809845264,5.0205032319449,0.132830927934512,0.113204492571812,5.02973552464518,0.161513828654906,-0.0539935952773775,5.03398605884297,0.192930429038994,-0.222884453702304,5.03325483453826,0.227080729086775,-0.393468082702968,5.02754185173105,0.26396472879825,-0.565744482279368,5.01684711042135,0.303582428173419,-0.739713652431506,5.00117061060915,0.34593382721228,-0.91537559315938,4.98051235229445,0.391018925914836,-1.09273030446299,4.95487233547726,0.438837724281085,-1.27177778634234,4.92425056015757,0.489390222311027,-1.45251803879743,4.88864702633539,0.542676420004663,-1.63495106182825,4.84806173401071,0.598696317361992
0.617088340690705,4.95964427331839,0.0553510005005919,0.458571469436336,4.9708941698928,0.0703698638724406,0.298819208033547,4.97615359269834,0.0870818826975669,0.137831556482335,4.97542254173502,0.105487056975971,-0.0243914852172967,4.96870101700285,0.125585386707653,-0.18784991706535,4.95598901850181,0.147376871892612,-0.352543739061825,4.93728654623192,0.170861512530849,-0.518472951206721,4.91259360019317,0.196039308622364,-0.685637553500038,4.88191018038556,0.222910260167157,-0.854037545941776,4.84523628680908,0.251474367165227,-1.02367292853194,4.80257191946375,0.281731629616575,-1.19454370127052,4.75391707834957,0.3136820475212,-1.36664986415752,4.69927176346652,0.347325620879104,-1.53999141719294,4.63863597481461,0.382662349690285,-1.71456836037679,4.57200971239384,0.419692233954744
0.485944860486047,4.95080304036011,0.0470032574365093,0.334116593050965,4.95024652355729,0.0569511582132768,0.182058867910913,4.94296121309729,0.0677335255266082,0.0297716850658918,4.92894710898013,0.0793503593765034,-0.1227449554841,4.90820421120579,0.0918016597629626,-0.275491053739062,4.88073251977429,0.105087426685986,-0.428466609698993,4.84653203468561,0.119207660145573,-0.581671623363895,4.80560275593976,0.134162360141723,-0.735106094733767,4.75794468353675,0.149951526674438,-0.888770023808609,4.70355781747656,0.166575159743717,-1.04266341058842,4.64244215775921,0.184033259349559,-1.1967862550732,4.57459770438469,0.202325825491966,-1.35113855726295,4.50002445735299,0.221452858170936,-1.50572031715768,4.41872241666413,0.24141435738647,-1.66053153475737,4.3306915823181,0.262210323138568
0.292115881060134,4.98380744854356,0.0158159481780986,0.127899880217409,4.98623728241037,0.0146905834319294,-0.038089042709235,4.98317163724221,0.0128880267670161,-0.205850887719799,4.97461051303908,0.0104082781833585,-0.375385654814282,4.96055390980097,0.00725133768095674,-0.546693343992684,4.94100182752789,0.00341720525981076,-0.719773955255007,4.91595426621983,-0.00109411908007942,-0.894627488601248,4.8854112258768,-0.0062826353387138,-1.07125394403141,4.84937270649879,-0.0121483435160924,-1.24965332154549,4.80783870808581,-0.0186912436122152,-1.42982562114349,4.76080923063785,-0.0259113356270822,-1.61177084282541,4.70828427415492,-0.0338086195606934,-1.79548898659125,4.65026383863702,-0.0423830954130488,-1.98098005244101,4.58674792408414,-0.0516347631841484,-2.16824404037468,4.51773653049628,-0.0615636228739923
0.106599702731806,4.97667880578349,0.0318042552335951,-0.0655551475839786,4.97084619433667,0.0349557257246508,-0.24026566990352,4.95916684402061,0.0380589063443723,-0.41753186422682,4.9416407548353,0.0411137970927595,-0.597353730553877,4.91826792678075,0.0441203979698125,-0.779731268884692,4.88904835985696,0.0470787089755311,-0.964664479219264,4.85398205406393,0.0499887301099155,-1.15215336155759,4.81306900940166,0.0528504613729657,-1.34219791589968,4.76630922587014,0.0556639027646815,-1.53479814224553,4.71370270346938,0.0584290542850632,-1.72995404059513,4.65524944219938,0.0611459159341105,-1.92766561094849,4.59094944206013,0.0638144877118235,-2.12793285330561,4.52080270305164,0.0664347696182024,-2.33075576766649,4.44480922517392,0.0690067616532469,-2.53613435403112,4.36296900842694,0.0715304638169571
-0.0350153005080233,4.96646372691931,0.0259667650092664,-0.200885218526375,4.95351575007072,0.026467842070119,-0.368188514597784,4.93455998519442,0.0265902983248138,-0.536925188722249,4.90959643229039,0.0263341337733509,-0.70709524089977,4.87862509135864,0.0256993484157302,-0.878698671130348,4.84164596239918,0.0246859422519518,-1.05173547941398,4.79865904541199,0.0232939152820156,-1.22620566575067,4.74966434039708,0.0215232675059217,-1.40210923014042,4.69466184735445,0.01937399892367,-1.57944617258322,4.63365156628409,0.0168461095352605,-1.75821649307908,4.56663349718602,0.0139395993406933,-1.938420191628,4.49360764006022,0.0106544683399683,-2.12005726822997,4.41457399490671,0.00699071653308563,-2.303127722885,4.32953256172547,0.00294834392004515,-2.48763155559309,4.23848334051652,-0.0014726494991531
-0.177956041065667,5.00466940200123,0.0210816683490905,-0.338621852443609,5.00052147671208,0.0196449476254164,-0.499878428661873,4.99224558412014,0.0176316722119463,-0.661725769720458,4.97984172422541,0.0150418421086803,-0.824163875619364,4.9633098970279,0.0118754573156185,-0.987192746358592,4.9426501025276,0.00813251783276073,-1.15081238193814,4.91786234072451,0.00381302366010709,-1.31502278235801,4.88894661161863,-0.00108302520234245,-1.4798239476182,4.85590291520996,-0.00655562875458787,-1.64521587771871,4.8187312514985,-0.0126047869966292,-1.81119857265955,4.77743162048426,-0.0192304999284664,-1.9777720324407,4.73200402216723,-0.0264327675500995,-2.14493625706218,4.68244845654741,-0.0342115898615285,-2.31269124652397,4.6287649236248,-0.0425669668627534,-2.48103700082609,4.5709534233994,-0.0514988985537742
-0.317269941777076,4.98771196207495,-0.00340631018316362,-0.472345616849215,4.97572800115422,-0.0120924097777499,-0.627227405656045,4.95914534223218,-0.0222021636593601,-0.781915308197565,4.93796398530885,-0.0337355718279942,-0.936409324473777,4.91218393038421,-0.0466926342836523,-1.09070945448468,4.88180517745828,-0.0610733510263342,-1.24481569823027,4.84682772653105,-0.07687772205604,-1.39872805571056,4.80725157760252,-0.0941057473727698,-1.55244652692553,4.76307673067269,-0.112757426976523,-1.7059711118752,4.71430318574156,-0.132832760867301,-1.85930181055956,4.66093094280913,-0.154331749045102,-2.01243862297861,4.6029600018754,-0.177254391509928,-2.16538154913235,4.54039036294037,-0.201600688261777,-2.31813058902078,4.47322202600404,-0.22737063930065,-2.4706857426439,4.40145499106641,-0.254564244626547
-0.490720350864067,4.96913579304898,-0.0290801326263359,-0.650921214843396,4.95064483709058,-0.0441074529210539,-0.81160343692245,4.92731292920913,-0.0611827012538596,-0.972767017101228,4.89914006940464,-0.080305877624753,-1.13441195537973,4.86612625767709,-0.101476982033734,-1.29653825175796,4.8282714940265,-0.124696014480803,-1.45914590623591,4.78557577845286,-0.149962974965959,-1.62223491881358,4.73803911095618,-0.177277863489203,-1.78580528949098,4.68566149153644,-0.206640680050535,-1.9498570182681,4.62844292019366,-0.238051424649954,-2.11439010514495,4.56638339692783,-0.271510097287461,-2.27940455012152,4.49948292173895,-0.307016697963056,-2.44490035319781,4.42774149462702,-0.344571226676738,-2.61087751437383,4.35115911559204,-0.384173683428508,-2.77733603364957,4.26973578463402,-0.425824068218366
-0.624168137745885,4.93010393946972,-0.0306296088188628,-0.777105941151522,4.90082590021341,-0.0438033221184476,-0.929541966442327,4.86595206127366,-0.0585296725188303,-1.0814762136183,4.82548242265047,-0.074808660020011,-1.23290868267944,4.77941698434385,-0.0926402846219895,-1.38383937362575,4.72775574635379,-0.112024546324766,-1.53426828645722,4.67049870868029,-0.13296144512834,-1.68419542117386,4.60764587132335,-0.155450981032713,-1.83362077777567,4.53919723428298,-0.179493154037883,-1.98254435626265,4.46515279755917,-0.205087964143851,-2.1309661566348,4.38551256115193,-0.232235411350617,-2.27888617889211,4.30027652506125,-0.260935495658181,-2.42630442303459,4.20944468928713,-0.291188217066543,-2.57322088906223,4.11301705382958,-0.322993575575702,-2.71963557697505,4.01099361868858,-0.35635157118566
-0.760014629357739,4.89704974442921,-0.0220073801601905,-0.907503101252368,4.86108279264943,-0.0304242917088611,-1.05386171443814,4.81938127300993,-0.0395928715188596,-1.19909046891505,4.7719451855107,-0.0495131195901861,-1.34318936468311,4.71877453015174,-0.0601850359228404,-1.48615840174231,4.65986930693304,-0.0716086205168227,-1.62799758009264,4.59522951585462,-0.0837838733721329,-1.76870689973413,4.52485515691647,-0.096710794488771,-1.90828636066675,4.44874623011859,-0.110389383866737,-2.04673596289052,4.36690273546099,-0.124819641506031,-2.18405570640542,4.27932467294365,-0.140001567406653,-2.32024559121147,4.18601204256658,-0.155935161568603,-2.45530561730866,4.08696484432978,-0.17262042399188,-2.589235784697,3.98218307823325,-0.190057354676486,-2.72203609337647,3.87166674427699,-0.208245953622419
-0.94528615591368,4.87524970831033,-0.0537863290149515,-1.10258212044614,4.83764919467659,-0.0697176973946293,-1.26013669803457,4.79483472652596,-0.087259254593578,-1.41794988867899,4.74680630385844,-0.106411000611798,-1.57602169237939,4.69356392667404,-0.127172935449288,-1.73435210913577,4.63510759497275,-0.149545059106049,-1.89294113894813,4.57143730875457,-0.173527371582082,-2.05178878181648,4.50255306801951,-0.199119872877385,-2.2108950377408,4.42845487276755,-0.226322562991959,-2.3702599067211,4.34914272299871,-0.255135441925804,-2.52988338875739,4.26461661871298,-0.285558509678919,-2.68976548384965,4.17487655991037,-0.317591766251306,-2.8499061919979,4.07992254659086,-0.351235211642964,-3.01030551320213,3.97975457875447,-0.386488845853892,-3.17096344746234,3.87437265640119,-0.423352668884092
-1.06324735186998,4.89383578085537,-0.0436631028915527,-1.20941539159944,4.86728607575917,-0.0536624363162506,-1.35439654942302,4.83758719064928,-0.0643144904867888,-1.49819082534072,4.80473912552571,-0.0756192654031674,-1.64079821935255,4.76874188038845,-0.0875767610653864,-1.78221873145849,4.72959545523751,-0.100186977473446,-1.92245236165857,4.68729985007288,-0.113449914627345,-2.06149910995276,4.64185506489457,-0.127365572527086,-2.19935897634108,4.59326109970257,-0.141933951172666,-2.33603196082352,4.54151795449689,-0.157155050564087,-2.47151806340008,4.48662562927752,-0.173028870701348,-2.60581728407077,4.42858412404447,-0.18955541158445,-2.73892962283558,4.36739343879774,-0.206734673213392,-2.87085507969451,4.30305357353732,-0.224566655588174,-3.00159365464757,4.23556452826321,-0.243051358708796
-1.20060031444797,4.87065465339199,-0.00601991063884177,-1.34302970414821,4.84193089633563,-0.00288051678798307,-1.48394827081249,4.8101817495429,0.00135694911696854,-1.62335601444082,4.7754072130138,0.00669248707601305,-1.7612529350332,4.73760728674833,0.0131260970891505,-1.89763903258963,4.69678197074649,0.0206577791563808,-2.0325143071101,4.65293126500828,0.029287533277704,-2.16587875859461,4.6060551695337,0.0390153594531201,-2.29773238704317,4.55615368432274,0.0498412576826291,-2.42807519245578,4.50322680937542,0.061765227966231,-2.55690717483244,4.44727454469173,0.0747872703039258,-2.68422833417314,4.38829689027166,0.0889073846957135,-2.81003867047789,4.32629384611523,0.104125571141594,-2.93433818374669,4.26126541222242,0.120441829641568,-3.05712687397953,4.19321158859325,0.137856160195634
-1.3673062048465,4.79752293875827,-0.0309491885539261,-1.51525227663254,4.75291867939391,-0.0348369766568555,-1.66257965108896,4.70365710314632,-0.038658175123037,-1.80928832821575,4.64973821001549,-0.0424127839524705,-1.95537830801292,4.59116200000143,-0.0461008031451561,-2.10084959048047,4.52792847310414,-0.0497222327010938,-2.2457021756184,4.46003762932361,-0.0532770726202835,-2.3899360634267,4.38748946865985,-0.0567653229027252,-2.53355125390538,4.31028399111285,-0.060186983548419,-2.67654774705444,4.22842119668262,-0.0635420545573649,-2.81892554287387,4.14190108536915,-0.0668305359295628,-2.96068464136368,4.05072365717245,-0.0700524276650128,-3.10182504252386,3.95488891209251,-0.0732077297637149,-3.24234674635443,3.85439685012935,-0.076296442225669,-3.38224975285537,3.74924747128294,-0.0793185650508751
-1.5660190524695,4.74267822271424,-0.00212765480849761,-1.72804227530076,4.69045226284817,0.00351976525392438,-1.89131240514772,4.63319266437735,0.0104357944228493,-2.05582944201037,4.57089942730175,0.0186204326982772,-2.22159338588871,4.50357255162138,0.028073680080208,-2.38860423678275,4.43121203733625,0.0387955365686418,-2.55686199469249,4.35381788444635,0.0507860021635785,-2.72636665961792,4.27139009295169,0.0640450768650181,-2.89711823155905,4.18392866285225,0.0785727606729607,-3.06911671051587,4.09143359414805,0.0943690535874062,-3.24236209648839,3.99390488683909,0.111433955608355,-3.4168543894766,3.89134254092535,0.129767466735806,-3.59259358948051,3.78374655640685,0.14936958696976,-3.76957969650011,3.67111693328358,0.170240316310218,-3.94781271053541,3.55345367155554,0.192379654757178
-1.72497182480754,4.69816645257318,0.0376244395819397,-1.8873531277826,4.64313993981327,0.0544130106032763,-2.05086850323431,4.58336327357353,0.0737234873452126,-2.21551795116268,4.51883645385397,0.0955558698077486,-2.3813014715677,4.44955948065457,0.119910157990884,-2.54821906444938,4.37553235397535,0.14678635189462,-2.71627072980771,4.2967550738163,0.176184451518955,-2.8854564676427,4.21322764017741,0.20810445686389,-3.05577627795435,4.1249500530587,0.242546367929425,-3.22723016074265,4.03192231246016,0.279510184715559,-3.3998181160076,3.93414441838179,0.318995907222293,-3.57354014374921,3.83161637082359,0.361003535449627,-3.74839624396748,3.72433816978556,0.40553306939756,-3.9243864166624,3.6123098152677,0.452584509066094,-4.10151066183398,3.49553130727001,0.502157854455227
-1.94141654293473,4.65789107504195,0.0196853958664736,-2.12058207008352,4.60238453312535,0.0289430034513416,-2.30286842068894,4.54266992024977,0.039446327999287,-2.48827559475098,4.47874723641521,0.0511953695103097,-2.67680359226965,4.41061648162167,0.0641901279844097,-2.86845241324495,4.33827765586914,0.0784306034215872,-3.06322205767688,4.26173075915763,0.093916795821842,-3.26111252556543,4.18097579148714,0.110648705185174,-3.46212381691061,4.09601275285766,0.128626331511584,-3.66625593171242,4.00684164326921,0.147849674801071,-3.87350886997085,3.91346246272177,0.168318735053635,-4.08388263168591,3.81587521121535,0.190033512269276,-4.2973772168576,3.71407988874995,0.212994006447995,-4.51399262548591,3.60807649532557,0.237200217589792,-4.73372885757085,3.4978650309422,0.262652145694666
-2.08025434395256,4.60354138082994,-0.00960436725674742,-2.25086671818918,4.54416164953737,-0.0102596459304129,-2.42311793126464,4.48061635973736,-0.0110857668157141,-2.59700798317891,4.41290551142992,-0.012082729912651,-2.77253687393201,4.34102910461505,-0.0132505352212237,-2.94970460352394,4.26498713929275,-0.0145891827414322,-3.12851117195468,4.18477961546303,-0.0160986724732764,-3.30895657922426,4.10040653312587,-0.0177790044167563,-3.49104082533265,4.01186789228128,-0.019630178571872,-3.67476391027987,3.91916369292926,-0.0216521949386235,-3.86012583406592,3.82229393506981,-0.0238450535170107,-4.04712659669079,3.72125861870293,-0.0262087543070337,-4.23576619815448,3.61605774382862,-0.0287432973086924,-4.426044638457,3.50669131044688,-0.0314486825219869,-4.61796191759834,3.39315931855771,-0.0343249099469171
-2.18015600438783,4.55603244024863,-0.0166756939570571,-2.3319380444771,4.49592347933698,-0.0193591175039319,-2.48276040867055,4.43208519401761,-0.0224491635910396,-2.63262309696818,4.36451758429052,-0.0259458322183801,-2.78152610936999,4.29322065015571,-0.0298491233859535,-2.92946944587598,4.21819439161318,-0.0341590370937597,-3.07645310648615,4.13943880866293,-0.0388755733417988,-3.2224770912005,4.05695390130497,-0.0439987321300708,-3.36754140001903,3.97073966953929,-0.0495285134585756,-3.51164603294174,3.88079611336588,-0.0554649173273133,-3.65479098996863,3.78712323278476,-0.0618079437362838,-3.7969762710997,3.68972102779593,-0.0685575926854873,-3.93820187633495,3.58858949839937,-0.0757138641749235,-4.07846780567438,3.48372864459509,-0.0832767582045926,-4.21777405911799,3.3751384663831,-0.0912462747744946
-2.32065647997957,4.47168775923347,-0.0343033518592502,-2.46821308311561,4.40083377401453,-0.0417194201572905,-2.61439542945151,4.32535983731575,-0.0500912896307408,-2.75920351898727,4.24526594913713,-0.0594189602796013,-2.90263735172289,4.16055210947866,-0.0697024321038718,-3.04469692765836,4.07121831834036,-0.0809417051035525,-3.1853822467937,3.97726457572222,-0.0931367792786433,-3.32469330912889,3.87869088162423,-0.106287654629144,-3.46263011466394,3.77549723604641,-0.120394331155055,-3.59919266339886,3.66768363898874,-0.135456808856376,-3.73438095533363,3.55525009045124,-0.151475087733107,-3.86819499046825,3.43819659043389,-0.168449167785249,-4.00063476880274,3.3165231389367,-0.1863790490128,-4.13170029033709,3.19022973595968,-0.205264731415762,-4.26139155507129,3.05931638150281,-0.225106214994133
-2.45320203819594,4.38449646349989,-0.0294137964706436,-2.59503902215053,4.30429324013905,-0.0342234626109669,-2.73495011547864,4.21886969316176,-0.0395367163522252,-2.87293531818027,4.128225822568,-0.0453535576944184,-3.00899463025542,4.0323616283578,-0.0516739866375465,-3.14312805170409,3.93127711053113,-0.0584980031816095,-3.27533558252629,3.82497226908801,-0.0658256073266075,-3.405617222722,3.71344710402844,-0.0736567990725405,-3.53397297229124,3.59670161535241,-0.0819915784194084,-3.660402831234,3.47473580305992,-0.0908299453672112,-3.78490679955028,3.34754966715098,-0.100171899915949,-3.90748487724008,3.21514320762558,-0.110017442065622,-4.02813706430341,3.07751642448373,-0.120366571816229,-4.14686336074025,2.93466931772542,-0.131219289167772,-4.26366376655062,2.78660188735066,-0.142575594120249
-2.56642834929563,4.3111626442626,-0.0176916938036038,-2.69805729156452,4.22772763641986,-0.0182193695462915,-2.82670894305189,4.13932474546066,-0.0186431146964271,-2.95238330375772,4.04595397138499,-0.0189629292540106,-3.07508037368204,3.94761531419286,-0.0191788132190422,-3.19480015282482,3.84430877388426,-0.0192907665915217,-3.31154264118609,3.7360343504592,-0.0192987893714492,-3.42530783876583,3.62279204391768,-0.0192028815588247,-3.53609574556404,3.50458185425968,-0.0190030431536481,-3.64390636158073,3.38140378148523,-0.0186992741559195,-3.74873968681589,3.25325782559431,-0.0182915745656389,-3.85059572126953,3.12014398658693,-0.0177799443828063,-3.94947446494164,2.98206226446307,-0.0171643836074216,-4.04537591783223,2.83901265922276,-0.0164448922394849,-4.13830007994129,2.69099517086598,-0.0156214702789962
-2.63797154882185,4.21324842264384,-0.00391202856652776,-2.74922971919665,4.12065412254426,-0.00019411791375048,-2.85530253610083,4.02255984951378,0.00415349707349288,-2.95618999953441,3.9189656035524,0.00913081639520232,-3.05189210949736,3.80987138466012,0.0147378400513778,-3.1424088659897,3.69527719283694,0.0209745680420194,-3.22774026901143,3.57518302808286,0.0278410003671271,-3.30788631856254,3.44958889039787,0.0353371370267008,-3.38284701464304,3.31849477978199,0.0434629780207407,-3.45262235725292,3.18190069623521,0.0522185233492466,-3.51721234639219,3.03980663975752,0.0616037730122186,-3.57661698206084,2.89221261034894,0.0716187270096566,-3.63083626425888,2.73911860800945,0.0822633853415608,-3.6798701929863,2.58052463273907,0.093537748007931,-3.72371876824312,2.41643068453778,0.105441815008767
-2.7990249399703,4.12771966613142,-0.0403865133068997,-2.91951236160917,4.03167071023102,-0.0476736994899504,-3.03664433091577,3.93038142973649,-0.0558081927653372,-3.1504208478901,3.82385182464784,-0.0647899931330601,-3.26084191253217,3.71208189496507,-0.0746191005931192,-3.36790752484196,3.59507164068816,-0.0852955151455145,-3.47161768481949,3.47282106181714,-0.0968192367902459,-3.57197239246476,3.34533015835198,-0.109190265527313,-3.66897164777775,3.2125989302927,-0.122408601356717,-3.76261545075848,3.07462737763929,-0.136474244278457,-3.85290380140694,2.93141550039175,-0.151387194292533,-3.93983669972313,2.78296329855009,-0.167147451398945,-4.02341414570706,2.6292707721143,-0.183755015597694,-4.10363613935871,2.47033792108439,-0.201209886888778,-4.1805026806781,2.30616474546035,-0.219512065272199
-2.92844385554503,3.99406373240642,0.00604372553274836,-3.04816129294942,3.88188807141186,0.0134592275536206,-3.16485149728953,3.76309008469079,0.0220014588579717,-3.27851446856538,3.63766977224321,0.0316704194458018,-3.38915020677696,3.50562713406912,0.0424661093171107,-3.49675871192427,3.36696217016851,0.0543885284718985,-3.60133998400731,3.2216748805414,0.0674376769101652,-3.70289402302609,3.06976526518777,0.0816135546319108,-3.8014208289806,2.91123332410762,0.0969161616371353,-3.89692040187084,2.74607905730097,0.113345497925839,-3.98939274169681,2.5743024647678,0.130901563498021,-4.07883784845851,2.39590354650812,0.149584358353682,-4.16525572215595,2.21088230252193,0.169393882492822,-4.24864636278911,2.01923873280923,0.190330135915441,-4.32900977035801,1.82097283737001,0.212393118621539
-3.04583586955435,3.91915495027557,-0.0191812595934417,-3.16185291573716,3.81114489299462,-0.0200877206124156,-3.2747572729656,3.69788201298231,-0.0210669422508451,-3.38454894123967,3.57936631023863,-0.0221189245087304,-3.49122792055938,3.45559778476359,-0.0232436673860714,-3.59479421092472,3.32657643655717,-0.0244411708828681,-3.69524781233569,3.19230226561939,-0.0257114349991206,-3.7925887247923,3.05277527195024,-0.0270544597348287,-3.88681694829453,2.90799545554973,-0.0284702450899925,-3.9779324828424,2.75796281641785,-0.0299587910646121,-4.0659353284359,2.6026773545546,-0.0315200976586874,-4.15082548507504,2.44213906995998,-0.0331541648722183,-4.23260295275981,2.276347962634,-0.034860992705205,-4.3112677314902,2.10530403257665,-0.0366405811576474,-4.38681982126624,1.92900727978793,-0.0384929302295456
-3.18826200613258,3.82637263891538,-0.00581581576328004,-3.30881120544015,3.71751785138344,-0.00266363957215826,-3.42721821102907,3.60396983838931,0.000940247514932051,-3.54348302289935,3.48572859993299,0.00499584549799089,-3.65760564105096,3.36279413601448,0.00950315437701825,-3.76958606548393,3.23516644663378,0.0144621741520141,-3.87942429619824,3.1028455317909,0.0198729048229786,-3.9871203331939,2.96583139148582,0.0257353463899115,-4.09267417647091,2.82412402571856,0.032049498852813,-4.19608582602926,2.67772343448911,0.038815362211683,-4.29735528186897,2.52662961779747,0.0460329364665215,-4.39648254399002,2.37084257564364,0.0537022216173285,-4.49346761239241,2.21036230802763,0.0618232176641041,-4.58831048707616,2.04518881494943,0.0703959246068482,-4.68101116804125,1.87532209640903,0.0794203424455608
-3.3234999857139,3.74343985211337,0.021986478217767,-3.44615906526034,3.63739567961358,0.0327260240832546,-3.56721574216233,3.52761087705833,0.0448231364237994,-3.68667001641987,3.41408544444765,0.0582778152394015,-3.80452188803295,3.29681938178151,0.0730900605300608,-3.92077135700158,3.17581268905993,0.0892598722957775,-4.03541842332576,3.05106536628291,0.106787250536551,-4.14846308700549,2.92257741345044,0.125672195252383,-4.25990534804076,2.79034883056252,0.145914706443271,-4.36974520643159,2.65437961761916,0.167514784109217,-4.47798266217796,2.51466977462036,0.19047242825022,-4.58461771527987,2.3712193015661,0.21478763886628,-4.68965036573734,2.22402819845641,0.240460415957398,-4.79308061355035,2.07309646529127,0.267490759523572,-4.89490845871891,1.91842410207068,0.295878669564804
-3.42718078766935,3.63094432636623,0.0068220545433719,-3.5427436769052,3.51929200107452,0.0114205460169735,-3.65600673970395,3.40366196798266,0.0164246711785641,-3.76696997606561,3.28405422709067,0.0218344300281438,-3.87563338599017,3.16046877839855,0.0276498225657125,-3.98199696947765,3.03290562190628,0.0338708487912703,-4.08606072652803,2.90136475761387,0.0404975087048172,-4.18782465714131,2.76584618552133,0.0475298023063531,-4.28728876131751,2.62634990562865,0.0549677295958781,-4.38445303905661,2.48287591793583,0.0628112905733922,-4.47931749035862,2.33542422244287,0.0710604852388953,-4.57188211522353,2.18399481914978,0.0797153135923874,-4.66214691365136,2.02858770805654,0.0887757756338687,-4.75011188564209,1.86920288916317,0.0982418713633389,-4.83577703119572,1.70584036246966,0.108113600780798
-3.53691558063923,3.54608173765685,-0.00624971025065362,-3.6484915396832,3.43820673521567,-0.00636072978409926,-3.75755349832289,3.32733850839774,-0.00671547156215768,-3.8641014565583,3.21347705720306,-0.0073139355848289,-3.96813541438943,3.09662238163163,-0.00815612185211291,-4.06965537181627,2.97677448168347,-0.00924203036400971,-4.16866132883884,2.85393335735855,-0.0105716611205193,-4.26515328545712,2.72809900865689,-0.0121450141216417,-4.35913124167112,2.59927143557849,-0.0139620893673769,-4.45059519748084,2.46745063812334,-0.0160228868577248,-4.53954515288627,2.33263661629144,-0.0183274065926856,-4.62598110788743,2.1948293700828,-0.0208756485722591,-4.7099030624843,2.05402889949741,-0.0236676127964455,-4.7913110166769,1.91023520453528,-0.0267032992652446,-4.87020497046521,1.76344828519641,-0.0299827079786565
-3.62149974826521,3.41609156099046,0.0180591583058096,-3.72274818589008,3.29882148496293,0.0247734289476808,-3.82049071446911,3.17774548442756,0.032141372321335,-3.91472733400229,3.05286355938436,0.0401629884267724,-4.00545804448962,2.92417570983333,0.0488382772639929,-4.09268284593111,2.79168193577446,0.0581672388329964,-4.17640173832675,2.65538223720776,0.0681498731337831,-4.25661472167654,2.51527661413323,0.0787861801663528,-4.33332179598048,2.37136506655087,0.0900761599307057,-4.40652296123858,2.22364759446067,0.102019812426842,-4.47621821745084,2.07212419786263,0.114617137654761,-4.54240756461724,1.91679487675677,0.127868135614463,-4.6050910027378,1.75765963114307,0.141772806305948,-4.66426853181251,1.59471846102153,0.156331149729216,-4.71994015184138,1.42797136639217,0.171543165884268
-3.73258332752463,3.28872659945775,-0.0115949279145349,-3.83317291003413,3.16472835494023,-0.0147548119171273,-3.93061801048971,3.03655321371767,-0.0185975068208718,-4.02491862889138,2.90420117579007,-0.0231230126257686,-4.11607476523914,2.76767224115742,-0.0283313293318175,-4.20408641953297,2.62696640981974,-0.0342224569390185,-4.28895359177289,2.48208368177701,-0.0407963954473718,-4.3706762819589,2.33302405702924,-0.0480531448568771,-4.44925449009099,2.17978753557643,-0.0559927051675347,-4.52468821616916,2.02237411741858,-0.0646150763793444,-4.59697746019342,1.86078380255569,-0.0739202584923063,-4.66612222216376,1.69501659098775,-0.0839082515064204,-4.73212250208018,1.52507248271477,-0.0945790554216866,-4.79497829994269,1.35095147773676,-0.105932670238105,-4.85468961575128,1.1726535760537,-0.117969095955676
-3.8553725956676,3.16891513674204,-0.00806368126752257,-3.959244009499,3.04195197537986,-0.00996944322983654,-4.06078674707764,2.91096577538697,-0.0123121268816108,-4.16000080840351,2.77595653676334,-0.0150917322228453,-4.25688619347662,2.636924259509,-0.0183082592535401,-4.35144290229697,2.49386894362394,-0.0219617079736952,-4.44367093486456,2.34679058910815,-0.0260520783833106,-4.53357029117938,2.19568919596165,-0.0305793704823863,-4.62114097124144,2.04056476418442,-0.0355435842709222,-4.70638297505074,1.88141729377647,-0.0409447197489184,-4.78929630260728,1.7182467847378,-0.0467827769163749,-4.86988095391105,1.55105323706841,-0.0530577557732917,-4.94813692896206,1.3798366507683,-0.0597696563196688,-5.0240642277603,1.20459702583747,-0.0669184785555061,-5.09766285030579,1.02533436227591,-0.0745042224808038
-3.94836987558926,3.03200960192302,0.0196089756372073,-4.04676479416953,2.89814530678101,0.0258285838998375,-4.14243142806686,2.75989260540455,0.0326982338696679,-4.23536977728126,2.61725149779364,0.0402179255466987,-4.32557984181274,2.47022198394828,0.0483876589309298,-4.41306162166129,2.31880406386848,0.0572074340223613,-4.4978151168269,2.16299773755422,0.0666772508209931,-4.57984032730959,2.00280300500551,0.0767971093268252,-4.65913725310935,1.83821986622236,0.0875670095398576,-4.73570589422617,1.66924832120475,0.0989869514600903,-4.80954625066007,1.4958883699527,0.111056935087523,-4.88065832241104,1.3181400124662,0.123776960422157,-4.94904210947908,1.13600324874524,0.137147027463991,-5.01469761186419,0.949478078789839,0.151167136213025,-5.07762482956637,0.758564502599987,0.165837286669259
-4.01467310985549,2.9197720052929,0.0181529286341853,-4.101049917601,2.7877797503127,0.0228006477660607,-4.18351911845765,2.65219383846509,0.0278163395616016,-4.26208071242542,2.51301426975009,0.0332000040208079,-4.33673469950434,2.37024104416768,0.0389516411436796,-4.40748107969439,2.22387416171788,0.0450712509302168,-4.47431985299558,2.07391362240067,0.0515588333804194,-4.5372510194079,1.92035942621607,0.0584143884942874,-4.59627457893136,1.76321157316406,0.0656379162718209,-4.65139053156595,1.60247006324466,0.0732294167130198,-4.70259887731168,1.43813489645785,0.0811888898178841,-4.74989961616855,1.27020607280365,0.0895163355864139,-4.79329274813655,1.09868359228204,0.098211754018609,-4.83277827321569,0.923567454893039,0.10727514511447,-4.86835619140596,0.744857660636635,0.116706508873996
-4.11881219210884,2.76552667243585,0.0232465444105632,-4.20642317488702,2.62349899135,0.0283913133299017,-4.29077928824408,2.47705988550919,0.0339204409588751,-4.37188053218002,2.32620935491339,0.0398339272974834,-4.44972690669483,2.17094739956262,0.0461317723457265,-4.52431841178852,2.01127401945688,0.0528139761036046,-4.5956550474611,1.84718921459616,0.0598805385711175,-4.66373681371255,1.67869298498047,0.0673314597482653,-4.72856371054287,1.50578533060979,0.075166739635048,-4.79013573795208,1.32846625148415,0.0833863782314656,-4.84845289594017,1.14673574760353,0.091990375537518,-4.90351518450713,0.960593818967928,0.100978731553205,-4.95532260365297,0.770040465577355,0.110351446278528,-5.00387515337769,0.575075687431807,0.120108519713485,-5.04917283368129,0.375699484531282,0.130249951858077
-4.20755175656136,2.66602135165904,0.0244458429493238,-4.29223456911719,2.53189151980222,0.0288328449870237,-4.37370398596878,2.39491289740025,0.0334592154999095,-4.45196000711615,2.25508548445313,0.0383249544879811,-4.52700263255928,2.11240928096085,0.0434300619512387,-4.59883186229817,1.96688428692342,0.048774537889682,-4.66744769633284,1.81851050234084,0.0543583823033112,-4.73285013466327,1.6672879272131,0.0601815951921263,-4.79503917728947,1.51321656154022,0.0662441765561272,-4.85401482421144,1.35629640532218,0.072546126395314,-4.90977707542917,1.19652745855898,0.0790874447096866,-4.96232593094267,1.03390972125063,0.0858681314992451,-5.01166139075194,0.868443193397133,0.0928881867639894,-5.05778345485697,0.700127874998481,0.10014761050392,-5.10069212325778,0.528963766054674,0.107646402719036
-4.30084498341621,2.53929310567748,0.0029288181686847,-4.38480692297707,2.40445707714358,5.65512335049071e-05,-4.46587188689708,2.26704425546099,-0.00352828211871929,-4.54403987517624,2.12705464062971,-0.00782568188798788,-4.61931088781456,1.98448823264973,-0.0128356480743009,-4.69168492481203,1.83934503152107,-0.0185581806776582,-4.76116198616865,1.69162503724372,-0.02499327969806,-4.82774207188443,1.54132824981768,-0.0321409451355062,-4.89142518195935,1.38845466924295,-0.0400011769899968,-4.95221131639343,1.23300429551953,-0.0485739752615317,-5.01010047518667,1.07497712864742,-0.0578593399501111,-5.06509265833905,0.914373168626621,-0.0678572710557349,-5.11718786585059,0.751192415457131,-0.078567768578403,-5.16638609772128,0.58543486913895,-0.0899908325181156,-5.21268735395113,0.417100529672079,-0.102126462874873
-4.36795772532256,2.42298317948273,-0.0146909303179458,-4.44414522268545,2.29093325082603,-0.0225448303369604,-4.51681656117138,2.1569873360379,-0.0316532450330234,-4.58597174078038,2.02114543511837,-0.0420161744061348,-4.65161076151243,1.88340754806742,-0.0536336184562946,-4.71373362336753,1.74377367488505,-0.0665055771835028,-4.77234032634569,1.60224381557127,-0.0806320505877594,-4.8274308704469,1.45881797012607,-0.0960130386690643,-4.87900525567117,1.31349613854946,-0.112648541427418,-4.92706348201849,1.16627832084144,-0.130538558862819,-4.97160554948886,1.017164517002,-0.14968309097527,-5.01263145808229,0.86615472703114,-0.170082137764768,-5.05014120779878,0.713248950928869,-0.191735699231315,-5.08413479863832,0.558447188695183,-0.214643775374911,-5.11461223060092,0.401749440330081,-0.238806366195554
-4.46051805988112,2.26451954633613,0.0122556690286665,-4.53792896920624,2.1229274537928,0.0132212219663842,-4.61242539734417,1.97846871032091,0.0142111274026233,-4.6840073442949,1.83114331592047,0.0152253853373838,-4.75267481005844,1.68095127059146,0.0162639957706659,-4.81842779463479,1.52789257433388,0.0173269587024693,-4.88126629802394,1.37196722714775,0.0184142741327943,-4.94119032022589,1.21317522903306,0.0195259420616407,-4.99819986124066,1.0515165799898,0.0206619624890085,-5.05229492106823,0.886991280017982,0.0218223354148979,-5.1034754997086,0.719599329117602,0.0230070608393087,-5.15174159716178,0.549340727288661,0.0242161387622409,-5.19709321342777,0.376215474531159,0.0254495691836946,-5.23953034850656,0.200223570845096,0.0267073521036698,-5.27905300239816,0.02136501623047,0.0279894875221664
-4.53228017491696,2.14323693929323,0.0138580116967821,-4.60514140321933,2.00465733845779,0.0150322535434315,-4.67488056545124,1.86395743041967,0.0162542489747591,-4.74149766161271,1.72113721517887,0.0175239979907647,-4.80499269170372,1.57619669273541,0.0188415005914483,-4.86536565572428,1.42913586308926,0.02020675677681,-4.92261655367439,1.27995472624044,0.0216197665468498,-4.97674538555404,1.12865328218895,0.0230805299015676,-5.02775215136325,0.975231530934786,0.0245890468409634,-5.075636851102,0.819689472477944,0.0261453173650374,-5.1203994847703,0.662027106818428,0.0277493414737893,-5.16204005236815,0.502244433956238,0.0294011191672194,-5.20055855389555,0.340341453891372,0.0311006504453275,-5.23595498935249,0.176318166623833,0.0328479353081136,-5.26822935873898,0.0101745721536184,0.0346429737555778
-4.61398608172565,2.00855065964006,0.0328679218184111,-4.68628558092479,1.86897778116454,0.0392529450281966,-4.75578804298199,1.72742766931444,0.0463411564034025,-4.82249346789724,1.58390032408977,0.0541325559440288,-4.88640185567055,1.43839574549051,0.0626271436500755,-4.94751320630191,1.29091393351669,0.0718249195215426,-5.00582751979132,1.14145488816828,0.08172588355843,-5.06134479613879,0.990018609445305,0.0923300357607379,-5.1140650353443,0.83660509734775,0.103637376128466,-5.16398823740788,0.68121435187562,0.115647904661615,-5.2111144023295,0.523846373028913,0.128361621360184,-5.25544353010918,0.364501160807631,0.141778526224173,-5.29697562074691,0.203178715211773,0.155898619253583,-5.3357106742427,0.039879036241339,0.170721900448413,-5.37164869059654,-0.125397876103671,0.186248369808664
-4.6965755098778,1.8410429069186,-0.00520615705261231,-4.76905667664086,1.69140627262953,-0.0109878631657621,-4.83911894601907,1.53876583941717,-0.0177001877353304,-4.90676231801243,1.38312160728151,-0.025343130761317,-4.97198679262094,1.22447357622255,-0.0339166922437221,-5.03479236984461,1.06282174624029,-0.0434208721825456,-5.09517904968342,0.898166117334735,-0.0538556705777875,-5.15314683213739,0.730506689505883,-0.0652210874294479,-5.20869571720652,0.559843462753734,-0.0775171227375267,-5.26182570489079,0.386176437078288,-0.0907437765020239,-5.31253679519022,0.209505612479544,-0.104901048722939,-5.3608289881048,0.0298309889575029,-0.119988939400274,-5.40670228363453,-0.152847433487836,-0.136007448534026,-5.45015668177941,-0.338529654856471,-0.152956576124197,-5.49119218253945,-0.527215675148404,-0.170836322170786
-4.72873854547194,1.70446374486936,-0.0225914554950366,-4.78712961599224,1.55560315835808,-0.0326627609899265,-4.84162015709734,1.40421861582656,-0.0440910998955957,-4.89221016878723,1.25031011727481,-0.0568764722120442,-4.9388996510619,1.09387766270282,-0.071018877939272,-4.98168860392137,0.934921252110587,-0.0865183170772791,-5.02057702736563,0.773440885498123,-0.103374789626066,-5.05556492139468,0.609436562865422,-0.121588295585631,-5.08665228600852,0.442908284212486,-0.141158834955976,-5.11383912120715,0.273856049539313,-0.162086407737101,-5.13712542699057,0.102279858845903,-0.184371013929004,-5.15651120335878,-0.0718202878677424,-0.208012653531688,-5.17199645031178,-0.248444390601624,-0.23301132654515,-5.18358116784957,-0.427592449355742,-0.259367032969391,-5.19126535597216,-0.609264464130097,-0.287079772804412
-4.73323376272982,1.52443201146796,-0.0414407808529116,-4.77212265755804,1.36402411781783,-0.0554101605367441,-4.80513042962056,1.19994677433818,-0.0710591529527453,-4.83225707891738,1.03219998102902,-0.0883877581009152,-4.85350260544849,0.86078373789035,-0.107395975981254,-4.86886700921391,0.685698044922168,-0.128083806593761,-4.87835029021364,0.506942902124475,-0.150451249938437,-4.88195244844766,0.324518309497271,-0.174498306015281,-4.87967348391599,0.138424267040556,-0.200224974824295,-4.87151339661861,-0.0513392252456704,-0.227631256365476,-4.85747218655554,-0.244772167361408,-0.256717150638827,-4.83754985372677,-0.441874559306657,-0.287482657644346,-4.8117463981323,-0.642646401081418,-0.319927777382034,-4.78006181977214,-0.847087692685689,-0.354052509851891,-4.74249611864627,-1.05519843411947,-0.389856855053916
-4.77758952729097,1.41347681319877,-0.0317186522698003,-4.81217983609152,1.26371492098427,-0.0405094819632092,-4.8410899215497,1.11210089277252,-0.0501092962996813,-4.86431978366554,0.958634728563523,-0.0605180952792164,-4.88186942243901,0.803316428357272,-0.0717358789018147,-4.89373883787014,0.64614599215377,-0.0837626471674761,-4.89992802995891,0.487123419953017,-0.0965984000762006,-4.90043699870532,0.326248711755014,-0.110243137627988,-4.89526574410938,0.16352186755976,-0.124696859822839,-4.88441426617108,-0.00105711263274502,-0.139959566660753,-4.86788256489043,-0.167488228822501,-0.15603125814173,-4.84567064026743,-0.335771481009507,-0.17291193426577,-4.81777849230206,-0.505906869193765,-0.190601595032873,-4.78420612099435,-0.677894393375272,-0.20910024044304,-4.74495352634428,-0.851734053554031,-0.228407870496269
-4.80128600494268,1.22889604651622,-0.0293713750257072,-4.82704256949163,1.06720273148876,-0.0357469560656613,-4.8467185784235,0.902377738030468,-0.0425222126979424,-4.8603140317383,0.734421066141355,-0.0496971449225507,-4.86782892943601,0.563332715821418,-0.057271752739486,-4.86926327151665,0.389112687070657,-0.0652460361487484,-4.86461705798021,0.21176097988907,-0.0736199951503378,-4.85389028882669,0.0312775942766595,-0.0823936297442543,-4.83708296405608,-0.152337469766576,-0.091566939930498,-4.81419508366841,-0.339084212240636,-0.101139925709069,-4.78522664766365,-0.52896263314552,-0.111112587079966,-4.75017765604181,-0.721972732481229,-0.121484924043191,-4.7090481088029,-0.918114510247763,-0.132256936598743,-4.6618380059469,-1.11738796644512,-0.143428624746622,-4.60854734747383,-1.3197931010733,-0.154999988486828
-4.86482383398198,1.1127307487337,0.00713387596639222,-4.89543667550469,0.96108509983991,0.0127716628787544,-4.92135736732086,0.807980860197518,0.0195855817172744,-4.94258590943047,0.653418029806524,0.0275756324819524,-4.95912230183353,0.497396608666929,0.0367418151727883,-4.97096654453005,0.339916596778732,0.0470841297897821,-4.97811863752002,0.180977994141933,0.0586025763329338,-4.98057858080344,0.0205808007565329,0.0712971548022434,-4.97834637438031,-0.141274983377469,0.0851678651977109,-4.97142201825064,-0.304589358260073,0.100214707519336,-4.95980551241441,-0.469362323891278,0.11643768176712,-4.94349685687164,-0.635593880271085,0.133836787941061,-4.92249605162232,-0.803284027399494,0.15241202604116,-4.89680309666645,-0.972432765276504,0.172163396067417,-4.86641799200403,-1.14304009390212,0.193090898019832
-4.86452593789342,0.950869815024644,0.00747614498843834,-4.88149866126348,0.794808478487816,0.0127571296218856,-4.89264331077576,0.63691315450758,0.0190196436863808,-4.89795988643027,0.477183843083937,0.0262636871819239,-4.89744838822701,0.315620544216886,0.034489260108515,-4.89110881616598,0.152223257906428,0.043696362466154,-4.87894117024718,-0.0130080158474373,0.0538849942548409,-4.86094545047061,-0.18007327704471,0.0650551554745758,-4.83712165683626,-0.348972525685391,0.0772068461253586,-4.80746978934415,-0.519705761769479,0.0903400662071893,-4.77198984799426,-0.692272985296975,0.104454815720068,-4.7306818327866,-0.866674196267878,0.119551094663995,-4.68354574372117,-1.04290939468219,0.135628903038969,-4.63058158079797,-1.22097858053991,0.152688240844992,-4.571789344017,-1.40088175384103,0.170729108082062
-4.92734420332728,0.782359286182472,0.0234373108190717,-4.95176011375027,0.620860198962141,0.0327914989016037,-4.97203270656786,0.457069634788424,0.0435196973683685,-4.98816198178006,0.290987593661321,0.0556219062193661,-5.00014793938687,0.122614075580832,0.0690981254545965,-5.00799057938828,-0.0480509194530428,0.0839483550740596,-5.0116899017843,-0.221007391440304,0.100172595077756,-5.01124590657492,-0.396255340380951,0.117770845465684,-5.00665859376015,-0.573794766274985,0.136743106237846,-4.99792796333998,-0.753625669122404,0.15708937739424,-4.98505401531442,-0.93574804892321,0.178809658934867,-4.96803674968347,-1.1201619056774,0.201903950859727,-4.94687616644712,-1.30686723938498,0.22637225316882,-4.92157226560538,-1.49586405004594,0.252214565862146,-4.89212504715824,-1.68715233766029,0.279430888939704
-4.9677981201006,0.612615187358739,0.0420699289563499,-4.99271335770287,0.446437876398427,0.0554840257799689,-5.01407465084831,0.27766609643306,0.0706131016478754,-5.03188199953694,0.106299847462638,0.0874571565600694,-5.04613540376876,-0.067660870512837,0.106016190516551,-5.05683486354375,-0.244216057493367,0.12629020351732,-5.06398037886193,-0.423365713478951,0.148279195562376,-5.06757194972329,-0.605109838469589,0.17198316665172,-5.06760957612784,-0.789448432465281,0.197402116785351,-5.06409325807557,-0.976381495466028,0.22453604596327,-5.05702299556648,-1.16590902747183,0.253384954185477,-5.04639878860058,-1.35803102848268,0.28394884145197,-5.03222063717785,-1.55274749849859,0.316227707762752,-5.01448854129831,-1.75005843751956,0.35022155311782,-4.99320250096196,-1.94996384554558,0.385930377517177
-5.00133265355754,0.463288794236644,0.0251756063490045,-5.02518904042431,0.299394978783172,0.0315310714370536,-5.04580822928176,0.133525940774971,0.0384877257255507,-5.06319022012989,-0.03431831978796,0.0460455692144957,-5.07733501296869,-0.20413780290562,0.0542046019038888,-5.08824260779818,-0.37593250857801,0.0629648237937298,-5.09591300461835,-0.549702436805129,0.0723262348840188,-5.10034620342919,-0.725447587586977,0.0822888351747557,-5.10154220423072,-0.903167960923555,0.0928526246659406,-5.09950100702292,-1.08286355681486,0.104017603357573,-5.0942226118058,-1.2645343752609,0.115783771249654,-5.08570701857937,-1.44818041626167,0.128151128342183,-5.07395422734361,-1.63380167981716,0.14111967463516,-5.05896423809853,-1.82139816592739,0.154689410128585,-5.04073705084414,-2.01096987459234,0.168860334822457
-4.98985126491085,0.309778537751936,-0.0093296432158837,-5.00024095668458,0.146915308248831,-0.0142012535905525,-5.00609483916507,-0.0175415632865132,-0.0199732459402723,-5.00741291235233,-0.183592076854097,-0.026645620265043,-5.00419517624634,-0.351236232453919,-0.0342183765648648,-4.99644163084712,-0.520474030085981,-0.0426915148397375,-4.98415227615466,-0.691305469750282,-0.0520650350896612,-4.96732711216896,-0.863730551446823,-0.062338937314636,-4.94596613889002,-1.0377492751756,-0.0735132215146617,-4.92006935631784,-1.21336164093662,-0.0855878876897383,-4.88963676445242,-1.39056764872988,-0.098562935839866,-4.85466836329377,-1.56936729855538,-0.112438365965045,-4.81516415284187,-1.74976059041311,-0.127214178065274,-4.77112413309674,-1.93174752430309,-0.142890372140555,-4.72254830405837,-2.11532810022531,-0.159466948190887
-4.99495440862833,0.139757878620702,-0.0518150066774664,-4.99927795347046,-0.0267709090000209,-0.0684753408064706,-4.99887141615245,-0.195156363666411,-0.0874183070233145,-4.9937347966743,-0.365398485378468,-0.108643905327998,-4.98386809503601,-0.537497274136192,-0.132152135720521,-4.96927131123759,-0.711452729939584,-0.157942998200884,-4.94994444527903,-0.887264852788642,-0.186016492769087,-4.92588749716033,-1.06493364268337,-0.216372619425129,-4.8971004668815,-1.24445909962376,-0.249011378169011,-4.86358335444253,-1.42584122360982,-0.283932769000732,-4.82533615984342,-1.60908001464155,-0.321136791920294,-4.78235888308417,-1.79417547271894,-0.360623446927694,-4.73465152416478,-1.981127597842,-0.402392734022935,-4.68221408308526,-2.16993639001073,-0.446444653206015,-4.6250465598456,-2.36060184922513,-0.492779204476935
-4.99817986520319,0.011690950026839,-0.0381691491296901,-4.99745545584698,-0.145560655124895,-0.0483391494517773,-4.99196061120162,-0.303255510563403,-0.0596780738845546,-4.9816953312671,-0.461393616288684,-0.072185922428022,-4.96665961604342,-0.619974972300738,-0.0858626950821797,-4.94685346553058,-0.778999578599565,-0.100708391847028,-4.92227687972858,-0.938467435185166,-0.116723012722566,-4.89292985863743,-1.09837854205754,-0.133906557708794,-4.85881240225712,-1.25873289921669,-0.152259026805712,-4.81992451058764,-1.41953050666261,-0.171780420013321,-4.77626618362901,-1.5807713643953,-0.192470737331619,-4.72783742138122,-1.74245547241477,-0.214329978760608,-4.67463822384427,-1.90458283072101,-0.237358144300287,-4.61666859101817,-2.06715343931402,-0.261555233950656,-4.5539285229029,-2.23016729819381,-0.286921247711716
-5.03085509756884,-0.157607195342782,-0.0126519831756655,-5.035028703544,-0.318789255231405,-0.0136602696992027,-5.03565926194722,-0.480857258044689,-0.0145260294527831,-5.03274677277848,-0.643811203782633,-0.0152492624364069,-5.0262912360378,-0.807651092445238,-0.015829968650074,-5.01629265172518,-0.972376924032504,-0.0162681480937843,-5.00275101984061,-1.13798869854443,-0.016563800767538,-4.98566634038409,-1.30448641598102,-0.0167169266713349,-4.96503861335563,-1.47187007634226,-0.0167275258051752,-4.94086783875522,-1.64013967962817,-0.0165955981690587,-4.91315401658286,-1.80929522583874,-0.0163211437629855,-4.88189714683856,-1.97933671497397,-0.0159041625869557,-4.84709722952232,-2.15026414703386,-0.0153446546409691,-4.80875426463413,-2.32207752201841,-0.0146426199250258,-4.76686825217399,-2.49477683992762,-0.0137980584391258
-5.04828399878231,-0.282408664277741,-0.0302819344112178,-5.0527516692282,-0.433945298218566,-0.0359592950148093,-5.05416340470949,-0.585030941866226,-0.0421049505835107,-5.05251920522618,-0.735665595220719,-0.0487189011173223,-5.04781907077827,-0.885849258282047,-0.0558011466162438,-5.04006300136576,-1.03558193105021,-0.0633516870802754,-5.02925099698864,-1.1848636135252,-0.071370522509417,-5.01538305764693,-1.33369430570703,-0.0798576529036686,-4.99845918334061,-1.48207400759569,-0.0888130782630303,-4.97847937406969,-1.63000271919119,-0.0982367985875019,-4.95544362983418,-1.77748044049352,-0.108128813877084,-4.92935195063406,-1.92450717150269,-0.118489124131775,-4.90020433646934,-2.07108291221869,-0.129317729351577,-4.86800078734002,-2.21720766264152,-0.140614629536489,-4.8327413032461,-2.36288142277118,-0.152379824686511
-5.01224432351112,-0.470136190966878,-0.049598760193821,-5.0019300867471,-0.631698290091621,-0.0596927364263119,-4.98707132963172,-0.79413936101094,-0.0707562379116351,-4.96766805216498,-0.957459403724835,-0.0827892646497905,-4.94372025434689,-1.12165841823331,-0.0957918166407782,-4.91522793617744,-1.28673640453635,-0.109763893884598,-4.88219109765663,-1.45269336263397,-0.124705496381251,-4.84460973878447,-1.61952929252617,-0.140616624130735,-4.80248385956095,-1.78724419421294,-0.157497277133052,-4.75581345998608,-1.95583806769429,-0.175347455388201,-4.70459854005985,-2.12531091297022,-0.194167158896183,-4.64883909978226,-2.29566273004072,-0.213956387656996,-4.58853513915332,-2.4668935189058,-0.234715141670642,-4.52368665817302,-2.63900327956545,-0.256443420937121,-4.45429365684137,-2.81199201201968,-0.279141225456431
-4.97422917713603,-0.604827128811901,-0.011524967560646,-4.95135162512014,-0.759489598448231,-0.00864497532060029,-4.92291158506044,-0.914043564217673,-0.00496441366100717,-4.88890905695694,-1.06848902612023,-0.000483282581866667,-4.84934404080963,-1.22282598415589,0.00479841791682121,-4.80421653661851,-1.37705443832467,0.0108806878350565,-4.75352654438359,-1.53117438862655,0.0177635271728391,-4.69727406410487,-1.68518583506155,0.0254469359301691,-4.63545909578233,-1.83908877762966,0.0339309141070465,-4.568081639416,-1.99288321633088,0.0432154617034713,-4.49514169500585,-2.14656915116522,0.0533005787194434,-4.4166392625519,-2.30014658213266,0.0641862651549629,-4.33257434205415,-2.45361550923322,0.0758725210100298,-4.24294693351259,-2.60697593246688,0.0883593462846441,-4.14775703692722,-2.76022785183366,0.101646740978806
-4.95578049765066,-0.749705036709211,0.0182350514190037,-4.92862251731252,-0.901426590298757,0.0296967807142971,-4.89606480348316,-1.05268007176626,0.0429468808832159,-4.85810735616258,-1.20346548111171,0.05798535192576,-4.81475017535079,-1.35378281833513,0.0748121938419295,-4.76599326104777,-1.50363208343649,0.0934274066317242,-4.71183661325355,-1.65301327641581,0.113830990295144,-4.6522802319681,-1.80192639727309,0.13602294483219,-4.58732411719144,-1.95037144600832,0.16000327024286,-4.51696826892356,-2.0983484226215,0.185771966527157,-4.44121268716446,-2.24585732711264,0.213329033685078,-4.36005737191415,-2.39289815948174,0.242674471716625,-4.27350232317262,-2.53947091972879,0.273808280621797,-4.18154754093987,-2.68557560785379,0.306730460400594,-4.0841930252159,-2.83121222385675,0.341441011053017
-4.92443661795152,-0.924362940621314,0.0417604314017763,-4.89066717970873,-1.08225598344565,0.0585026891197612,-4.8513441823288,-1.24052383129309,0.0774766391338543,-4.80646762581175,-1.39916648416364,0.0986822814440557,-4.75603751015756,-1.55818394205729,0.122119616050365,-4.70005383536624,-1.71757620497405,0.147788642952783,-4.63851660143779,-1.87734327291392,0.175689362151309,-4.57142580837221,-2.03748514587689,0.205821773645944,-4.49878145616949,-2.19800182386297,0.238185877436687,-4.42058354482965,-2.35889330687215,0.272781673523537,-4.33683207435267,-2.52015959490444,0.309609161906497,-4.24752704473856,-2.68180068795984,0.348668342585564,-4.15266845598732,-2.84381658603834,0.38995921556074,-4.05225630809895,-3.00620728913995,0.433481780832024,-3.94629060107345,-3.16897279726466,0.479236038399416
-4.87325514784548,-1.10717348511223,0.044921433962779,-4.82889175597047,-1.27265439340075,0.0599639138149025,-4.77833493839273,-1.43942578825602,0.0767389948081206,-4.72158469511226,-1.60748766967805,0.0952466769424331,-4.65864102612907,-1.77684003766683,0.11548696021784,-4.58950393144315,-1.94748289222237,0.137459844634341,-4.51417341105451,-2.11941623334466,0.161165330191937,-4.43264946496314,-2.29264006103371,0.186603416890628,-4.34493209316904,-2.46715437528951,0.213774104730412,-4.25102129567222,-2.64295917611207,0.242677393711292,-4.15091707247267,-2.82005446350138,0.273313283833265,-4.04461942357039,-2.99844023745745,0.305681775096334,-3.93212834896539,-3.17811649798027,0.339782867500496,-3.81344384865766,-3.35908324506984,0.375616561045753,-3.68856592264721,-3.54134047872617,0.413182855732105
-4.85984936903383,-1.27491558116057,0.0667198473410838,-4.81825408929907,-1.44234153939055,0.0854506202616991,-4.77160303061673,-1.61114107951225,0.106162264945513,-4.71989619298683,-1.78131420152568,0.128854781392525,-4.66313357640935,-1.95286090543083,0.153528169602736,-4.6013151808843,-2.12578119122771,0.180182429576145,-4.53444100641168,-2.30007505891631,0.208817561312753,-4.46251105299148,-2.47574250849663,0.23943356481256,-4.38552532062371,-2.65278353996867,0.272030440075565,-4.30348380930838,-2.83119815333244,0.306608187101768,-4.21638651904547,-3.01098634858793,0.34316680589117,-4.12423344983498,-3.19214812573515,0.381706296443771,-4.02702460167693,-3.37468348477409,0.42222665875957,-3.9247599745713,-3.55859242570475,0.464727892838568,-3.8174395685181,-3.74387494852713,0.509209998680764
-4.80579430555486,-1.42674501998993,0.0513920791801398,-4.75553641764733,-1.59102971594257,0.0622445365889448,-4.69976487206246,-1.75611484463452,0.0738262644612157,-4.63847966880023,-1.92200040606579,0.0861372627969525,-4.57168080786064,-2.08868640023638,0.0991775315961551,-4.4993682892437,-2.25617282714628,0.112947070858824,-4.42154211294941,-2.4244596867955,0.127445880584958,-4.33820227897776,-2.59354697918404,0.142673960774558,-4.24934878732876,-2.76343470431189,0.158631311427624,-4.15498163800241,-2.93412286217905,0.175317932544156,-4.0551008309987,-3.10561145278554,0.192733824124154,-3.94970636631764,-3.27790047613134,0.210878986167617,-3.83879824395923,-3.45098993221645,0.229753418674547,-3.72237646392346,-3.62487982104088,0.249357121644942,-3.60044102621033,-3.79957014260463,0.269690095078803
-4.74030436378523,-1.59294907417599,0.0435695333068446,-4.68012347866787,-1.75858981422622,0.0497452646545223,-4.61386918029332,-1.92510152060832,0.0559639875576991,-4.54154146866159,-2.09248419332228,0.0622257020163752,-4.46314034377266,-2.26073783236812,0.0685304080305505,-4.37866580562655,-2.42986243774582,0.0748781056002251,-4.28811785422326,-2.5998580094554,0.0812687947253988,-4.19149648956277,-2.77072454749684,0.0877024754060719,-4.0888017116451,-2.94246205187015,0.0941791476422441,-3.98003352047024,-3.11507052257533,0.100698811433916,-3.86519191603819,-3.28854995961239,0.107261466781086,-3.74427689834895,-3.46290036298131,0.113867113683756,-3.61728846740252,-3.6381217326821,0.120515752141925,-3.48422662319891,-3.81421406871476,0.127207382155594,-3.34509136573811,-3.99117737107928,0.133942003724762
-4.69781016096146,-1.77942270443888,0.0393580804613673,-4.63667576224992,-1.95196506743643,0.0425699454379205,-4.57011790984622,-2.12614397484522,0.0454430882258174,-4.49813660375035,-2.30195942666526,0.0479775088250581,-4.42073184396232,-2.47941142289653,0.0501732072356425,-4.33790363048211,-2.65849996353904,0.0520301834575706,-4.24965196330974,-2.83922504859278,0.0535484374908425,-4.15597684244521,-3.02158667805777,0.0547279693354582,-4.0568782678885,-3.205584851934,0.0555687789914175,-3.95235623963963,-3.39121957022146,0.0560708664587207,-3.84241075769859,-3.57849083292017,0.0562342317373675,-3.72704182206539,-3.76739864003011,0.0560588748273582,-3.60624943274001,-3.95794299155129,0.0555447957286925,-3.48003358972247,-4.15012388748371,0.0546919944413706,-3.34839429301277,-4.34394132782738,0.0535004709653925
-4.6391050798988,-1.89019417175757,0.000629188734188731,-4.57325046071914,-2.04649178392284,-0.00863858120249243,-4.50206166169845,-2.20215595092076,-0.0197863344604327,-4.42553868283674,-2.35718667275131,-0.0328140710396319,-4.34368152413402,-2.51158394941452,-0.0477217909400903,-4.25649018559027,-2.66534778091036,-0.0645094941618077,-4.16396466720551,-2.81847816723885,-0.0831771807047842,-4.06610496897972,-2.97097510839998,-0.10372485056902,-3.96291109091291,-3.12283860439375,-0.126152503754514,-3.85438303300509,-3.27406865522017,-0.150460140261268,-3.74052079525624,-3.42466526087923,-0.176647760089281,-3.62132437766638,-3.57462842137094,-0.204715363238553,-3.49679378023549,-3.72395813669528,-0.234662949709083,-3.36692900296358,-3.87265440685227,-0.266490519500873,-3.23173004585066,-4.02071723184191,-0.300198072613922
-4.58123958008699,-2.04329459398683,-0.014805578920313,-4.51236345276358,-2.19803324587658,-0.0277385403373151,-4.43844673398747,-2.35202096057048,-0.0427781131727865,-4.35948942375866,-2.50525773806852,-0.0599242974267274,-4.27549152207715,-2.65774357837071,-0.0791770930991376,-4.18645302894292,-2.80947848147703,-0.100536500190017,-4.092373944356,-2.96046244738751,-0.124002518699366,-3.99325426831637,-3.11069547610212,-0.149575148627184,-3.88909400082404,-3.26017756762088,-0.177254389973472,-3.779893141879,-3.40890872194379,-0.207040242738229,-3.66565169148126,-3.55688893907083,-0.238932706921456,-3.54636964963081,-3.70411821900202,-0.272931782523151,-3.42204701632766,-3.85059656173736,-0.309037469543316,-3.2926837915718,-3.99632396727684,-0.347249767981951,-3.15827997536324,-4.14130043562046,-0.387568677839055
-4.51273904744757,-2.16814889897062,-0.0233154469742656,-4.4389310549472,-2.31348576241309,-0.0370746330281445,-4.36009627354643,-2.45697348285753,-0.0527778883238103,-4.27623470324526,-2.59861206030395,-0.0704252128612627,-4.18734634404368,-2.73840149475235,-0.0900166066405018,-4.09343119594171,-2.87634178620272,-0.111552069661528,-3.99448925893933,-3.01243293465506,-0.13503160192434,-3.89052053303656,-3.14667494010938,-0.16045520342894,-3.78152501823338,-3.27906780256568,-0.187822874175326,-3.6675027145298,-3.40961152202395,-0.217134614163498,-3.54845362192582,-3.53830609848419,-0.248390423393458,-3.42437774042144,-3.66515153194641,-0.281590301865204,-3.29527507001666,-3.79014782241061,-0.316734249578737,-3.16114561071148,-3.91329496987678,-0.353822266534057,-3.02198936250589,-4.03459297434492,-0.392854352731163
-4.44965673637211,-2.30657351141021,-0.0349454724995114,-4.37392680028949,-2.44806028950759,-0.0500323833563451,-4.29356422832612,-2.58744390954745,-0.0669851199365895,-4.20856902048199,-2.72472437152979,-0.0858036822402445,-4.1189411767571,-2.8599016754546,-0.10648807026731,-4.02468069715145,-2.99297582132189,-0.129038284017787,-3.92578758166505,-3.12394680913165,-0.153454323491674,-3.82226183029788,-3.25281463888389,-0.179736188688971,-3.71410344304996,-3.37957931057861,-0.20788387960968,-3.60131241992128,-3.5042408242158,-0.237897396253799,-3.48388876091185,-3.62679917979547,-0.269776738621328,-3.36183246602165,-3.74725437731761,-0.303521906712269,-3.2351435352507,-3.86560641678223,-0.33913290052662,-3.10382196859899,-3.98185529818933,-0.376609720064381,-2.96786776606652,-4.0960010215389,-0.415952365325554
-4.35922278221517,-2.44315028554238,-0.0586171923884132,-4.27460372529131,-2.58111256905176,-0.0780550395247634,-4.18481168144555,-2.71679125907833,-0.0996741914920045,-4.08984665067789,-2.8501863556221,-0.123474648290137,-3.98970863298833,-2.98129785868306,-0.14945640991916,-3.88439762837688,-3.11012576826121,-0.177619476379074,-3.77391363684353,-3.23667008435656,-0.207963847669879,-3.65825665838828,-3.3609308069691,-0.240489523791576,-3.53742669301114,-3.48290793609884,-0.275196504744163,-3.41142374071209,-3.60260147174576,-0.312084790527641,-3.28024780149115,-3.72001141390988,-0.351154381142011,-3.14389887534831,-3.8351377625912,-0.392405276587271,-3.00237696228358,-3.94798051778971,-0.435837476863422,-2.85568206229695,-4.05853967950541,-0.481450981970465,-2.70381417538841,-4.16681524773831,-0.529245791908398
-4.27518800843839,-2.51733641179997,-0.0468514274686462,-4.18556510151939,-2.63455332812579,-0.0594378303765172,-4.09079067922494,-2.74714297097624,-0.0730588512588965,-3.99086474155501,-2.85510534035135,-0.0877144901157842,-3.88578728850963,-2.95844043625109,-0.10340474694718,-3.77555832008878,-3.05714825867548,-0.120129621753085,-3.66017783629247,-3.15122880762451,-0.137889114533498,-3.53964583712069,-3.24068208309818,-0.156683225288419,-3.41396232257345,-3.3255080850965,-0.176511954017849,-3.28312729265075,-3.40570681361947,-0.197375300721788,-3.14714074735258,-3.48127826866707,-0.219273265400234,-3.00600268667895,-3.55222245023932,-0.242205848053189,-2.85971311062985,-3.61853935833621,-0.266173048680653,-2.70827201920529,-3.68022899295775,-0.291174867282625,-2.55167941240527,-3.73729135410393,-0.317211303859105
-4.1864300886539,-2.6054625898648,-0.0160662162169671,-4.09190606082377,-2.70963111344898,-0.017132123085671,-3.99226230462334,-2.80810332170628,-0.0176388048889362,-3.88749882005264,-2.90087921463672,-0.0175862616267627,-3.77761560711165,-2.98795879224029,-0.0169744932991504,-3.66261266580038,-3.06934205451699,-0.0158034999060994,-3.54248999611883,-3.14502900146683,-0.0140732814476097,-3.417247598067,-3.21501963308979,-0.0117838379236812,-3.28688547164488,-3.27931394938589,-0.008935169334314,-3.15140361685247,-3.33791195035511,-0.00552727567950804,-3.01080203368979,-3.39081363599747,-0.00156015695926334,-2.86508072215682,-3.43801900631296,0.0029661868264201,-2.71423968225357,-3.47952806130158,0.00805175567754228,-2.55827891398003,-3.51534080096334,0.0136965495941032,-2.39719841733621,-3.54545722529822,0.0199005685761029
-4.13424508896156,-2.73032796356983,0.00773079103060991,-4.04685753617434,-2.83479144787316,0.014421367791294,-3.95590615203896,-2.93431919565567,0.022584845148866,-3.86139093655542,-3.02891120691736,0.0322212231033261,-3.76331188972373,-3.11856748165823,0.0433305016546741,-3.66166901154387,-3.20328801987828,0.0559126808029101,-3.55646230201585,-3.28307282157752,0.0699677605480341,-3.44769176113968,-3.35792188675594,0.085495740890046,-3.33535738891535,-3.42783521541353,0.102496621828946,-3.21945918534285,-3.49281280755032,0.120970403364734,-3.0999971504222,-3.55285466316628,0.14091708549741,-2.97697128415339,-3.60796078226142,0.162336668226974,-2.85038158653642,-3.65813116483575,0.185229151553426,-2.72022805757129,-3.70336581088926,0.209594535476765,-2.586510697258,-3.74366472042195,0.235432819996993
-4.03459910837764,-2.86144185516401,-0.00716825171024302,-3.94009918306854,-2.96868430087814,-0.00525448720302798,-3.84158494721646,-3.07197037334845,-0.00266120886684758,-3.7390564008214,-3.17130007257495,0.000611583298298189,-3.63251354388337,-3.26667339855763,0.00456388929240932,-3.52195637640237,-3.3580903512965,0.00919570911548581,-3.40738489837839,-3.44555093079156,0.0145070427675277,-3.28879910981143,-3.52905513704281,0.0204978902485349,-3.1661990107015,-3.60860297005024,0.0271682515585075,-3.0395846010486,-3.68419442981386,0.0345181266974454,-2.90895588085272,-3.75582951633366,0.0425475156653487,-2.77431285011386,-3.82350822960965,0.0512564184622174,-2.63565550883203,-3.88723056964183,0.0606448350880515,-2.49298385700722,-3.9469965364302,0.0707127655428509,-2.34629789463944,-4.00280612997475,0.0814602098266157
-3.9483160525893,-3.04328661063355,0.0185503494266034,-3.85218041701917,-3.16816838625701,0.028034596516275,-3.75233242877759,-3.29183531381325,0.0390731501746898,-3.64877208786454,-3.41428739330227,0.0516660104018477,-3.54149939428004,-3.53552462472405,0.0658131771977488,-3.43051434802408,-3.65554700807862,0.0815146505623929,-3.31581694909666,-3.77435454336595,0.0987704304957803,-3.19740719749777,-3.89194723058606,0.117580516997911,-3.07528509322743,-4.00832506973895,0.137944910068784,-2.94945063628563,-4.12348806082461,0.159863609708401,-2.81990382667237,-4.23743620384304,0.183336615916761,-2.68664466438765,-4.35016949879425,0.208363928693864,-2.54967314943147,-4.46168794567823,0.23494554803971,-2.40898928180383,-4.57199154449498,0.263081473954299,-2.26459306150474,-4.68108029524452,0.292771706437632
-3.86398000134654,-3.17167956555551,0.0461425791115495,-3.76754772933813,-3.29636290113044,0.0624229894646444,-3.66783672203034,-3.41996041931397,0.0809231481180443,-3.56484697942317,-3.54247212010611,0.101643055071749,-3.45857850151661,-3.66389800350685,0.124582710325759,-3.34903128831066,-3.7842380695162,0.149742113880074,-3.23620533980532,-3.90349231813416,0.177121265734693,-3.1201006560006,-4.02166074936072,0.206720165889618,-3.00071723689649,-4.13874336319589,0.238538814344848,-2.878055082493,-4.25474015963966,0.272577211100382,-2.75211419279012,-4.36965113869204,0.308835356156222,-2.62289456778786,-4.48347630035302,0.347313249512366,-2.4903962074862,-4.59621564462262,0.388010891168816,-2.35461911188517,-4.70786917150081,0.43092828112557,-2.21556328098474,-4.81843688098762,0.47606541938263
-3.75798813004293,-3.30926249327957,0.0327205837998115,-3.65550983216037,-3.43659415540265,0.0426225591291927,-3.54940149776225,-3.56331404117623,0.0536527630297668,-3.43966312684859,-3.68942215060032,0.065811195501534,-3.32629471941937,-3.81491848367491,0.0790978565444942,-3.20929627547459,-3.93980304040001,0.0935127461586474,-3.08866779501427,-4.06407582077562,0.109055864343994,-2.96440927803839,-4.18773682480173,0.125727211100533,-2.83652072454696,-4.31078605247834,0.143526786428265,-2.70500213453998,-4.43322350380546,0.16245459032719,-2.56985350801745,-4.55504917878309,0.182510622797308,-2.43107484497936,-4.67626307741122,0.203694883838619,-2.28866614542572,-4.79686519968985,0.226007373451123,-2.14262740935653,-4.916855545619,0.24944809163482,-1.99295863677179,-5.03623411519864,0.27401703838971
-3.62652190756355,-3.46398011052932,0.0128840410118045,-3.51202221615959,-3.59862761891164,0.0153056078395677,-3.39282722463952,-3.73366974452278,0.0177625564298859,-3.26893693300336,-3.86910648736273,0.0202548867827591,-3.14035134125109,-4.00493784743148,0.0227825988981873,-3.00707044938273,-4.14116382472905,0.0253456927761705,-2.86909425739827,-4.27778441925544,0.0279441684167088,-2.7264227652977,-4.41479963101063,0.0305780258198021,-2.57905597308104,-4.55220945999464,0.0332472649854504,-2.42699388074828,-4.69001390620745,0.0359518859136538,-2.27023648829942,-4.82821296964908,0.0386918886044121,-2.10878379573446,-4.96680665031952,0.0414672730577255,-1.94263580305339,-5.10579494821877,0.044278039273594,-1.77179251025623,-5.24517786334684,0.0471241872520174,-1.59625391734297,-5.38495539570371,0.0500057169929959
-3.5120187744812,-3.56646541511166,0.00637606540492221,-3.39282278667207,-3.69219730075444,0.00624811081537476,-3.26893137227023,-3.81714188993274,0.00582739043530726,-3.14034453127567,-3.94129918264654,0.00511390426471972,-3.00706226368839,-4.06466917889584,0.00410765230361212,-2.86908456950839,-4.18725187868065,0.00280863455198448,-2.72641144873567,-4.30904728200097,0.0012168510098368,-2.57904290137023,-4.43005538885679,-0.000667698322830942,-2.42697892741208,-4.55027619924812,-0.00284501344601872,-2.2702195268612,-4.66970971317495,-0.00531509435972656,-2.1087646997176,-4.78835593063728,-0.00807794106395444,-1.94261444598129,-4.90621485163513,-0.0111335535587024,-1.77176876565225,-5.02328647616847,-0.0144819318439703,-1.5962276587305,-5.13957080423733,-0.0181230759197584,-1.41599112521602,-5.25506783584169,-0.0220569857860664
-3.4259021857039,-3.714100715271,-0.00686549544599849,-3.31158651881334,-3.84538585395093,-0.0110823120731718,-3.19379104459935,-3.97668861443962,-0.0160738002366695,-3.07251576306192,-4.1080089967371,-0.0218399599364916,-2.94776067420107,-4.23934700084335,-0.0283807911726381,-2.81952577801678,-4.37070262675838,-0.0356962939451091,-2.68781107450907,-4.50207587448219,-0.0437864682539045,-2.55261656367792,-4.63346674401477,-0.0526513140990242,-2.41394224552335,-4.76487523535613,-0.0622908314804684,-2.27178812004534,-4.89630134850627,-0.072705020398237,-2.1261541872439,-5.02774508346518,-0.0838938808523301,-1.97704044711904,-5.15920644023287,-0.0958574128427475,-1.82444689967074,-5.29068541880934,-0.108595616369489,-1.66837354489901,-5.42218201919458,-0.122108491432556,-1.50882038280385,-5.5536962413886,-0.136396038031946
-3.34193773306762,-3.78629944928984,0.0404516204035317,-3.23292825777942,-3.90049801475253,0.0503780551800912,-3.12155433765846,-4.0125428635426,0.0614236146552772,-3.00781597270473,-4.12243399566006,0.0735882988290897,-2.89171316291824,-4.2301714111049,0.0868721077015287,-2.77324590829898,-4.33575510987714,0.101275041272594,-2.65241420884696,-4.43918509197676,0.116797099542286,-2.52921806456216,-4.54046135740377,0.133438282510605,-2.40365747544461,-4.63958390615817,0.15119859017755,-2.27573244149428,-4.73655273823996,0.170078022543122,-2.14544296271119,-4.83136785364914,0.19007657960732,-2.01278903909534,-4.9240292523857,0.211194261370145,-1.87777067064671,-5.01453693444965,0.233431067831596,-1.74038785736532,-5.10289089984099,0.256786998991674,-1.60064059925117,-5.18909114855972,0.281262054850378
-3.24238840416794,-3.85285290869929,0.0164642575374595,-3.13375298522558,-3.95110556297958,0.0176925297317616,-3.02310076791855,-4.04545361300462,0.0187936444334846,-2.91043175224686,-4.13589705877443,0.0197676016426287,-2.79574593821049,-4.22243590028899,0.0206144013591938,-2.67904332580946,-4.30507013754831,0.0213340435831798,-2.56032391504375,-4.3837997705524,0.0219265283145868,-2.43958770591338,-4.45862479930124,0.0223918555534149,-2.31683469841833,-4.52954522379485,0.0227300252996639,-2.19206489255862,-4.59656104403321,0.0229410375533339,-2.06527828833424,-4.65967226001633,0.0230248923144249,-1.93647488574519,-4.71887887174422,0.0229815895829369,-1.80565468479146,-4.77418087921686,0.0228111293588699,-1.67281768547307,-4.82557828243427,0.0225135116422239,-1.53796388779001,-4.87307108139643,0.0220887364329989
-3.0921008060311,-3.97362882822773,-0.0155957084763011,-2.96939121274583,-4.07449686070283,-0.0241307955649739,-2.84313416476239,-4.17228798579882,-0.0340163339481313,-2.71332966208077,-4.2670022035157,-0.0452523236257735,-2.57997770470097,-4.35863951385347,-0.0578387645979004,-2.443078292623,-4.44719991681214,-0.0717756568645121,-2.30263142584685,-4.5326834123917,-0.0870630004256084,-2.15863710437252,-4.61509000059214,-0.10370079528119,-2.01109532820002,-4.69441968141349,-0.121689041431255,-1.86000609732934,-4.77067245485572,-0.141027738875806,-1.70536941176048,-4.84384832091884,-0.161716887614841,-1.54718527149344,-4.91394727960286,-0.183756487648361,-1.38545367652823,-4.98096933090777,-0.207146538976366,-1.22017462686484,-5.04491447483357,-0.231887041598855,-1.05134812250328,-5.10578271138026,-0.257977995515829
-2.98266976948991,-4.06620461114944,-0.0139960715700395,-2.86025656723574,-4.16159531512692,-0.0209478336177014,-2.73478387771687,-4.25360438374843,-0.0288776107567202,-2.6062517009333,-4.34223181701396,-0.0377854029870957,-2.47466003688503,-4.42747761492352,-0.047671210308828,-2.34000888557205,-4.50934177747711,-0.0585350327219172,-2.20229824699437,-4.58782430467472,-0.0703768702263632,-2.06152812115199,-4.66292519651637,-0.0831967228221659,-1.91769850804491,-4.73464445300204,-0.0969945905093255,-1.77080940767312,-4.80298207413174,-0.111770473287842,-1.62086082003663,-4.86793805990547,-0.127524371157715,-1.46785274513544,-4.92951241032322,-0.144256284118945,-1.31178518296955,-4.987705125385,-0.161966212171532,-1.15265813353896,-5.04251620509081,-0.180654155315476,-0.990471596843658,-5.09394564944065,-0.200320113550776
-2.84938675933597,-4.1095341305678,-0.0277400800848451,-2.72076750310215,-4.18647264854246,-0.0376360609369712,-2.58868931014797,-4.25811635918753,-0.0487596619497384,-2.45315218047345,-4.324465262503,-0.0611108831231467,-2.31415611407857,-4.38551935848887,-0.0746897244571959,-2.17170111096334,-4.44127864714514,-0.0894961859518862,-2.02578717112777,-4.49174312847181,-0.105530267607218,-1.87641429457184,-4.53691280246889,-0.12279196942319,-1.72358248129556,-4.57678766913636,-0.141281291399803,-1.56729173129894,-4.61136772847424,-0.160998233537058,-1.40754204458196,-4.64065298048252,-0.181942795834953,-1.24433342114463,-4.66464342516121,-0.204114978293489,-1.07766586098695,-4.68333906251029,-0.227514780912667,-0.907539364108921,-4.69673989252978,-0.252142203692485,-0.733953930510542,-4.70484591521967,-0.277997246632945
-2.70797172771943,-4.21931286747208,-0.0304867570891993,-2.57218944346184,-4.30046308832861,-0.0395407942485903,-2.4324779965555,-4.3775253316078,-0.0495597251656732,-2.2888373870004,-4.45049959730965,-0.0605435498404478,-2.14126761479656,-4.51938588543417,-0.0724922682729143,-1.98976867994396,-4.58418419598135,-0.0854058804630727,-1.83434058244261,-4.64489452895119,-0.0992843864109229,-1.6749833222925,-4.70151688434369,-0.114127786116465,-1.51169689949365,-4.75405126215886,-0.129936079579699,-1.34448131404604,-4.80249766239669,-0.146709266800624,-1.17333656594968,-4.84685608505718,-0.164447347779242,-0.998262655204562,-4.88712653014034,-0.183150322515551,-0.819259581810696,-4.92330899764615,-0.202818191009553,-0.636327345768077,-4.95540348757463,-0.223450953261246,-0.449465947076706,-4.98340999992578,-0.24504860927063
-2.57824749763978,-4.34452806651741,-0.000857342593611421,-2.4402897221699,-4.43434613721716,0.000321722122673647,-2.2986254086336,-4.52169555348797,0.00195745304337967,-2.15325455703087,-4.60657631532983,0.00404985016850665,-2.00417716736172,-4.68898842274275,0.00659891349805458,-1.85139323962614,-4.76893187572672,0.00960464303202347,-1.69490277382414,-4.84640667428174,0.0130670387704133,-1.53470576995572,-4.92141281840781,0.0169861007132241,-1.37080222802086,-4.99395030810494,0.0213618288604559,-1.20319214801958,-5.06401914337313,0.0261942232121086,-1.03187552995188,-5.13161932421236,0.0314832837681822,-0.856852373817754,-5.19675085062265,0.0372290105286768,-0.6781226796172,-5.259413722604,0.0434314034935924,-0.495686447350222,-5.31960794015639,0.0500904626629289,-0.309543677016818,-5.37733350327985,0.0572061880366864
-2.43481389902344,-4.39093861821629,0.0117575687715986,-2.29156445693579,-4.46572252682345,0.0167037219881403,-2.14440724833359,-4.53644261851159,0.0225267919563905,-1.99334227321684,-4.60309889328072,0.0292267786763491,-1.83836953158554,-4.66569135113084,0.0368036821480162,-1.67948902343969,-4.72421999206195,0.0452575023713916,-1.51670074877929,-4.77868481607405,0.0545882393464756,-1.35000470760434,-4.82908582316713,0.0647958930732679,-1.17940089991484,-4.87542301334121,0.0758804635517686,-1.00488932571079,-4.91769638659627,0.0878419507819778,-0.826469984992197,-4.95590594293231,0.100680354763895,-0.644142877759051,-4.99005168234935,0.114395675497521,-0.457908004011356,-5.02013360484738,0.128987912982856,-0.267765363749112,-5.04615171042639,0.144457067219899,-0.0737149569723181,-5.06810599908639,0.16080313820865
-2.29684033271701,-4.46716825877247,0.0527466931805081,-2.15121037236782,-4.53830685758341,0.0690033986377929,-2.00186652618056,-4.60543476799844,0.087461547034874,-1.84880879415523,-4.66855199001755,0.108121138371752,-1.69203717629185,-4.72765852364075,0.130982172648425,-1.53155167259039,-4.78275436886803,0.156044649864896,-1.36735228305088,-4.8338395256994,0.183308570021163,-1.1994390076733,-4.88091399413484,0.212773933117226,-1.02781184645766,-4.92397777417438,0.244440739153085,-0.852470799403954,-4.96303086581799,0.278308988128741,-0.673415866512184,-4.99807326906569,0.314378680044194,-0.490647047782351,-5.02910498391747,0.352649814899442,-0.304164343214454,-5.05612601037334,0.393122392694488,-0.113967752808493,-5.07913634843329,0.435796413429329,0.0799427234355312,-5.09813599809732,0.480671877103967
-2.08401586425827,-4.55533081726746,0.0604618102821195,-1.91522070811274,-4.62738678394554,0.0764473595439954,-1.74024236676944,-4.69605766771139,0.0943204609344863,-1.55908084022839,-4.76134346856502,0.114081114453592,-1.37173612848958,-4.82324418650642,0.135729320101314,-1.17820823155302,-4.8817598215356,0.15926507787765,-0.978497149418693,-4.93689037365255,0.184688387782601,-0.772602882086611,-4.98863584285728,0.211999249816168,-0.560525429556772,-5.03699622914978,0.241197663978349,-0.342264791829175,-5.08197153253006,0.272283630269146,-0.117820968903821,-5.12356175299811,0.305257148688558,0.112806039219292,-5.16176689055394,0.340118219236585,0.349616232540162,-5.19658694519754,0.376866841913227,0.592609611058789,-5.22802191692892,0.415503016718484,0.841786174775175,-5.25607180574807,0.456026743652356
-1.95003552922381,-4.63675845428638,0.050309576863179,-1.78513530133987,-4.70814222739029,0.0606163737021466,-1.61533128173684,-4.77648531268543,0.0718501975932999,-1.44062347041471,-4.8417877101718,0.0840110485366388,-1.2610118673735,-4.9040494198494,0.0970989265321633,-1.07649647261319,-4.96327044171822,0.111113831579873,-0.887077286133781,-5.01945077577828,0.126055763679769,-0.692754307935284,-5.07259042202956,0.141924722831851,-0.493527538017694,-5.12268938047207,0.158720709036118,-0.289396976381012,-5.16974765110581,0.176443722292571,-0.0803626230252359,-5.21376523393078,0.195093762601209,0.133575522049633,-5.25474212894698,0.214670829962033,0.352417458843594,-5.29267833615441,0.235174924375043,0.576163187356648,-5.32757385555306,0.256606045840238,0.804812707588796,-5.35942868714295,0.278964194357619
-1.78610092849604,-4.68723947414367,0.0405258722886394,-1.61657643639677,-4.74953167903474,0.0459439445476171,-1.4421836379564,-4.8080150506739,0.0515507474760549,-1.26292253317491,-4.86268958906116,0.0573462810739527,-1.0787931220523,-4.91355529419653,0.0633305453413105,-0.889795404588583,-4.96061216607999,0.0695035402781283,-0.695929380783752,-5.00386020471155,0.0758652658844062,-0.497195050637808,-5.0432994100912,0.0824157221601441,-0.293592414150751,-5.07892978221896,0.0891549091053421,-0.0851214713225805,-5.11075132109481,0.0960828267200001,0.128217777846703,-5.13876402671876,0.103199475004118,0.3464253333571,-5.16296789909082,0.110504853957696,0.56950119520861,-5.18336293821097,0.117998963580734,0.797445363401233,-5.19994914407921,0.125681803873232,1.03025783793497,-5.21272651669556,0.13355337483519
-1.65534837721073,-4.73008724509289,0.00897394732937739,-1.4921791900397,-4.78294188720925,0.00387876143045083,-1.32556650833613,-4.8312731417205,-0.00238628683031016,-1.15551033210002,-4.87508100862662,-0.00982119745290558,-0.982010661331379,-4.91436548792762,-0.0184259704373355,-0.8050674960302,-4.9491265796235,-0.0282006057835998,-0.624680836196485,-4.97936428371425,-0.0391451034916985,-0.440850681830233,-5.00507860019988,-0.0512594635616317,-0.253577032931445,-5.02626952908039,-0.0645436859933993,-0.0628598895001216,-5.04293707035578,-0.0789977707870014,0.131300748463738,-5.05508122402604,-0.0946217179424379,0.328904880960135,-5.06270199009118,-0.111415527459709,0.529952507989067,-5.0657993685512,-0.129379199338814,0.734443629550536,-5.0643733594061,-0.148512733579754,0.94237824564454,-5.05842396265587,-0.168816130182528
-1.53723094169697,-4.78308029790782,0.00885208465025555,-1.38365973630304,-4.83145161922623,0.00402670243055562,-1.22830062199883,-4.87530463932915,-0.00178577983620453,-1.07115359878433,-4.91463935821658,-0.00858536215002492,-0.912218666659551,-4.94945577588852,-0.0163720445109055,-0.751495825624484,-4.97975389234497,-0.0251458269188464,-0.588985075679131,-5.00553370758593,-0.0349067093738474,-0.424686416823493,-5.0267952216114,-0.0456546918759087,-0.25859984905757,-5.04353843442138,-0.0573897744250302,-0.0907253723813613,-5.05576334601586,-0.070111957021212,0.0789370132051323,-5.06346995639485,-0.083821239664454,0.250387307701911,-5.06665826555836,-0.0985176223547562,0.423625511108976,-5.06532827350637,-0.114201105092119,0.598651623426325,-5.05947998023889,-0.130871687876541,0.77546564465396,-5.04911338575592,-0.148529370708024
-1.39390669661792,-4.82018559783002,-0.0194761907631065,-1.24151384855812,-4.86077735625636,-0.0320922358996311,-1.08770965231086,-4.89643680374822,-0.0465590778457467,-0.932494107876161,-4.9271639403056,-0.0628767166014534,-0.775867215254009,-4.95295876592851,-0.0810451521667511,-0.617828974444408,-4.97382128061693,-0.10106438454164,-0.458379385447357,-4.98975148437088,-0.12293441372612,-0.297518448262858,-5.00074937719034,-0.146655239720191,-0.135246162890909,-5.00681495907533,-0.172226862523853,0.0284374706684893,-5.00794823002584,-0.199649282137106,0.193532452415337,-5.00414919004187,-0.22892249855995,0.360038782349633,-4.99541783912342,-0.260046511792385,0.527956460471379,-4.98175417727049,-0.293021321834411,0.697285486780573,-4.96315820448308,-0.327846928686029,0.868025861277217,-4.9396299207612,-0.364523332347237
-1.23095772702398,-4.86506248525391,0.00899438760256929,-1.07409776926147,-4.90196238192366,0.00642120588799233,-0.915438541368506,-4.93408743984806,0.00350710035732211,-0.754980043345088,-4.96143765902712,0.000252071010558622,-0.592722275191216,-4.98401303946083,-0.00334388215229812,-0.428665236906891,-5.0018135811492,-0.00728075913124813,-0.262808928492111,-5.01483928409222,-0.0115585599262914,-0.0951533499468774,-5.0230901482899,-0.0161772845374279,0.0743014987288099,-5.02656617374224,-0.0211369329646577,0.245555617534951,-5.02526736044923,-0.0264375052079807,0.418609006471546,-5.01919370841088,-0.0320790012673971,0.593461665538595,-5.00834521762719,-0.0380614211429066,0.770113594736098,-4.99272188809815,-0.0443847648345095,0.948564794064054,-4.97232371982376,-0.0510490323422055,1.12881526352246,-4.94715071280404,-0.0580542236659949
-1.06877678523917,-4.9022790422122,0.0367435927242279,-0.908577251264463,-4.93449576622058,0.0426071412254143,-0.746382908821292,-4.96194928828356,0.049244069035951,-0.582193757909656,-4.98463960840114,0.0566543761558381,-0.416009798529555,-5.0025667265733,0.0648380625850755,-0.247831030680989,-5.01573064280006,0.0737951283236632,-0.0776574543639582,-5.02413135708141,0.0835255733716012,0.0945109304215374,-5.02776886941736,0.0940293977288895,0.268674123675498,-5.0266431798079,0.105306601395528,0.444832125397923,-5.02075428825303,0.117357184371517,0.622984935588814,-5.01010219475275,0.130181146656856,0.803132554248169,-4.99468689930707,0.143778488251546,0.985274981375989,-4.97450840191598,0.158149209155586,1.16941221697227,-4.94956670257948,0.173293309368976,1.35554426103702,-4.91986180129757,0.189210788891716
-0.907859525289758,-4.9242343242437,0.00535021882179247,-0.745457417200377,-4.94871738794443,0.00120209936949568,-0.581034125268418,-4.96806015679713,-0.00354177788336832,-0.41458964949388,-4.98226263080181,-0.00888141293679952,-0.246123989876763,-4.99132480995846,-0.0148168057907979,-0.0756371464170679,-4.99524669426709,-0.0213479564453635,0.0968708808852059,-4.99402828372769,-0.0284748649004964,0.271400092030058,-4.98766957834027,-0.0361975311561964,0.447950487017489,-4.97617057810482,-0.0445159552124636,0.626522065847499,-4.95953128302134,-0.053430137069298,0.807114828520087,-4.93775169308984,-0.0629400767266997,0.989728775035254,-4.91083180831031,-0.0730457741846685,1.174363905393,-4.87877162868276,-0.0837472294432046,1.36102021959332,-4.84157115420718,-0.0950444425023078,1.54969771763623,-4.79923038488358,-0.106937413361978
-0.749964715761032,-4.95042471907614,-0.035376927640404,-0.586846186135463,-4.97026172217474,-0.050709616573856,-0.421872109261182,-4.98502117233369,-0.067982288758957,-0.255042485138188,-4.99470306955297,-0.0871949441957071,-0.0863573137664822,-4.99930741383259,-0.108347582884106,0.0841834048539364,-4.99883420517255,-0.131440204824154,0.256579670723068,-4.99328344357284,-0.156472810015851,0.430831483840911,-4.98265512903347,-0.183445398459198,0.606938844207467,-4.96694926155444,-0.212357970154193,0.784901751822735,-4.94616584113574,-0.243210525100837,0.964720206686716,-4.92030486777739,-0.27600306329913,1.14639420879941,-4.88936634147937,-0.310735584749072,1.32992375816082,-4.85335026224169,-0.347408089450664,1.51530885477093,-4.81225663006434,-0.386020577403904,1.70254949862976,-4.76608544494733,-0.426573048608793
-0.605242560150782,-4.97453671939278,-0.012212258603149,-0.445593822848851,-4.99053368580563,-0.0183408051218763,-0.28476557799036,-5.00161019913995,-0.0249946135993755,-0.122757825575309,-5.00776625939575,-0.0321736840356467,0.0404294343963018,-5.00900186657303,-0.0398780164306897,0.204796201924473,-5.00531702067178,-0.0481076107845047,0.370342477009203,-4.996711721692,-0.0568624670970916,0.537068259650494,-4.98318596963369,-0.0661425853684504,0.704973549848345,-4.96473976449687,-0.0759479655985811,0.874058347602755,-4.94137310628151,-0.0862786077874837,1.04432265291373,-4.91308599498763,-0.0971345119351583,1.21576646578126,-4.87987843061523,-0.108515678041605,1.38838978620535,-4.8417504131643,-0.120422106106823,1.562192614186,-4.79870194263484,-0.132853796130813,1.73717494972321,-4.75073301902686,-0.145810748113576
-0.46469249499699,-4.96401760305663,0.00682789242176345,-0.309392889341264,-4.96741830241537,0.00745985998371856,-0.153615624244743,-4.96492412164795,0.00849147820963457,0.00263930029257422,-4.95653506075439,0.0099227470995115,0.159371884270687,-4.94225111973468,0.0117536666533493,0.316582127689594,-4.92207229858882,0.0139842368711481,0.474270030549298,-4.89599859731681,0.0166144577529077,0.632435592849796,-4.86403001591866,0.0196443292986282,0.79107881459109,-4.82616655439435,0.0230738515083097,0.95019969577318,-4.78240821274389,0.026903024381952,1.10979823639606,-4.73275499096729,0.0311318479195553,1.26987443645974,-4.67720688906454,0.0357603221211194,1.43042829596422,-4.61576390703563,0.0407884469866445,1.59145981490949,-4.54842604488058,0.0462162225161305,1.75296899329556,-4.47519330259938,0.0520436487095774
-0.309108524264503,-4.94425946009294,0.0426090098920859,-0.153248941826802,-4.93506131150194,0.0538155223001717,0.00309875005008952,-4.91911722938583,0.0667133649425342,0.159934551366173,-4.89642721374461,0.0813025378191734,0.317258462121447,-4.86699126457828,0.0975830409300893,0.475070482315914,-4.83080938188684,0.115554874275282,0.633370611949571,-4.7878815656703,0.135218037854751,0.79215885102242,-4.73820781592865,0.156572531668497,0.951435199534461,-4.68178813266189,0.17961835571652,1.11119965748569,-4.61862251587002,0.20435550999882,1.27145222487612,-4.54871096555304,0.230783994515396,1.43219290170573,-4.47205348171096,0.258903809266249,1.59342168797454,-4.38865006434376,0.288714954251378,1.75513858368254,-4.29850071345146,0.320217429470785,1.91734358882973,-4.20160542903405,0.353411234924468
-0.149999403044592,-4.93281313193533,-0.00593879802815102,0.0072889577627308,-4.91621825202604,-0.0103384970860339,0.16518484378086,-4.89279482129863,-0.0152427493095919,0.323688255009796,-4.86254283975313,-0.0206515546988249,0.482799191449539,-4.82546230738951,-0.0265649132537331,0.642517653100088,-4.78155322420779,-0.0329828249743163,0.802843639961445,-4.73081559020797,-0.0399052898605746,0.963777152033608,-4.67324940539004,-0.0473323079125079,1.12531818931658,-4.60885466975401,-0.0552638791301164,1.28746675181035,-4.53763138329986,-0.0637000035133999,1.45022283951494,-4.45957954602762,-0.0726406810623586,1.61358645243033,-4.37469915793727,-0.0820859117769923,1.77755759055653,-4.28299021902881,-0.0920356956573011,1.94213625389353,-4.18445272930225,-0.102490032703285,2.10732244244134,-4.07908668875758,-0.113448922914944
0.0192847799900745,-4.96365390861476,-0.0106753574606421,0.180653188732353,-4.9539620414532,-0.0156771232421308,0.343069951511757,-4.93918481409635,-0.0211958213126891,0.506535068328287,-4.9193222265442,-0.0272314516723171,0.671048539181941,-4.89437427879677,-0.0337840143210148,0.836610364072721,-4.86434097085404,-0.0408535092587821,1.00322054300063,-4.82922230271603,-0.0484399364856191,1.17087907596566,-4.78901827438272,-0.0565432960015258,1.33958596296781,-4.74372888585413,-0.0651635878065021,1.50934120400709,-4.69335413713024,-0.0743008119005481,1.6801447990835,-4.63789402821106,-0.0839549682836637,1.85199674819703,-4.57734855909659,-0.0941260569558491,2.02489705134769,-4.51171772978683,-0.104814077917104,2.19884570853547,-4.44100154028178,-0.116019031167429,2.37384271976038,-4.36519999058144,-0.127740916706823
0.194384622063358,-4.96752796358782,-0.0200028938496967,0.360776328233334,-4.95667776782528,-0.0267738059368975,0.528720998422499,-4.94124073955644,-0.0342206160217051,0.698218632630853,-4.9212168787813,-0.0423433241041197,0.869269230858396,-4.89660618549985,-0.0511419301841412,1.04187279310513,-4.86740865971211,-0.0606164342617696,1.21602931937105,-4.83362430141806,-0.070766836337005,1.39173880965616,-4.79525311061772,-0.0815931364098472,1.56900126396046,-4.75229508731107,-0.0930953344802963,1.74781668228395,-4.70475023149813,-0.105273430548352,1.92818506462662,-4.65261854317888,-0.118127424614015,2.11010641098849,-4.59590002235333,-0.131657316677285,2.29358072136954,-4.53459466902149,-0.145863106738162,2.47860799576979,-4.46870248318334,-0.160744794796646,2.66518823418922,-4.39822346483889,-0.176302380852736
0.331353423209783,-4.99353207188009,-0.0174050044066578,0.490780819270637,-4.98876354185069,-0.0221397556100287,0.650679930859113,-4.98076252079265,-0.0272061151321238,0.811050757975213,-4.96952900870599,-0.032604082972943,0.971893300618934,-4.9550630055907,-0.0383336591324864,1.13320755879028,-4.93736451144679,-0.0443948436107539,1.29499353248925,-4.91643352627424,-0.0507876364077455,1.45725122171583,-4.89227005007306,-0.0575120375234613,1.61998062647005,-4.86487408284326,-0.0645680469579013,1.78318174675188,-4.83424562458482,-0.0719556647110653,1.94685458256134,-4.80038467529776,-0.0796748907829536,2.11099913389842,-4.76329123498207,-0.0877257251735659,2.27561540076312,-4.72296530363775,-0.0961081678829024,2.44070338315544,-4.6794068812648,-0.104822218910963,2.60626308107539,-4.63261596786322,-0.113867878257748
0.456883119925693,-4.97279085107726,-0.0380275757592366,0.606969604331067,-4.96016609263588,-0.0476931045137304,0.756282113661624,-4.9437218702687,-0.058274095613492,0.904820647917365,-4.92345818397571,-0.0697705490585213,1.05258520709829,-4.89937503375691,-0.0821824648488182,1.1995757912044,-4.87147241961231,-0.0955098429843829,1.34579240023569,-4.83975034154191,-0.109752683465215,1.49123503419216,-4.80420879954569,-0.124910986291315,1.63590369307382,-4.76484779362368,-0.140984751462683,1.77979837688066,-4.72166732377586,-0.157973978979319,1.92291908561269,-4.67466739000223,-0.175878668841222,2.0652658192699,-4.62384799230279,-0.194698821048393,2.20683857785229,-4.56920913067756,-0.214434435600832,2.34763736135987,-4.51075080512651,-0.235085512498538,2.48766216979263,-4.44847301564966,-0.256652051741512
0.623217713213841,-4.93870962705513,0.0166867794290257,0.7772336873216,-4.91605423692495,0.0247423274286629,0.93107278046222,-4.88879088931182,0.0342482791436612,1.0847349926357,-4.85691958421574,0.0452046345740207,1.23822032384204,-4.82044032163671,0.0576113937197412,1.39152877408124,-4.77935310157473,0.0714685565808229,1.54466034335331,-4.73365792402981,0.0867761231572656,1.69761503165823,-4.68335478900193,0.103534093449069,1.85039283899601,-4.6284436964911,0.121742467456234,2.00299376536666,-4.56892464649732,0.141401245178761,2.15541781077016,-4.5047976390206,0.162510426616648,2.30766497520653,-4.43606267406092,0.185070011769896,2.45973525867576,-4.3627197516183,0.209080000638505,2.61162866117784,-4.28476887169272,0.234540393222476,2.76334518271279,-4.20221003428419,0.261451189521808
0.779915521143482,-4.91679282122936,0.0267327203918956,0.934530945302717,-4.88974327728322,0.0368148464335739,1.08906804194398,-4.85811291774119,0.0484205202050264,1.24352681106727,-4.82190174260326,0.0615497417062533,1.39790725267258,-4.78110975186945,0.0762025109372544,1.55220936675992,-4.73573694553974,0.0923788278980298,1.70643315332928,-4.68578332361414,0.110078692588579,1.86057861238068,-4.63124888609264,0.129302105008903,2.0146457439141,-4.57213363297526,0.150049065159002,2.16863454792954,-4.50843756426198,0.172319573038874,2.32254502442701,-4.4401606799528,0.196113628648521,2.47637717340651,-4.36730298004774,0.221431231987942,2.63013099486803,-4.28986446454678,0.248272383057137,2.78380648881158,-4.20784513344993,0.276637081856107,2.93740365523716,-4.12124498675719,0.30652532838485
0.951091602593084,-4.93343776820007,0.0286761108144663,1.1104226397978,-4.91445598828462,0.0379258023241298,1.27028392928658,-4.89249910105925,0.0483999549980374,1.43067547105942,-4.86756710652396,0.0600985688361889,1.59159726511632,-4.83966000467874,0.0730216438385844,1.75304931145729,-4.8087777955236,0.0871691800052239,1.91503161008231,-4.77492047905854,0.102541177336107,2.0775441609914,-4.73808805528355,0.119137635831235,2.24058696418455,-4.69828052419864,0.136958555490606,2.40416001966177,-4.65549788580381,0.156003936314222,2.56826332742305,-4.60974014009905,0.176273778302081,2.73289688746838,-4.56100728708437,0.197768081454185,2.89806069979779,-4.50929932675977,0.220486845770532,3.06375476441125,-4.45461625912524,0.244430071251123,3.22997908130877,-4.39695808418079,0.269597757895959
1.09599608145212,-4.87025792727199,0.0352690719336045,1.25168120437747,-4.83550668811967,0.0449741604718325,1.40736642478276,-4.79615612791097,0.0558060792393252,1.56305174266797,-4.75220624664589,0.0677648282360827,1.71873715803311,-4.70365704432442,0.080850407462105,1.87442267087818,-4.65050852094656,0.095062816917392,2.03010828120319,-4.59276067651233,0.110402056601944,2.18579398900812,-4.5304135110217,0.12686812651576,2.34147979429298,-4.4634670244747,0.144461026658842,2.49716569705777,-4.39192121687131,0.163180757031188,2.6528516973025,-4.31577608821153,0.183027317632799,2.80853779502715,-4.23503163849537,0.204000708463674,2.96422399023174,-4.14968786772283,0.226100929523814,3.11991028291625,-4.0597447758939,0.249327980813219,3.27559667308069,-3.96520236300858,0.273681862331889
1.2597204182909,-4.81899454155757,0.0434558010042623,1.41773281164603,-4.77486408355824,0.0538481886037667,1.5760407317703,-4.7255275073984,0.0653116089549363,1.73464417866369,-4.67098481307808,0.0778460620577711,1.8935431523262,-4.61123600059725,0.091451547912271,2.05273765275785,-4.54628106995594,0.106128066518436,2.21222767995863,-4.47612002115413,0.121875617876267,2.37201323392854,-4.40075285419182,0.138694201985762,2.53209431466757,-4.32017956906903,0.156583818846923,2.69247092217574,-4.23440016578573,0.175544468459749,2.85314305645303,-4.14341464434195,0.19557615082424,3.01411071749945,-4.04722300473766,0.216678865940396,3.175373905315,-3.94582524697289,0.238852613808218,3.33693261989969,-3.83922137104762,0.262097394427704,3.4987868612535,-3.72741137696185,0.286413207798856
1.40961324786762,-4.76599873166683,0.00627885070564826,1.56557073554995,-4.71409583405633,0.00397200973638649,1.72152536797284,-4.65666102964032,0.000988098304440983,1.87747714513627,-4.59369431841881,-0.00267288359018825,2.03342606704026,-4.5251957003918,-0.00701093594750122,2.1893721336848,-4.45116517555929,-0.0120260587674979,2.34531534506989,-4.37160274392128,-0.0177182520501783,2.50125570119553,-4.28650840547777,-0.0240875157955425,2.65719320206172,-4.19588216022876,-0.0311338500035904,2.81312784766846,-4.09972400817425,-0.038857254674322,2.96905963801575,-3.99803394931423,-0.0472577298077374,3.12498857310359,-3.89081198364871,-0.0563352754038364,3.28091465293199,-3.7780581111777,-0.0660898914626193,3.43683787750093,-3.65977233190118,-0.0765215779840858,3.59275824681043,-3.53595464581916,-0.0876303349682361
1.54377177239916,-4.73993205730103,0.014509083820623,1.69341609165889,-4.68997626271221,0.0145754200924283,1.84225647582,-4.6354380045285,0.014351907878781,1.99029292488247,-4.5763172827499,0.0138385471796812,2.13752543884631,-4.51261409737641,0.0130353379951287,2.28395401771153,-4.44432844840803,0.0119422803251237,2.42957866147811,-4.37146033584476,0.0105593741696662,2.57439937014606,-4.29400975968661,0.00888661952875605,2.71841614371539,-4.21197671993357,0.00692401640239335,2.86162898218608,-4.12536121658564,0.00467156479057807,3.00403788555814,-4.03416324964282,0.00212926469331023,3.14564285383157,-3.93838281910511,-0.000702883889410189,3.28644388700637,-3.83801992497251,-0.00382488095758318,3.42644098508255,-3.73307456724503,-0.00723672651120874,3.56563414806009,-3.62354674592266,-0.0109384205502869
1.67007383022238,-4.73191745969786,0.0379322406438369,1.81215715082126,-4.68952024169051,0.0444700065311413,1.95257874253984,-4.64408183740059,0.0515762527407293,2.09133860537811,-4.5956022468281,0.0592509792726007,2.22843673933607,-4.54408146997303,0.0674941861267558,2.36387314441374,-4.4895195068354,0.0763058733031944,2.4976478206111,-4.43191635741519,0.0856860408019165,2.62976076792815,-4.3712720217124,0.0956346886229221,2.7602119863649,-4.30758649972705,0.106151816766211,2.88900147592135,-4.24085979145912,0.117237425231784,3.0161292365975,-4.17109189690862,0.12889151401964,3.14159526839334,-4.09828281607555,0.14111408312978,3.26539957130887,-4.0224325489599,0.153905132562204,3.38754214534411,-3.94354109556169,0.167264662316911,3.50802299049904,-3.8616084558809,0.181192672393901
1.8141272662372,-4.68075671625351,0.00212462319187877,1.95511916238522,-4.63278146699816,-0.00302717370067514,2.0945217284973,-4.58144298478769,-0.00916662083737767,2.23233496457345,-4.52674126962209,-0.0162937182182288,2.36855887061366,-4.46867632150138,-0.0244084658432286,2.50319344661794,-4.40724814042554,-0.033510863712377,2.63623869258628,-4.34245672639458,-0.043600911825674,2.76769460851869,-4.2743020794085,-0.0546786101831197,2.89756119441517,-4.20278419946729,-0.0667439587847139,3.02583845027571,-4.12790308657097,-0.0797969576304568,3.15252637610032,-4.04965874071952,-0.0938376067203483,3.27762497188899,-3.96805116191296,-0.108865906054388,3.40113423764173,-3.88308035015127,-0.124881855632577,3.52305417335853,-3.79474630543446,-0.141885455454915,3.6433847790394,-3.70304902776253,-0.159876705521401
1.94982562874245,-4.59657001386012,-0.00267996943247709,2.08769583504482,-4.53474912439876,-0.00871890868498548,2.22378218173433,-4.46823428433044,-0.0157327389353698,2.35808466881098,-4.39702549365518,-0.0237214601836299,2.49060329627476,-4.32112275237296,-0.032685072429766,2.62133806412567,-4.2405260604838,-0.042623575673778,2.75028897236372,-4.15523541798768,-0.0535369699156658,2.8774560209889,-4.06525082488461,-0.0654252551554296,3.00283921000122,-3.97057228117459,-0.0782884313930692,3.12643853940068,-3.87119978685763,-0.0921264986285848,3.24825400918727,-3.76713334193371,-0.106939456861976,3.36828561936099,-3.65837294640284,-0.122727306093244,3.48653336992185,-3.54491860026502,-0.139490046322387,3.60299726086985,-3.42677030352025,-0.157227677549406,3.71767729220498,-3.30392805616852,-0.175940199774301
2.1034196022992,-4.52252057418649,0.00960129420936756,2.24405762857059,-4.45246584183812,0.00789075369235884,2.38348962055302,-4.37726777764528,0.00587856269294521,2.5217155782465,-4.29692638160795,0.00356472121112668,2.65873550165102,-4.21144165372616,0.000949229246903246,2.79454939076658,-4.12081359399989,-0.00196791319972509,2.92915724559318,-4.02504220242914,-0.00518670612875834,3.06255906613083,-3.92412747901392,-0.00870714954019648,3.19475485237952,-3.81806942375422,-0.0125292434340395,3.32574460433925,-3.70686803665004,-0.0166529878102875,3.45552832201003,-3.5905233177014,-0.0210783826689403,3.58410600539185,-3.46903526690827,-0.0258054280099981,3.71147765448471,-3.34240388427067,-0.0308341238334608,3.83764326928861,-3.2106291697886,-0.0361644701393283,3.96260284980356,-3.07371112346205,-0.0417964669276008
2.27355746301232,-4.47411934007141,-0.0152082994242939,2.42152899847216,-4.40518948019565,-0.0239071506070399,2.56937857517759,-4.33191202269279,-0.0337565085057612,2.71710619312862,-4.25428696756283,-0.044756373120458,2.86471185232524,-4.17231431480578,-0.0569067444511301,3.01219555276747,-4.08599406442162,-0.0702076224977775,3.15955729445529,-3.99532621641037,-0.0846590072604003,3.30679707738872,-3.90031077077202,-0.100260898738998,3.45391490156774,-3.80094772750658,-0.117013296933572,3.60091076699235,-3.69723708661403,-0.134916201844121,3.74778467366257,-3.58917884809438,-0.153969613470645,3.89453662157839,-3.47677301194764,-0.174173531813145,4.0411666107398,-3.3600195781738,-0.19552795687162,4.18767464114681,-3.23891854677286,-0.21803288864607,4.33406071279942,-3.11346991774483,-0.241688327136496
2.44710557922005,-4.37221519876321,-0.0233886756752732,2.60235900504643,-4.28939242294731,-0.033087946656371,2.7584303738491,-4.20101029315222,-0.0439186711621485,2.91531968562803,-4.10706880937794,-0.0558808491926058,3.07302694038323,-4.00756797162447,-0.0689744807477427,3.23155213811471,-3.90250777989181,-0.0831995658275593,3.39089527882246,-3.79188823417995,-0.0985561044320557,3.55105636250648,-3.67570933448891,-0.115044096561232,3.71203538916677,-3.55397108081867,-0.132663542215087,3.87383235880334,-3.42667347316925,-0.151414441393623,4.03644727141617,-3.29381651154063,-0.171296794096838,4.19988012700528,-3.15540019593282,-0.192310600324733,4.36413092557066,-3.01142452634582,-0.214455860077307,4.52919966711231,-2.86188950277963,-0.237732573354562,4.69508635163023,-2.70679512523425,-0.262140740156495
2.58288593978518,-4.26460436668836,0.00241825024503518,2.73332029093728,-4.1690466480078,0.00186577705472093,2.88385697855355,-4.06701865073276,0.00148665086197913,3.03449600263398,-3.95852037486326,0.00128087166680978,3.18523736317858,-3.8435518203993,0.00124843946921288,3.33608106018735,-3.72211298734087,0.00138935426918844,3.48702709366028,-3.59420387568797,0.00170361606673644,3.63807546359738,-3.45982448544061,0.0021912248618569,3.78922616999864,-3.31897481659878,0.0028521806545498,3.94047921286408,-3.17165486916249,0.00368648344481516,4.09183459219368,-3.01786464313173,0.00469413323265297,4.24329230798744,-2.8576041385065,0.00587513001806323,4.39485236024538,-2.69087335528681,0.00722947380104594,4.54651474896748,-2.51767229347265,0.0087571645816011,4.69827947415374,-2.33800095306403,0.0104582023597287
2.704450443939,-4.17696872386908,0.00285527562148238,2.84662995537807,-4.07723399069294,0.00276258717293791,2.98785087885886,-3.97132010356038,0.00287960833918066,3.12811321438138,-3.85922706247139,0.00320633912021063,3.26741696194562,-3.74095486742598,0.00374277951602782,3.40576212155159,-3.61650351842414,0.00448892952663223,3.54314869319929,-3.48587301546588,0.00544478915202387,3.67957667688871,-3.34906335855119,0.00661035839220272,3.81504607261986,-3.20607454768008,0.0079856372471688,3.94955688039273,-3.05690658285254,0.00957062571692209,4.08310910020733,-2.90155946406858,0.0113653238014626,4.21570273206366,-2.74003319132819,0.0133697315007903,4.34733777596171,-2.57232776463137,0.0155838488149053,4.47801423190148,-2.39844318397813,0.0180076757438075,4.60773209988299,-2.21837944936847,0.0206412122874969
2.84841937883488,-4.07444305875973,0.0109736362543134,2.99015830045695,-3.96772125914097,0.0134675728152499,3.13100439280134,-3.85471774292147,0.0164729629699012,3.27095765586805,-3.73543251010122,0.0199898067182674,3.41001808965707,-3.60986556068023,0.0240181040603483,3.5481856941684,-3.47801689465848,0.0285578549961441,3.68546046940205,-3.33988651203599,0.0336090595256547,3.82184241535802,-3.19547441281275,0.0391717176488801,3.9573315320363,-3.04478059698877,0.0452458293658203,4.09192781943689,-2.88780506456404,0.0518313946764753,4.2256312775598,-2.72454781553856,0.0589284135808451,4.35844190640502,-2.55500884991233,0.0665368860789297,4.49035970597256,-2.37918816768535,0.0746568121707291,4.62138467626242,-2.19708576885763,0.0832881918562434,4.75151681727459,-2.00870165342916,0.0924310251354724
2.97048277581636,-4.00455246936817,-0.00269108423598689,3.10563324303984,-3.90221076624059,-0.00436326455034901,3.23916783438907,-3.79494083932573,-0.00611779815540843,3.37108654986404,-3.6827426886236,-0.00795468505116516,3.50138938946477,-3.56561631413418,-0.00987392523761919,3.63007635319123,-3.44356171585748,-0.0118755187147705,3.75714744104345,-3.31657889379351,-0.0139594654826192,3.88260265302141,-3.18466784794225,-0.0161257655411651,4.00644198912512,-3.04782857830371,-0.0183744188904084,4.12866544935458,-2.9060610848779,-0.020705425530349,4.24927303370978,-2.75936536766481,-0.0231187854609868,4.36826474219074,-2.60774142666443,-0.025614498682322,4.48564057479744,-2.45118926187678,-0.0281925651943545,4.60140053152988,-2.28970887330185,-0.0308529849970843,4.71554461238807,-2.12330026093963,-0.0335957580905114
3.08604446384877,-3.91802071098065,0.00711982483697018,3.21390854094811,-3.81532741010583,0.008689389245802,3.33943688334433,-3.70828687766352,0.0105985870123869,3.46262949103744,-3.5968991136537,0.0128474181367248,3.58348636402743,-3.48116411807637,0.0154358826188157,3.7020075023143,-3.36108189093155,0.0183639804586596,3.81819290589806,-3.23665243221922,0.0216317116562566,3.93204257477871,-3.1078757419394,0.0252390762116066,4.04355650895624,-2.97475182009207,0.0291860741247097,4.15273470843066,-2.83728066667724,0.0334727053955658,4.25957717320196,-2.6954622816949,0.0380989700241749,4.36408390327015,-2.54929666514507,0.0430648680105371,4.46625489863522,-2.39878381702773,0.0483703993546522,4.56609015929718,-2.24392373734289,0.0540155640565205,4.66358968525602,-2.08471642609054,0.0600003621161417
3.23817649722103,-3.8758641602141,0.00416586962227625,3.37072987116817,-3.78634766542532,0.00476560944690996,3.50183932211783,-3.69470857561279,0.00553874993522406,3.63150485006999,-3.60094689077652,0.00648529108721856,3.75972645502467,-3.50506261091651,0.00760523290289346,3.88650413698185,-3.40705573603275,0.00889857538224875,4.01183789594155,-3.30692626612525,0.0103653185252844,4.13572773190375,-3.204674201194,0.0120054623320005,4.25817364486847,-3.10029954123901,0.013819006802397,4.37917563483569,-2.99380228626027,0.0158059519364739,4.49873370180543,-2.88518243625778,0.0179662977342311,4.61684784577767,-2.77443999123156,0.0203000441956688,4.73351806675243,-2.66157495118159,0.0228071913207869,4.8487443647297,-2.54658731610787,0.0254877391095853,4.96252673970947,-2.42947708601041,0.0283416875620642
3.35318511609144,-3.75279599195316,0.00753033185359854,3.47921575213879,-3.65144444172256,0.00910379775531429,3.60315772124014,-3.54673732180775,0.0109522638034753,3.72501102339549,-3.43867463220873,0.0130757299980815,3.84477565860484,-3.3272563729255,0.0154741963391329,3.96245162686818,-3.21248254395807,0.0181476628266296,4.07803892818551,-3.09435314530642,0.0210961294605716,4.19153756255685,-2.97286817697057,0.0243195962409587,4.30294752998218,-2.8480276389505,0.0278180631677911,4.41226883046151,-2.71983153124622,0.0315915302410688,4.51950146399483,-2.58827985385774,0.0356399974607916,4.62464543058215,-2.45337260678505,0.0399634648269598,4.72770073022347,-2.31510979002814,0.0445619323395731,4.82866736291879,-2.17349140358703,0.0494353999986317,4.9275453286681,-2.0285174474617,0.0545838678041355
3.47378809237216,-3.63227737028375,-0.00930615751612981,3.59615887514535,-3.52202181109856,-0.012786962510761,3.7162415324578,-3.40770632054005,-0.0166693061422901,3.8340360643095,-3.28933089860822,-0.020953188410717,3.94954247070046,-3.16689554530307,-0.0256386093160419,4.06276075163067,-3.0404002606246,-0.0307255688582646,4.17369090710014,-2.90984504457281,-0.0362140670373853,4.28233293710885,-2.7752298971477,-0.0421041038534038,4.38868684165683,-2.63655481834926,-0.0483956793063202,4.49275262074405,-2.4938198081775,-0.0550887933961346,4.59453027437054,-2.34702486663243,-0.0621834461228468,4.69401980253627,-2.19616999371403,-0.0696796374864569,4.79122120524126,-2.04125518942231,-0.0775773674869649,4.8861344824855,-1.88228045375727,-0.0858766361243708,4.978759634269,-1.7192457867189,-0.0945774433986746
3.57446394903644,-3.53721150281222,-0.0239864796318904,3.68826640958669,-3.42729308888996,-0.0311108334370926,3.79898348804532,-3.31387294242756,-0.0390482916638697,3.90661518441232,-3.19695106342501,-0.0477988543122216,4.01116149868769,-3.07652745188232,-0.0573625213821484,4.11262243087143,-2.95260210779948,-0.06773929287365,4.21099798096354,-2.82517503117649,-0.0789291687867265,4.30628814896401,-2.69424622201336,-0.0909321491213777,4.39849293487286,-2.55981568031007,-0.103748233877604,4.48761233869008,-2.42188340606665,-0.117377423055405,4.57364636041566,-2.28044939928307,-0.131819716654781,4.65659500004962,-2.13551365995935,-0.147075114675731,4.73645825759195,-1.98707618809548,-0.163143617118257,4.81323613304264,-1.83513698369147,-0.180025223982357,4.8869286264017,-1.6796960467473,-0.197719935268032
3.6945140359615,-3.3857612025244,-0.00742692060550888,3.80703966277533,-3.26031850217215,-0.00850841481866606,3.91670949857931,-3.12984783353082,-0.00953266448537326,4.02352354337345,-2.9943491966004,-0.0104996696056305,4.12748179715774,-2.85382259138089,-0.0114094301794378,4.22858425993219,-2.70826801787229,-0.012261946206795,4.32683093169679,-2.5576854760746,-0.0130572176877023,4.42222181245155,-2.40207496598783,-0.0137952446221597,4.51475690219646,-2.24143648761196,-0.014476027010167,4.60443620093153,-2.075770040947,-0.0150995648517244,4.69125970865675,-1.90507562599296,-0.0156658581468318,4.77522742537213,-1.72935324274983,-0.0161749068954893,4.85633935107766,-1.54860289121761,-0.0166267110976967,4.93459548577335,-1.3628245713963,-0.0170212707534542,5.00999582945919,-1.1720182832859,-0.0173585858627617
3.80338527161607,-3.29774734659628,-0.015519807547525,3.91199724276492,-3.1781114928045,-0.0185736988775941,4.01761912940282,-3.05482312571498,-0.0218280040333485,4.12025093152976,-2.92788224532772,-0.0252827230147881,4.21989264914575,-2.79728885164273,-0.0289378558219131,4.31654428225077,-2.66304294465999,-0.0327934024547233,4.41020583084484,-2.52514452437952,-0.0368493629132188,4.50087729492794,-2.38359359080131,-0.0411057371973995,4.58855867450009,-2.23839014392535,-0.0455625253072656,4.67324996956128,-2.08953418375166,-0.0502197272428169,4.75495118011151,-1.93702571028023,-0.0550773430040535,4.83366230615078,-1.78086472351106,-0.0601353725909754,4.9093833476791,-1.62105122344416,-0.0653938160035826,4.98211430469645,-1.45758521007951,-0.070852673241875,5.05185517720285,-1.29046668341712,-0.0765119443058527
3.83991478382576,-3.22324582198743,-0.0466923442725431,3.92467040786532,-3.11302283555766,-0.0580863695121523,4.00378702302924,-3.00080595605504,-0.0707141274456498,4.07726462931753,-2.88659518347956,-0.0845756180730355,4.14510322673019,-2.77039051783123,-0.0996708413943094,4.20730281526721,-2.65219195911004,-0.115999797409472,4.26386339492861,-2.531999507316,-0.133562486118522,4.31478496571437,-2.4098131624491,-0.152358907521461,4.36006752762449,-2.28563292450935,-0.172389061618288,4.39971108065899,-2.15945879349674,-0.193652948409003,4.43371562481786,-2.03129076941128,-0.216150567893606,4.46208116010109,-1.90112885225296,-0.239881920072098,4.48480768650869,-1.76897304202179,-0.264847004944477,4.50189520404066,-1.63482333871776,-0.291045822510745,4.51334371269699,-1.49867974234088,-0.318478372770902
3.92397316363267,-3.14817691056593,-0.0307508524306728,4.00288794215744,-3.04613635095195,-0.0354655884434683,4.07613808910637,-2.94339375882561,-0.0404095170958345,4.14372360447946,-2.8399491341869,-0.0455826383877714,4.2056444882767,-2.73580247703584,-0.0509849523192791,4.2619007404981,-2.63095378737242,-0.0566164588903574,4.31249236114365,-2.52540306519663,-0.0624771581010065,4.35741935021336,-2.41915031050849,-0.0685670499512263,4.39668170770722,-2.31219552330798,-0.0748861344410169,4.43027943362524,-2.20453870359512,-0.0814344115703781,4.45821252796741,-2.09617985136989,-0.0882118813393101,4.48048099073374,-1.98711896663231,-0.0952185437478128,4.49708482192422,-1.87735604938236,-0.102454398795886,4.50802402153885,-1.76689109962006,-0.10991944648353,4.51329858957765,-1.65572411734539,-0.117613686810745
4.03177733652132,-2.99183432541281,-0.0260763100228259,4.11339031817339,-2.87337250920342,-0.0283022521911371,4.19040031100899,-2.75221314089731,-0.0304123448245263,4.26280731502813,-2.62835622049448,-0.0324065879229937,4.33061133023081,-2.50180174799493,-0.0342849814865391,4.39381235661702,-2.37254972339867,-0.0360475255151626,4.45241039418677,-2.24060014670569,-0.0376942200088641,4.50640544294006,-2.10595301791599,-0.0392250649676438,4.55579750287688,-1.96860833702957,-0.0406400603915015,4.60058657399723,-1.82856610404643,-0.0419392062804374,4.64077265630113,-1.68582631896658,-0.0431225026344512,4.67635574978856,-1.54038898179001,-0.0441899494535432,4.70733585445952,-1.39225409251671,-0.0451415467377133,4.73371297031402,-1.24142165114671,-0.0459772944869614,4.75548709735206,-1.08789165767998,-0.0466971927012876
4.11731353019148,-2.8455566466887,0.0282013076152129,4.19545920531933,-2.71634520718284,0.042447734085253,4.26914606390307,-2.58341402353764,0.0588864328214119,4.33837410594271,-2.44676309575311,0.0775174038236896,4.40314333143824,-2.30639242382925,0.098340647092086,4.46345374038967,-2.16230200776606,0.121356162626601,4.51930533279699,-2.01449184756354,0.146563950427235,4.57069810866021,-1.86296194322168,0.173964010493988,4.61763206797933,-1.7077122947405,0.203556342826859,4.66010721075434,-1.54874290211998,0.23534094742585,4.69812353698524,-1.38605376536013,0.269317824290959,4.73168104667204,-1.21964488446094,0.305486973422187,4.76077973981474,-1.04951625942243,0.343848394819533,4.78541961641333,-0.875667890244583,0.384402088482999,4.80560067646782,-0.698099776927404,0.427148054412583
4.1814651015472,-2.72003712878814,0.0186972382610142,4.25110097951187,-2.58817467402431,0.0282606986936667,4.31576377819793,-2.45272814781097,0.0391436355973472,4.37545349760539,-2.31369755014812,0.0513460489720556,4.43017013773423,-2.17108288103574,0.0648679388177919,4.47991369858447,-2.02488414047385,0.0797093051345562,4.5246841801561,-1.87510132846245,0.0958701479223484,4.56448158244913,-1.72173444500152,0.113350467181169,4.59930590546354,-1.56478349009108,0.132150262911017,4.62915714919935,-1.40424846373112,0.152269535111893,4.65403531365655,-1.24012936592164,0.173708283783797,4.67394039883514,-1.07242619666265,0.196466508926729,4.68887240473513,-0.901138955954139,0.220544210540689,4.69883133135651,-0.726267643796111,0.245941388625676,4.70381717869928,-0.547812260188566,0.272658043181692
4.24333393130783,-2.56722599110775,0.000281053296578448,4.30574834294073,-2.42571528887628,0.00306450751256418,4.3629042476954,-2.27985068190434,0.0061392273768889,4.41480164557185,-2.12963217019192,0.00950521288955262,4.46144053657007,-1.97505975373903,0.0131624640505553,4.50282092069008,-1.81613343254566,0.017110980859897,4.53894279793186,-1.65285320661182,0.0213507633175777,4.56980616829543,-1.4852190759375,0.0258818114235974,4.59541103178077,-1.3132310405227,0.0307041251779561,4.61575738838789,-1.13688910036743,0.0358177045806538,4.63084523811679,-0.956193255471685,0.0412225496316905,4.64067458096747,-0.771143505835463,0.0469186603310661,4.64524541693992,-0.581739851458766,0.0529060366787808,4.64455774603416,-0.387982292341593,0.0591846786748344,4.63861156825017,-0.189870828483944,0.0657545863192271
4.36961779197366,-2.41735514077383,-0.00241687912444498,4.44526247631696,-2.26907045756927,-0.000928898317779547,4.51799576211035,-2.11612464647555,0.000648915239004453,4.58781764935384,-1.95851770749266,0.00231656154590702,4.65472813804743,-1.7962496406206,0.00407404060292814,4.71872722819111,-1.62932044585937,0.00592135241006783,4.77981491978488,-1.45773012320897,0.00785849696732609,4.83799121282875,-1.2814786726694,0.0098854742747029,4.89325610732272,-1.10056609424066,0.0120022843321983,4.94560960326678,-0.914992387922752,0.0142089271398122,4.99505170066093,-0.724757553715676,0.0165054026975447,5.04158239950518,-0.529861591619429,0.0188917110053958,5.08520169979952,-0.330304501634014,0.0213678520633654,5.12590960154396,-0.12608628375943,0.0239338258714536,5.16370610473849,0.0827930620043242,0.0265896324296604
4.45748508353555,-2.27012835646414,-0.0209682722317435,4.53375654124501,-2.11748878348255,-0.0251914100374554,4.60756576324581,-1.96022695884046,-0.0300611326153521,4.67891274953796,-1.7983428825379,-0.0355774399654334,4.74779750012145,-1.63183655457485,-0.0417403320876995,4.81422001499627,-1.46070797495132,-0.0485498089821504,4.87818029416244,-1.28495714366731,-0.0560058706487859,4.93967833761995,-1.10458406072281,-0.0641085170876062,4.99871414536881,-0.919588726117832,-0.0728577482986112,5.055287717409,-0.729971139852369,-0.0822535642818009,5.10939905374054,-0.535731301926424,-0.0922959650371754,5.16104815436341,-0.336869212339995,-0.102984950564735,5.21023501927763,-0.133384871093083,-0.114320520864478,5.25695964848319,0.0747217218143122,-0.126302675936407,5.30122204198009,0.28745056638219,-0.13893141578052
4.53239352615748,-2.08636975315726,0.00402988417515838,4.6058081857202,-1.92009966397857,0.00761907389683394,4.67671052077419,-1.74806374453723,0.0116355184370694,4.74510053131944,-1.57026199483326,0.0160792177958646,4.81097821735596,-1.38669441486665,0.0209501719732197,4.87434357888375,-1.1973610046374,0.0262483809691347,4.9351966159028,-1.00226176414551,0.0319738447836095,4.99353732841311,-0.80139669339098,0.0381265634166441,5.04936571641469,-0.594765792373809,0.0447065368682386,5.10268177990754,-0.382369061093999,0.0517137651383929,5.15348551889165,-0.164206499551548,0.0591482482271071,5.20177693336703,0.0597218922535424,0.0670099861343811,5.24755602333368,0.289416114321273,0.075298978860215,5.29082278879159,0.524876166651643,0.0840152264046087,5.33157722974076,0.766102049244653,0.0931587287675623
4.58282724764782,-1.95157407271882,-0.015386611721748,4.64707711418683,-1.78864929193129,-0.0180297995586135,4.70797014053772,-1.62111531911742,-0.0210911576922377,4.76550632670049,-1.44897215427721,-0.0245706861226206,4.81968567267513,-1.27221979741067,-0.0284683848497622,4.87050817846165,-1.09085824851779,-0.0327842538736626,4.91797384406005,-0.904887507598578,-0.0375182931943216,4.96208266947033,-0.714307574653025,-0.0426705028117393,5.00283465469248,-0.519118449681134,-0.0482408827259157,5.04022979972651,-0.319320132682906,-0.0542294329368509,5.07426810457242,-0.11491262365834,-0.0606361534445447,5.1049495692302,0.0941040773925627,-0.0674610442489973,5.13227419369986,0.307729970469803,-0.0747041053502085,5.1562419779814,0.52596505557338,-0.0823653367481785,5.17685292207482,0.748809332703295,-0.0904447384429072
4.65939114074849,-1.83264826210209,0.00332662598460847,4.7238488028743,-1.67785100886123,0.00644747625654069,4.78540214717966,-1.52006146104483,0.00993497346459368,4.84405117366456,-1.35927961865289,0.0137891176087674,4.899795882329,-1.19550548168541,0.018009908689062,4.95263627317299,-1.0287390501424,0.0225973467054772,5.00257234619652,-0.858980324023839,0.0275514316580133,5.0496041013996,-0.686229303329744,0.0328721635466701,5.09373153878222,-0.510485988060109,0.0385595423714477,5.13495465834438,-0.331750378214936,0.044613568132346,5.17327346008609,-0.150022473794223,0.0510342408293651,5.20868794400735,0.0346977252020283,0.057821560462505,5.24119811010815,0.222410218773819,0.0649755270317656,5.27080395838849,0.413115006921148,0.072496140537147,5.29750548884838,0.606812089644017,0.0803834009786492
4.70765714145816,-1.62548843139475,-0.0462717065583954,4.76452336126769,-1.45254108641353,-0.0580452358022153,4.81789024351048,-1.27467719913701,-0.0713894705518176,4.86775778818653,-1.09189676956519,-0.0863044108072024,4.91412599529584,-0.904199797698082,-0.10279005656837,4.9569948648384,-0.711586283535677,-0.120846407835319,4.99636439681421,-0.514056227077977,-0.140473464608051,5.03223459122329,-0.311609628324982,-0.161671226886566,5.06460544806562,-0.104246487276693,-0.184439694670863,5.09347696734121,0.108033196066891,-0.208778867960942,5.11884914905005,0.32522942170577,-0.234688746756804,5.14072199319215,0.547342189639943,-0.262169331058448,5.15909549976751,0.774371499869412,-0.291220620865875,5.17396966877612,1.00631735239417,-0.321842616179084,5.185344500218,1.24317974721423,-0.354035316998076
4.76478528215755,-1.48980050660026,-0.0482129866638947,4.81822798465048,-1.32272238963901,-0.0587110047961407,4.8681809747842,-1.15209695928225,-0.0704184077372154,4.91464425255871,-0.977924215529967,-0.0833351954871188,4.95761781797401,-0.800204158382161,-0.0974613680458508,4.99710167103011,-0.618936787838834,-0.112796925413411,5.03309581172698,-0.434122103899986,-0.129341867589801,5.06560024006465,-0.245760106565617,-0.147096194575019,5.09461495604311,-0.0538507958357266,-0.166059906369066,5.12013995966236,0.141605828289685,-0.186233002971941,5.1421752509224,0.340609765810618,-0.207615484383645,5.16072082982322,0.543161016727072,-0.230207350604178,5.17577669636484,0.749259581039048,-0.254008601633539,5.18734285054724,0.958905458746544,-0.279019237471729,5.19541929237044,1.17209864984956,-0.305239258118748
4.83323054433438,-1.33548044436254,-0.057209834046949,4.88752644055952,-1.16854818602048,-0.0684826815702622,4.93888394643172,-0.998537454032543,-0.0809097480849279,4.98730306195099,-0.825448248398735,-0.0944910335909461,5.0327837871173,-0.649280569119052,-0.109226538088317,5.07532612193068,-0.470034416193495,-0.12511626157704,5.11493006639112,-0.287709789622064,-0.142160204057116,5.15159562049861,-0.102306689404759,-0.160358365528544,5.18532278425317,0.0861748844584202,-0.179710745991325,5.21611155765478,0.277734931967474,-0.200217345445458,5.24396194070345,0.472373453122401,-0.221878163890944,5.26887393339918,0.670090447923203,-0.244693201327782,5.29084753574196,0.870885916369879,-0.268662457755973,5.30988274773181,1.07475985846243,-0.293785933175517,5.32597956936871,1.28171227420085,-0.320063627586413
4.8883055707922,-1.19684131303865,-0.0269140306700391,4.93988861747243,-1.03502080966913,-0.0273079007828583,4.98856190569001,-0.871161563465012,-0.0273284030955035,5.03432543544494,-0.70526357442629,-0.0269755376079747,5.07717920673723,-0.537326842552965,-0.0262493043202719,5.11712321956688,-0.367351367845037,-0.0251497032323951,5.15415747393387,-0.195337150302506,-0.0236767343443442,5.18828196983822,-0.0212841899253718,-0.0218303976561194,5.21949670727993,0.154807513286365,-0.0196106931677205,5.24780168625899,0.332937959332705,-0.0170176208791476,5.27319690677541,0.513107148213647,-0.0140511807904007,5.29568236882918,0.695315079929193,-0.0107113729014798,5.3152580724203,0.879561754479342,-0.00699819721238493,5.33192401754878,1.06584717186409,-0.00291165372311601,5.34568020421461,1.25417133208345,0.00154825756632693
4.89061750786974,-1.04965273494561,-0.0248814342071223,4.92502790985103,-0.890029104446497,-0.0241995286177543,4.95471791254773,-0.728904432849618,-0.0230550861498106,4.97968751595984,-0.566278720154971,-0.0214481068032911,4.99993672008737,-0.402151966362557,-0.0193785905781959,5.01546552493032,-0.236524171472375,-0.0168465374745251,5.02627393048868,-0.069395335484425,-0.0138519474922785,5.03236193676245,0.0992345416012922,-0.0103948206314562,5.03372954375163,0.269365459784777,-0.00647515689205814,5.03037675145623,0.44099741906603,-0.00209295627408442,5.02230355987625,0.61413041944505,0.00275178122246502,5.00950996901168,0.788764460921838,0.00805905559759016,4.99199597886252,0.964899543496394,0.013828866851291,4.96976158942878,1.14253566716872,0.0200612149835676,4.94280680071045,1.32167283193881,0.0267560999944199
4.91836076593703,-0.909097739427665,-0.000274241828906562,4.94612077931681,-0.753493011944302,0.00779603702453224,4.96891538567757,-0.597087987657222,0.0172080718625469,4.98674458501932,-0.439882666566423,0.0279618626851375,4.99960837734206,-0.281877048671907,0.040057409492304,5.00750676264578,-0.123071133973673,0.0534947122840464,5.01043974093049,0.0365350775282799,0.0682737710603647,5.00840731219619,0.19694158583395,0.0843945858212589,5.00140947644288,0.358148390943339,0.101857156566729,4.98944623367056,0.520155492856445,0.120661483296775,4.97251758387922,0.68296289157327,0.140807566011397,4.95062352706887,0.846570587093813,0.162295404710595,4.92376406323951,1.01097857941807,0.185124999394368,4.89193919239114,1.17618686854605,0.209296350062718,4.85514891452375,1.34219545447775,0.234809456715643
4.95368846161426,-0.77911103029287,0.00649779787907013,4.97867374304914,-0.630121850387037,0.0155340214680884,4.99897171866074,-0.481273798179047,0.025864292662221,5.01458238844905,-0.332566873668902,0.037488611461468,5.02550575241407,-0.184001076856601,0.0504069778658294,5.03174181055581,-0.0355764077421439,0.0646193918753053,5.03329056287426,0.112707133674469,0.0801258534898955,5.03015200936943,0.260849547393237,0.0969263627096001,5.0223261500413,0.408850833414162,0.115020919534419,5.0098129848899,0.556710991737242,0.134409523964352,4.9926125139152,0.704430022362477,0.1550921759994,4.97072473711722,0.852007925289869,0.177068875639562,4.94414965449595,0.999444700519417,0.200339622884839,4.91288726605139,1.14674034805112,0.22490441773523,4.87693757178355,1.29389486788498,0.250763260190735
4.96155275982135,-0.652937796808156,0.031918107247616,4.97689459302007,-0.510694451715592,0.046991205494832,4.98691994943926,-0.369430686799707,0.0639604424058335,4.99162882907892,-0.229146502060499,0.0828258179806204,4.99102123193904,-0.0898418974979701,0.103587332219193,4.98509715801964,0.0484831268878809,0.126244985121551,4.9738566073207,0.185828571097054,0.150798776687694,4.95729957984223,0.322194435129548,0.177248706917623,4.93542607558422,0.457580718985364,0.205594775811337,4.90823609454669,0.591987422664502,0.235836983368837,4.87572963672963,0.725414546166962,0.267975329590122,4.83790670213303,0.857862089492743,0.302009814475193,4.7947672907569,0.989330052641847,0.33794043802405,4.74631140260124,1.11981843561427,0.375767200236691,4.69253903766604,1.24932723841002,0.415490101113119
4.99779260478591,-0.484269993495759,-0.0028820628337667,5.01386746905634,-0.33535693785993,-0.00035002366681796,5.02539382774792,-0.186452402419863,0.00224538489430744,5.03237168086065,-0.0375563871755594,0.0049041628496095,5.03480102839454,0.111331107872982,0.00762631019908823,5.03268187034958,0.260210082725761,0.0104118269427436,5.02601420672577,0.409080537382777,0.0132607130805757,5.01479803752311,0.557942471844031,0.0161729686125844,4.9990333627416,0.706795886109522,0.0191485935387697,4.97872018238125,0.855640780179251,0.0221875878591318,4.95385849644205,1.00447715405322,0.0252899515736705,4.924448304924,1.15330500773142,0.0284556846823858,4.8904896078271,1.30212434121386,0.0316847871852779,4.85198240515136,1.45093515450054,0.0349772590823466,4.80892669689677,1.59973744759146,0.0383331003735919
4.99309796811294,-0.332864799873237,-8.59455119555449e-05,4.99861201996733,-0.183238846123822,0.00258590777937109,4.99881431762593,-0.0335298301639873,0.00533083494872368,4.99370486108874,0.116262248006265,0.00814883599610224,4.98328365035576,0.266137388386936,0.0110399109215068,4.96755068542699,0.416095590978025,0.0140040597249373,4.94650596630243,0.566136855779532,0.0170412824063937,4.92014949298208,0.716261182791458,0.0201515789658761,4.88848126546594,0.866468572013801,0.0233349494033845,4.85150128375402,1.01675902344656,0.0265913937189189,4.8092095478463,1.16713253708974,0.0299209119124792,4.76160605774279,1.31758911294334,0.0333235039840655,4.70869081344349,1.46812875100736,0.0367991699336777,4.65046381494841,1.61875145128179,0.0403479097613159,4.58692506225753,1.76945721376665,0.0439697234669801
4.97021858783479,-0.158231988386519,-0.0252144288294869,4.96220162078371,-0.00128404539803872,-0.0305170784567638,4.94782948266011,0.156665925048705,-0.03676827569442,4.92710217346401,0.315617922953711,-0.0439680205424555,4.9000196931954,0.47557194831698,-0.0521163130008702,4.86658204185428,0.636528001138511,-0.0612131530696642,4.82678921944065,0.798486081418306,-0.0712585407488374,4.78064122595451,0.961446189156363,-0.0822524760383899,4.72813806139586,1.12540832435268,-0.0941949589383217,4.6692797257647,1.29037248700727,-0.107085989448633,4.60406621906103,1.45633867712011,-0.120925567569323,4.53249754128485,1.62330689469122,-0.135713693300392,4.45457369243616,1.79127713972059,-0.151450366641841,4.37029467251496,1.96024941220823,-0.168135587593669,4.27966048152125,2.13022371215412,-0.185769356155876
4.96174525210563,0.00468510766011906,-0.0469368809534069,4.94724100543831,0.164363014653899,-0.0579412444363639,4.92636481682068,0.325262306702851,-0.0704975591252019,4.89911668625274,0.487382983806975,-0.0846058250199207,4.86549661373449,0.650725045966272,-0.10026604212052,4.82550459926592,0.815288493180741,-0.117478210427001,4.77914064284704,0.981073325450382,-0.136242329939362,4.72640474447784,1.1480795427752,-0.156558400657605,4.66729690415834,1.31630714515518,-0.178426422581728,4.60181712188852,1.48575613259034,-0.201846395711732,4.52996539766838,1.65642650508067,-0.226818320047617,4.45174173149794,1.82831826262617,-0.253342195589383,4.36714612337718,2.00143140522685,-0.281418022337029,4.27617857330611,2.17576593288269,-0.311045800290557,4.17883908128472,2.35132184559371,-0.342225529449965
4.96957560912863,0.151920386466344,-0.0528774505721474,4.95516478965199,0.309217815440755,-0.0639679099881539,4.93520279206636,0.467279381182036,-0.0764242336321271,4.90968961637174,0.626105083690185,-0.0902464215040671,4.87862526256812,0.785694922965205,-0.105434473603974,4.8420097306555,0.946048899007094,-0.121988389931847,4.79984302063389,1.10716701181585,-0.139908170487687,4.75212513250329,1.26904926139148,-0.159193815271494,4.6988560662637,1.43169564773398,-0.179845324283268,4.64003582191511,1.59510617084334,-0.201862697523008,4.57566439945752,1.75928083071958,-0.225245934990716,4.50574179889094,1.92421962736269,-0.249995036686389,4.43026802021537,2.08992256077266,-0.27611000261003,4.3492430634308,2.2563896309495,-0.303590832761637,4.26266692853724,2.42362083789322,-0.332437527141212
4.99615438622711,0.290951565114688,-0.0388492070107864,4.98805796174378,0.443725459186603,-0.0440342269260959,4.97591666654807,0.59659223218746,-0.0496620356734301,4.95973050063998,0.749551884117261,-0.0557326332527888,4.9394994640195,0.902604414976004,-0.0622460196641722,4.91522355668664,1.05574982476369,-0.0692021949075801,4.8869027786414,1.20898811348032,-0.0766011589830126,4.85453712988378,1.36231928112589,-0.0844429118904697,4.81812661041377,1.5157433277004,-0.0927274536299513,4.77767122023137,1.66926025320386,-0.101454784201458,4.7331709593366,1.82287005763626,-0.110624903604988,4.68462582772944,1.9765727409976,-0.120237811840544,4.6320358254099,2.13036830328788,-0.130293508908124,4.57540095237797,2.28425674450711,-0.140791994807728,4.51472120863366,2.43823806465528,-0.151733269539357
5.00601907662003,0.434203189003019,-0.00907679635300898,4.99907712319321,0.584313477373535,-0.00458520938553997,4.98875034361288,0.734166715246785,0.000748222916582861,4.97503873787903,0.883762902622769,0.00692350055335951,4.95794230599165,1.03310203950149,0.01394062352479,4.93746104795077,1.18218412588294,0.0217995918308743,4.91359496375636,1.33100916176712,0.0305004054716124,4.88634405340843,1.47957714715404,0.0400430644470043,4.85570831690699,1.62788808204369,0.05042756875705,4.82168775425203,1.77594196643608,0.0616539184017496,4.78428236544354,1.9237388003312,0.073722113381103,4.74349215048154,2.07127858372906,0.0866321536951102,4.69931710936603,2.21856131662964,0.100384039343771,4.65175724209699,2.36558699903297,0.114977770327086,4.60081254867444,2.51235563093902,0.130413346645055
4.96929140191808,0.598342393980802,-0.0260915713298125,4.95034232100459,0.75225669001169,-0.0269837506739709,4.92691383248232,0.906429477600312,-0.0278244118586036,4.89900593635125,1.06086075674667,-0.0286135548837106,4.8666186326114,1.21555052745076,-0.0293511797492918,4.82975192126276,1.37049878971258,-0.0300372864553474,4.78840580230533,1.52570554353214,-0.0306718750018772,4.74258027573912,1.68117078890943,-0.0312549453888813,4.69227534156411,1.83689452584446,-0.0317864976163597,4.63749099978032,1.99287675433722,-0.0322665316843124,4.57822725038773,2.14911747438771,-0.0326950475927393,4.51448409338636,2.30561668599594,-0.0330720453416406,4.4462615287762,2.4623743891619,-0.0333975249310161,4.37355955655725,2.6193905838856,-0.0336714863608659,4.29637817672952,2.77666527016703,-0.03389392963119
4.93897461396263,0.77288942947973,-0.0148839900539355,4.91225542803949,0.933034934511672,-0.0122220406701932,4.88063908799063,1.09419715393519,-0.00906392471752243,4.84412559381605,1.25637608775027,-0.00540964219592332,4.80271494551574,1.41957173595693,-0.00125919310539583,4.75640714308972,1.58378409855516,0.00338742255406004,4.70520218653796,1.74901317554496,0.0085302047824443,4.64910007586049,1.91525896692634,0.0141691535797569,4.58810081105729,2.08252147269928,0.020304268945998,4.52220439212837,2.2508006928638,0.0269355508811674,4.45141081907372,2.42009662741989,0.0340629993852651,4.37572009189335,2.59040927636756,0.0416866144582913,4.29513221058726,2.76173863970679,0.0498063961002459,4.20964717515544,2.9340847174376,0.0584223443111288,4.1192649855979,3.10744750955997,0.0675344590909401
4.93617832069244,0.955137831315956,-0.038855020146318,4.91148712398019,1.12269834590989,-0.0434065571619816,4.88277790426723,1.29208782384939,-0.0484406504391588,4.85005066155359,1.46330626513446,-0.0539572999778498,4.81330539583924,1.63635366976509,-0.0599565057780545,4.7725421071242,1.81123003774129,-0.0664382678397729,4.72776079540846,1.98793536906306,-0.073402586163005,4.67896146069202,2.1664696637304,-0.0808494607477508,4.62614410297489,2.3468329217433,-0.0887788915940103,4.56930872225706,2.52902514310177,-0.0971908787017836,4.50845531853854,2.71304632780581,-0.106085422071071,4.44358389181931,2.89889647585541,-0.115462521701871,4.3746944420994,3.08657558725058,-0.125322177594186,4.30178696937878,3.27608366199132,-0.135664389748014,4.22486147365747,3.46742070007763,-0.146489158163355
4.89262921794429,1.10632544234127,-0.029536119334221,4.85846105544289,1.2709753302281,-0.0305550305223364,4.81958186962559,1.43685250133163,-0.03154677977906,4.77599166049239,1.60395695565186,-0.032511367104392,4.7276904280433,1.7722886931888,-0.0334487924983323,4.67467817227831,1.94184771394244,-0.0343590559608809,4.61695489319742,2.11263401791278,-0.0352421574920378,4.55452059080064,2.28464760509983,-0.0360980970918031,4.48737526508796,2.45788847550358,-0.0369268747601766,4.41551891605939,2.63235662912403,-0.0377284904971585,4.33895154371491,2.80805206596118,-0.0385029443027486,4.25767314805455,2.98497478601504,-0.0392502361769471,4.17168372907828,3.1631247892856,-0.0399703661197539,4.08098328678612,3.34250207577287,-0.0406633341311691,3.98557182117807,3.52310664547683,-0.0413291402111925
4.86608439731267,1.26134219492256,0.0116610475419638,4.82941199877306,1.42443078841804,0.0228899103970631,4.78830872352071,1.58839266157382,0.0356973139712821,4.74277457155563,1.75322781438989,0.0500832582646208,4.69280954287781,1.91893624686626,0.0660477432770792,4.63841363748725,2.08551795900293,0.0835907690086574,4.57958685538395,2.25297295079989,0.102712335459355,4.51632919656791,2.42130122225714,0.123412442629173,4.44864066103914,2.5905027733747,0.14569109051811,4.37652124879763,2.76057760415254,0.169548279126167,4.29997095984338,2.93152571459069,0.194984008453344,4.21898979417639,3.10334710468913,0.22199827849964,4.13357775179666,3.27604177444786,0.250591089265057,4.0437348327042,3.44960972386689,0.280762440749593,3.94946103689899,3.62405095294622,0.312512332953248
4.83170091564116,1.41591593724826,0.0170537695892101,4.79126023072131,1.57741295108723,0.0281717406933138,4.74647278341765,1.73947033632758,0.0406537829242243,4.69733857373016,1.9020880929693,0.0544998962819418,4.64385760165886,2.06526622101241,0.0697100807664661,4.58602986720374,2.22900472045689,0.0862843363777974,4.5238553703648,2.39330359130275,0.104222663115935,4.45733411114205,2.55816283354998,0.12352506098088,4.38646608953548,2.7235824471986,0.144191529972632,4.31125130554509,2.88956243224859,0.166222070091191,4.23168975917089,3.05610278869996,0.189616681336557,4.14778145041287,3.2232035165527,0.214375363708729,4.05952637927103,3.39086461580682,0.240498117207709,3.96692454574537,3.55908608646232,0.267984941833495,3.8699759498359,3.7278679285192,0.296835837586089
4.78868166689219,1.54568132018757,0.0714435710185833,4.74314778292727,1.69855310670154,0.0964518420708518,4.69317237814974,1.85081917384449,0.124414360380702,4.6387554525596,2.00247952161641,0.155331125948135,4.57989700615685,2.1535341500173,0.18920213877315,4.51659703894148,2.30398305904718,0.226027398855746,4.4488555509135,2.45382624870603,0.265806906195925,4.3766725420729,2.60306371899385,0.308540660793685,4.30004801241969,2.75169546991065,0.354228662649028,4.21898196195387,2.89972150145643,0.402870911761953,4.13347439067544,3.04714181363119,0.45446740813246,4.04352529858439,3.19395640643492,0.509018151760548,3.94913468568073,3.34016527986762,0.566523142646219,3.85030255196445,3.48576843392931,0.626982380789472,3.74702889743556,3.63076586861997,0.690395866190307
4.75640704883831,1.71585290266614,0.0628172335838638,4.71026990552456,1.87312687451722,0.0810432836403997,4.66017849992193,2.03043086905864,0.100987558554219,4.60613283203042,2.1877648862904,0.12265005832532,4.54813290185002,2.34512892621251,0.146030782953705,4.48617870938073,2.50252298882497,0.171129732439373,4.42027025462257,2.65994707412777,0.197946906782323,4.35040753757551,2.81740118212092,0.226482305982557,4.27659055823957,2.97488531280441,0.256735930040073,4.19881931661475,3.13239946617824,0.288707778954873,4.11709381270104,3.28994364224243,0.322397852726955,4.03141404649845,3.44751784099695,0.35780615135632,3.94178001800697,3.60512206244182,0.394932674842968,3.84819172722661,3.76275630657704,0.433777423186899,3.75064917415737,3.9204205734026,0.474340396388113
4.65932043837439,1.8581053002508,0.0126598972549021,4.59448029949535,2.01106088440367,0.012808708491654,4.52381358033374,2.16349447048266,0.0121627556976664,4.44732028088956,2.31540605848779,0.0107220388729394,4.36500040116279,2.46679564841905,0.00848655801747294,4.27685394115346,2.61766324027644,0.00545631313126704,4.18288090086155,2.76800883405996,0.0016313042143217,4.08308128028706,2.91783242976961,-0.00298846873336309,3.97745507943,3.06713402740539,-0.00840300571178733,3.86600229829036,3.2159136269673,-0.014612306720951,3.74872293686815,3.36417122845534,-0.0216163717608541,3.62561699516336,3.51190683186951,-0.0294152008314967,3.496684473176,3.65912043720981,-0.0380087939328787,3.36192537090607,3.80581204447624,-0.0473971510650002,3.22133968835355,3.9519816536688,-0.0575802722278611
4.59597124081102,2.0090440427333,-0.02169119145636,4.52573611587454,2.16089379817537,-0.0323240950637134,4.44972920055632,2.31214743957807,-0.0450195832908379,4.36795049485636,2.4628049669414,-0.0597776561377335,4.28039999877466,2.61286638026535,-0.0765983136044003,4.18707771231123,2.76233167954992,-0.0954815556908382,4.08798363546606,2.91120086479512,-0.116427382397047,3.98311776823915,3.05947393600094,-0.139435793723027,3.8724801106305,3.20715089316739,-0.164506789668779,3.75607066264012,3.35423173629446,-0.191640370234301,3.633889424268,3.50071646538215,-0.220836535419594,3.50593639551413,3.64660508043047,-0.252095285224659,3.37221157637854,3.79189758143942,-0.285416619649495,3.2327149668612,3.93659396840898,-0.320800538694102,3.08744656696212,4.08069424133918,-0.35824704235848
4.53148206884887,2.14642907127567,-0.0243437770285709,4.45713847863644,2.29349549717068,-0.0347291413477398,4.37723425336432,2.43943425158395,-0.0468838253343982,4.29176939303253,2.58424533451548,-0.0608078289885462,4.20074389764105,2.72792874596527,-0.0765011523101836,4.1041577671899,2.87048448593333,-0.0939637952993106,4.00201100167906,3.01191255441964,-0.113195757955927,3.89430360110854,3.15221295142421,-0.134197040280033,3.78103556547834,3.29138567694705,-0.156967642271629,3.66220689478847,3.42943073098814,-0.181507563930714,3.53781758903891,3.5663481135475,-0.207816805257288,3.40786764822967,3.70213782462511,-0.235895366251352,3.27235707236075,3.83679986422099,-0.265743246912906,3.13128586143214,3.97033423233513,-0.297360447241949,2.98465401544386,4.10274092896753,-0.330746967238482
4.47828127451296,2.27963925992392,-0.0411846287226314,4.40449741662725,2.4215669429993,-0.0552080321834476,4.32592989033864,2.5618577582505,-0.0712379849796205,4.24257869564713,2.70051170567753,-0.0892744871111503,4.15444383255272,2.83752878528038,-0.109317538578037,4.06152530105541,2.97290899705905,-0.13136713938028,3.96382310115521,3.10665234101355,-0.15542328951788,3.86133723285211,3.23875881714387,-0.181485988990837,3.75406769614611,3.36922842545002,-0.209555237799151,3.64201449103721,3.49806116593199,-0.239631035942821,3.52517761752542,3.62525703858979,-0.271713383421849,3.40355707561073,3.75081604342341,-0.305802280236233,3.27715286529314,3.87473818043286,-0.341897726385974,3.14596498657265,3.99702344961813,-0.379999721871071,3.00999343944927,4.11767185097922,-0.420108266691526
4.39640569866188,2.43103458151949,-0.0432118270701662,4.31549580067255,2.57406606675415,-0.0557691463052588,4.22950487554442,2.71580860595755,-0.0698921719788944,4.13843292327751,2.85626219912969,-0.0855809040910732,4.04227994387179,2.99542684627058,-0.102835342641795,3.94104593732728,3.13330254738021,-0.12165548763106,3.83473090364397,3.26988930245858,-0.142041339058868,3.72333484282187,3.40518711150569,-0.163992896925219,3.60685775486098,3.53919597452155,-0.187510161230113,3.48529963976128,3.67191589150615,-0.212593131973551,3.3586604975228,3.80334686245949,-0.239241809155531,3.22694032814551,3.93348888738157,-0.267456192776055,3.09013913162944,4.0623419662724,-0.297236282835121,2.94825690797456,4.18990609913196,-0.328582079332731,2.80129365718089,4.31618128596027,-0.361493582268884
4.29868865424029,2.54053724776047,-0.0517182158208827,4.20783243544509,2.67257394240708,-0.0646685875576435,4.11127755159557,2.80208955623045,-0.0790357999947694,4.00902400269172,2.92908408923057,-0.0948198531322604,3.90107178873356,3.05355754140744,-0.112020746970116,3.78742090972107,3.17550991276107,-0.130638481508338,3.66807136565427,3.29494120329145,-0.150673056746924,3.54302315653315,3.41185141299858,-0.172124472685875,3.41227628235771,3.52624054188246,-0.194992729325192,3.27583074312795,3.6381085899431,-0.219277826664873,3.13368653884387,3.74745555718049,-0.24497976470492,2.98584366950547,3.85428144359464,-0.272098543445332,2.83230213511275,3.95858624918553,-0.300634162886109,2.67306193566571,4.06036997395318,-0.330586623027251,2.50812307116435,4.15963261789758,-0.361955923868758
4.2059168332027,2.64715480563311,-0.0377306232704607,4.10880742527045,2.76931214685098,-0.044299896445337,4.00592895671848,2.88801429134944,-0.0512960797468274,3.89728142754678,3.00326123912849,-0.0587191731749318,3.78286483775536,3.11505299018813,-0.0665691767296504,3.66267918734421,3.22338954452836,-0.074846090410983,3.53672447631334,3.32827090214919,-0.0835499142189297,3.40500070466274,3.4296970630506,-0.0926806481534904,3.26750787239241,3.5276680272326,-0.102238292214665,3.12424597950236,3.6221837946952,-0.112222846402454,2.97521502599258,3.71324436543838,-0.122634310716857,2.82041501186308,3.80084973946216,-0.133472685157874,2.65984593711385,3.88499991676652,-0.144737969725506,2.4935078017449,3.96569489735148,-0.156430164419751,2.32140060575622,4.04293468121702,-0.16854926924061
4.098325802907,2.79243428465555,-0.019572279424618,3.99241313868646,2.91782977183913,-0.0194103696507723,3.88034622963816,3.04061976686519,-0.0187666664413912,3.7621250757621,3.16080426973376,-0.0176411697964748,3.63774967705827,3.27838328044481,-0.0160338797160231,3.50722003352668,3.39335679899836,-0.0139447962000361,3.37053614516733,3.50572482539441,-0.0113739192485139,3.22769801198022,3.61548735963295,-0.00832124886145626,3.07870563396534,3.72264440171398,-0.00478678503886336,2.9235590111227,3.82719595163751,-0.00077052778073515,2.7622581434523,3.92914200940354,0.00372752291292837,2.59480303095413,4.02848257501206,0.00870736704212718,2.4211936736282,4.12521764846307,0.0141690046068613,2.2414300714745,4.21934722975658,0.0201124356071307,2.05551222449305,4.31087131889258,0.0265376600429355
4.00145912910599,2.94246527342933,-0.0142271887810731,3.89201083232945,3.0723866961701,-0.0120830704261273,3.77674071757041,3.20060794520891,-0.00926668436084606,3.65564878482889,3.32712902054576,-0.00577803058522921,3.52873503410488,3.45194992218063,-0.00161710909927678,3.39599946539839,3.57507065011354,0.00321608009701123,3.25744207870941,3.69649120434449,0.00872153700363481,3.11306287403794,3.81621158487346,0.014899261620594,2.96286185138399,3.93423179170047,0.0217492539478887,2.80683901074754,4.05055182482552,0.029271513985519,2.64499435212862,4.16517168424859,0.0374660417334849,2.4773278755272,4.27809136996971,0.0463328371917863,2.3038395809433,4.38931088198885,0.0558719003604233,2.12452946837691,4.49883022030603,0.0660832312393959,1.93939753782804,4.60664938492124,0.0769668298287041
3.89610941724176,3.07379956328697,-0.0126342459177678,3.78202575131259,3.2024298058134,-0.00997741285214271,3.66227088436926,3.32941179542669,-0.00666856696496507,3.53684481641176,3.45474553212687,-0.00270770825623486,3.40574754744011,3.57843101591392,0.00190516327404794,3.2689790774543,3.70046824678786,0.00717004762588332,3.12653940645432,3.82085722474866,0.0130869447992713,2.97842853444019,3.93959794979635,0.0196558547942118,2.82464646141189,4.05669042193091,0.0268767776107049,2.66519318736944,4.17213464115235,0.0347497132487507,2.50006871231282,4.28593060746067,0.0432746617083489,2.32927303624204,4.39807832085586,0.0524516229894998,2.1528061591571,4.50857778133794,0.0622805970922033,1.97066808105801,4.61742898890688,0.0727615840164593,1.78285880194475,4.72463194356271,0.0838945837622679
3.82821021014712,3.19974408106333,0.00102441389764058,3.7218247129532,3.32594861332117,0.00751804300948908,3.61146522569041,3.45040619623084,0.015067985897135,3.49713174835877,3.57311682979232,0.0236742425605785,3.37882428095828,3.69408051400563,0.0333368129998193,3.25654282348893,3.81329724887077,0.0440556972148576,3.13028737595072,3.93076703438772,0.0558308952056934,3.00005793834366,4.0464898705565,0.0686624069723267,2.86585451066775,4.1604657573771,0.0825502325147573,2.72767709292298,4.27269469484953,0.0974943718329855,2.58552568510935,4.38317668297378,0.113494824927011,2.43940028722687,4.49191172174985,0.130551591796834,2.28930089927554,4.59889981117774,0.148664672442455,2.13522752125535,4.70414095125745,0.167834066863873,1.9771801531663,4.80763514198899,0.188059775061088
3.75563235385496,3.30690989723106,-0.0222661100098218,3.65505942386656,3.42585619687822,-0.0233380144802793,3.55175488489639,3.5423559023584,-0.0244481289991143,3.44571873694446,3.65640901367161,-0.0255964535663268,3.33695098001076,3.76801553081783,-0.0267829881819167,3.22545161409529,3.87717545379708,-0.0280077328458841,3.11122063919806,3.98388878260935,-0.029270687558229,2.99425805531906,4.08815551725464,-0.0305718523189513,2.87456386245829,4.18997565773296,-0.0319112271280511,2.75213806061575,4.2893492040443,-0.0332888119855283,2.62698064979145,4.38627615618865,-0.034704606891383,2.49909162998538,4.48075651416604,-0.0361586118456152,2.36847100119754,4.57279027797644,-0.0376508268482248,2.23511876342794,4.66237744761986,-0.0391812518992119,2.09903491667657,4.74951802309631,-0.0407498869985765
3.6648362702555,3.45244330756371,-0.0179628348349982,3.56436191004363,3.57663938802137,-0.0175169548491732,3.46151522557737,3.69936591153189,-0.0169117549642679,3.35629621685674,3.82062287809527,-0.0161472351802822,3.24870488388173,3.94041028771152,-0.0152233954972162,3.13874122665234,4.05872814038062,-0.0141402359150698,3.02640524516857,4.17557643610259,-0.012897756433843,2.91169693943042,4.29095517487742,-0.0114959570535359,2.79461630943788,4.40486435670511,-0.00993483777414841,2.67516335519097,4.51730398158566,-0.00821439859568055,2.55333807668968,4.62827404951907,-0.00633463951813234,2.42914047393401,4.73777456050534,-0.00429556054150377,2.30257054692395,4.84580551454447,-0.00209716166579483,2.17362829565952,4.95236691163646,0.000260557108994473,2.0423137201407,5.05745875178131,0.00277759578286414
3.55733578660471,3.54873718742713,0.00347368444884264,3.4524551962634,3.6633866467914,0.0101552057876151,3.34494408196365,3.77554118436846,0.0177674221517455,3.23480244370545,3.88520080015831,0.0263103335412339,3.1220302814888,3.99236549416095,0.0357839399560801,3.0066275953137,4.09703526637638,0.0461882413962842,2.88859438518016,4.1992101168046,0.0575232378618462,2.76793065108816,4.29889004544561,0.0697889293527662,2.64463639303772,4.39607505229941,0.082985315869044,2.51871161102883,4.490765137366,0.0971123974106798,2.3901563050615,4.58296030064537,0.112170173977673,2.25897047513571,4.67266054213754,0.128158645570025,2.12515412125148,4.7598658618425,0.145077812187734,1.9887072434088,4.84457625976024,0.162927673830802,1.84962984160768,4.92679173589078,0.181708230499227
3.42255063897809,3.66312599569988,0.00701394061363262,3.30638282297328,3.77520508060506,0.0137168308396706,3.18648553450615,3.88477966517873,0.0212349792153311,3.06285877357667,3.99184974942087,0.029568385740614,2.93550254018486,4.09641533333149,0.0387170504155195,2.80441683433071,4.19847641691059,0.0486809732400474,2.66960165601422,4.29803300015817,0.0594601542141979,2.53105700523539,4.39508508307422,0.0710545933379708,2.38878288199423,4.48963266565876,0.0834642906113662,2.24277928629074,4.58167574791177,0.0966892460343841,2.0930462181249,4.67121432983326,0.110729459607025,1.93958367749673,4.75824841142323,0.125584931329287,1.78239166440622,4.84277799268168,0.141255661201173,1.62147017885337,4.92480307360861,0.157741649222681,1.45681922083819,5.00432365420401,0.175042895393811
3.30850400055369,3.75311862023094,0.0182815653893152,3.18922074564009,3.85629966761377,0.0271211025079014,3.06628596842092,3.95616456972572,0.0369436450581088,2.93969966889618,4.05271332656679,0.0477491930399373,2.80946184706588,4.14594593813698,0.0595377464533869,2.67557250293,4.23586240443629,0.0723093052984576,2.53803163648856,4.32246272546472,0.0860638695751494,2.39683924774154,4.40574690122228,0.100801439283462,2.25199533668896,4.48571493170895,0.116522014423396,2.10349990333081,4.56236681692475,0.133225594994951,1.95135294766709,4.63570255686966,0.150912180998128,1.7955544696978,4.7057221515437,0.169581772432925,1.63610446942294,4.77242560094686,0.189234369299344,1.47300294684251,4.83581290507913,0.209869971597383,1.30624990195651,4.89588406394053,0.231488579327044
3.20141522982662,3.83942518583689,-0.0175318220582294,3.08201048353359,3.93440530220278,-0.0206353042787273,2.95940234429618,4.02544916090737,-0.0243967103807536,2.83359081211436,4.11255676195066,-0.0288160403643082,2.70457588698815,4.19572810533265,-0.0338932942293911,2.57235756891755,4.27496319105335,-0.0396284719760024,2.43693585790255,4.35026201911275,-0.046021573604142,2.29831075394316,4.42162458951085,-0.0530725991138099,2.15648225703938,4.48905090224765,-0.0607815485050062,2.0114503671912,4.55254095732316,-0.0691484217777308,1.86321508439863,4.61209475473737,-0.0781732189319838,1.71177640866166,4.66771229449028,-0.087855939967765,1.5571343399803,4.71939357658189,-0.0981965848850747,1.39928887835455,4.7671386010122,-0.109195153683913,1.2382400237844,4.81094736778122,-0.120851646364279
3.06767209881509,3.96595380877481,-0.0726750384299692,2.94091331731081,4.06613025580124,-0.0915007857646432,2.81042422830913,4.16352980638903,-0.112896840683526,2.67620483181007,4.25815246053817,-0.136863203186617,2.53825512781361,4.34999821824868,-0.163399873273916,2.39657511631976,4.43906707952054,-0.192506850945424,2.25116479732852,4.52535904435376,-0.224184136201141,2.10202417083988,4.60887411274834,-0.258431729041066,1.94915323685386,4.68961228470427,-0.2952496294652,1.79255199537044,4.76757356022157,-0.334637837473542,1.63222044638963,4.84275793930022,-0.376596353066093,1.46815858991143,4.91516542194022,-0.421125176242852,1.30036642593583,4.98479600814159,-0.46822430700382,1.12884395446285,5.05164969790431,-0.517893745348997,0.953591175492473,5.1157264912284,-0.570133491278382
2.91461952742508,4.02490623632178,0.00464789599632073,2.77651897326897,4.11037235361002,0.0110847378963749,2.63372185350368,4.19154665236601,0.0184845948748511,2.4862281681292,4.26842913258974,0.0268474669317494,2.33403791714553,4.34101979428122,0.0361733540670696,2.17715110055269,4.40931863744044,0.0464622562808119,2.01556771835066,4.4733256620674,0.0577141735729762,1.84928777053944,4.53304086816211,0.0699291059435626,1.67831125711904,4.58846425572457,0.0831070533925709,1.50263817808945,4.63959582475476,0.0972480159200013,1.32226853345069,4.68643557525271,0.112351993525854,1.13720232320273,4.72898350721839,0.128418986210128,0.947439547345593,4.76723962065182,0.145448993972825,0.752980205879271,4.801203915553,0.163442016813943,0.553824298803764,4.83087639192191,0.182398054733484
2.74522620092451,4.14686157934537,0.00548865736999241,2.59337052218691,4.23859869431781,0.0112685739704145,2.43566831447425,4.32738491614429,0.0178058579192675,2.27211957778655,4.41322024482481,0.0251005092165515,2.1027243121238,4.49610468035938,0.0331525278622666,1.927482517486,4.576038222748,0.0419619138564126,1.74639419387315,4.65302087199065,0.0515286671989896,1.55945934128526,4.72705262808736,0.0618527878899976,1.36667795972231,4.7981334910381,0.0729342759294365,1.16805004918432,4.86626346084289,0.0847731313173065,0.963575609671283,4.93144253750173,0.0973693540536074,0.753254641183194,4.9936707210146,0.110722944138339,0.537087143720057,5.05294801138153,0.124833901571502,0.315073117281873,5.10927440860249,0.139702226353096,0.0872125618686392,5.1626499126775,0.155327918483121
2.65989954020139,4.23071069340139,0.0149433155950553,2.52145599792177,4.31721351506477,0.0225443552044295,2.37961077024445,4.40047557114828,0.0310378035130245,2.23436385716942,4.4804968616519,0.0404236605208403,2.08571525869669,4.55727738657564,0.0507019262278768,1.93366497482625,4.6308171459195,0.0618726006341341,1.7782130055581,4.70111613968347,0.0739356837396121,1.61935935089224,4.76817436786757,0.0868911755443108,1.45710401082868,4.83199183047178,0.10073907604823,1.29144698536741,4.89256852749611,0.115479385251371,1.12238827450843,4.94990445894056,0.131112103153732,0.949927878251751,5.00399962480512,0.147637229755313,0.77406579659736,5.05485402508981,0.165054765056116,0.594802029545263,5.10246765979461,0.183364709056139,0.412136577095458,5.14684052891953,0.202567061755383
2.49805158113963,4.34782923543513,-0.000680160488263001,2.34943129731516,4.43995385905986,0.00109030902222928,2.19654925019376,4.52996279980615,0.00289972043320221,2.03940543977543,4.61785605767403,0.00474807374465581,1.87799986606017,4.70363363266348,0.00663536895659006,1.71233252904798,4.78729552477451,0.00856160606900496,1.54240342873886,4.86884173400712,0.0105267850819005,1.36821256513281,4.94827226036131,0.0125309059952768,1.18975993822983,5.02558710383707,0.0145739688091336,1.00704554802992,5.10078626443441,0.0166559735234712,0.820069394533086,5.17386974215332,0.0187769201382894,0.628831477739318,5.24483753699382,0.0209368086535882,0.43333179764862,5.31368964895589,0.0231356390693677,0.233570354260993,5.38042607803953,0.0253734113856279,0.0295471475764357,5.44504682424476,0.0276501256023687
2.3729288884263,4.41700482088015,0.0185767604103071,2.22684886934014,4.50037052741824,0.0254481091073648,2.07737058887585,4.58077720767265,0.0330010010785973,1.92449404703343,4.6582248616434,0.0412354363240048,1.76821924381287,4.73271348933049,0.0501514148435871,1.60854617921417,4.8042430907339,0.0597489366373442,1.44547485323734,4.87281366585366,0.0700280017052763,1.27900526588238,4.93842521468974,0.0809886100473832,1.10913741714928,5.00107773724216,0.0926307616636649,0.935871307038051,5.06077123351092,0.104954456554122,0.759206935548685,5.11750570349601,0.117959694718753,0.579144302681183,5.17128114719743,0.131646476157559,0.395683408435546,5.22209756461519,0.146014800870541,0.208824252811775,5.26995495574928,0.161064668857697,0.0185668358098694,5.3148533205997,0.176796080119028
2.26154972222618,4.47927503306507,0.0167745791844421,2.12211656396447,4.55357503866808,0.0218166778823895,1.98056034963862,4.62414078959206,0.0272215803847616,1.83688107924863,4.69097228583702,0.0329892866915584,1.6910787527945,4.75406952740295,0.0391197968027799,1.54315337027622,4.81343251428986,0.0456131107184261,1.3931049316938,4.86906124649774,0.052469228438497,1.24093343704723,4.9209557240266,0.0596881499629926,1.08663888633652,4.96911594687643,0.0672698752919129,0.93022127956167,5.01354191504724,0.075214404425258,0.771680616722675,5.05423362853902,0.0835217373630277,0.611016897819537,5.09119108735178,0.0921918741052221,0.448230122852255,5.12441429148552,0.101224814651841,0.28332029182083,5.15390324094022,0.110620559002885,0.116287404725262,5.17965793571591,0.120379107158354
2.11053217820738,4.56052277812959,0.0124146260413189,1.96562254283007,4.63309974451712,0.0150978444395928,1.81816414224754,4.70219777543379,0.017798355063382,1.66815697645978,4.7678168708796,0.0205161579126867,1.51560104546681,4.82995703085455,0.0232512529875066,1.36049634926861,4.88861825535864,0.026003640287842,1.20284288786519,4.94380054439188,0.0287733198136927,1.04264066125656,4.99550389795425,0.0315602915650588,0.879889669442699,5.04372831604577,0.0343645555419402,0.714589912423621,5.08847379866642,0.037186111744337,0.546741390199323,5.12974034581622,0.0400249601722492,0.376344102769803,5.16752795749516,0.0428811008256768,0.203398050135063,5.20183663370324,0.0457545337046197,0.0279032322951033,5.23266637444046,0.0486452588090779,-0.150140350750078,5.26001717970683,0.0515532761390516
1.97733738833441,4.61634635476,0.0323180888343038,1.83327017398762,4.68059465336691,0.0400034757627566,1.68708469778054,4.74074835406619,0.0483389735748852,1.53878095971318,4.79680745685784,0.0573245822706896,1.38835895978554,4.84877196174188,0.0669603018501698,1.23581869799763,4.89664186871829,0.0772461323133259,1.08116017434943,4.94041717778707,0.0881820736601578,0.924383388840952,4.98009788894824,0.0997681258906654,0.765488341472195,5.01568400220177,0.112004289004849,0.604475032243157,5.04717551754769,0.124890563002708,0.441343461153839,5.07457243498598,0.138426947884243,0.276093628204241,5.09787475451664,0.152613443649454,0.108725533394362,5.11708247613969,0.167450050298341,-0.060760823275796,5.13219559985511,0.182936767830904,-0.232365441806235,5.1432141256629,0.199073596247142
1.83536742591415,4.64628593257249,-0.0282108634716663,1.68978905731797,4.69650802455523,-0.0396218939604017,1.54216949778568,4.74137472359407,-0.052889590219275,1.39250874731729,4.78088602968901,-0.0680139522482863,1.24080680591278,4.81504194284005,-0.0849949800474356,1.08706367357217,4.8438424630472,-0.103832673616723,0.931279350295452,4.86728759031044,-0.124527032956148,0.773453836082625,4.88537732462977,-0.147078058065711,0.613587130933691,4.89811166600521,-0.171485748945412,0.451679234848648,4.90549061443675,-0.197750105595252,0.287730147827498,4.90751416992439,-0.225871128015229,0.12173986987024,4.90418233246812,-0.255848816205344,-0.0462915990231254,4.89549510206796,-0.287683170165597,-0.216364258852598,4.88145247872389,-0.321374189895988,-0.388478109618179,4.86205446243592,-0.356921875396517
1.65383806385201,4.64265042761324,-0.00796587783299427,1.49581149432905,4.67192655472589,-0.0120698641539281,1.33442258772808,4.69386810140768,-0.0168672042042832,1.16967134404911,4.70847506765859,-0.0223578979840596,1.00155776329212,4.71574745347864,-0.0285419454932573,0.830081845457125,4.71568525886781,-0.0354193467318762,0.655243590544122,4.70828848382611,-0.0429901016999164,0.47704299855311,4.69355712835354,-0.0512542103973779,0.295480069484089,4.6714911924501,-0.0602116728242606,0.11055480333706,4.64209067611579,-0.0698624889805647,-0.0777327998879775,4.60535557935061,-0.0802066588662899,-0.269382740191024,4.56128590215456,-0.0912441824814365,-0.464395017572079,4.50988164452763,-0.102975059826004,-0.662769632031142,4.45114280646984,-0.115399290899993,-0.864506583568214,4.38506938798118,-0.128516875703404
1.4717712464967,4.6958725378025,-0.0219798516864176,1.30342322485469,4.72474591198303,-0.0296459118837057,1.13082942237937,4.74716468539684,-0.0383695032790359,0.953989839070751,4.76312885804391,-0.0481506258724081,0.772904474928833,4.77263842992425,-0.0589892796638224,0.587573329953613,4.77569340103786,-0.0708854646532787,0.397996404145093,4.77229377138474,-0.083839180840777,0.204173697503272,4.76243954096489,-0.0978504282263173,0.00610521002815076,4.74613070977831,-0.1129192068099,-0.196209058280272,4.723367277825,-0.129045516591524,-0.402769107421995,4.69414924510496,-0.146229357571191,-0.613574937397019,4.65847661161819,-0.164470729748899,-0.828626548205344,4.61634937736469,-0.18376963312465,-1.04792393984697,4.56776754234445,-0.204126067698442,-1.2714671123219,4.51273110655749,-0.225540033470277
1.33564102457756,4.76769201042474,-0.00804122438967495,1.17237355584906,4.80254272055169,-0.010510741087219,1.00604426304898,4.83251703587496,-0.0132438484883167,0.836653146177318,4.85761495639457,-0.016240546592968,0.664200205234068,4.8778364821105,-0.019500835401173,0.488685440219233,4.89318161302277,-0.0230247149129315,0.310108851132811,4.90365034913137,-0.0268121851282436,0.128470437974805,4.9092426904363,-0.0308632460471094,-0.0562297992547871,4.90995863693756,-0.0351778976695288,-0.243991860555965,4.90579818863515,-0.0397561399955017,-0.434815745928727,4.89676134552907,-0.0445979730250283,-0.628701455373076,4.88284810761932,-0.0497033967581085,-0.82564898888901,4.86405847490591,-0.0550724111947423,-1.02565834647653,4.84039244738882,-0.0607050163349297,-1.22872952813563,4.81185002506807,-0.0666012121786708
1.17207087753487,4.84565768993159,0.0106989550805363,1.00565396612022,4.88811282633451,0.0141055812065789,0.836164107651052,4.92727597965547,0.0180280417731729,0.663601302127353,4.96314714989447,0.0224663367803181,0.487965549549129,4.9957263370515,0.0274204662280146,0.309256849916377,5.02501354112656,0.0328904301162625,0.127475203229099,5.05100876211967,0.0388762284450617,-0.0573793905127046,5.07371200003081,0.0453778612144123,-0.245306931309035,5.09312325485999,0.0523953284243141,-0.436307419159892,5.10924252660721,0.0599286300747673,-0.630380854065276,5.12206981527246,0.0679777661657718,-0.827527236025186,5.13160512085575,0.0765427366973276,-1.02774656503962,5.13784844335707,0.0856235416694347,-1.23103884110858,5.14079978277644,0.0952201810820932,-1.43740406423207,5.14045913911384,0.105332654935303
1.05433181979501,4.89221930210245,0.00387951752435921,0.898933113215636,4.9325711884798,0.00484176095517693,0.742250299120743,4.96978199872086,0.0059440460242305,0.584283377510329,5.00385173282563,0.00718637273151994,0.425032348384394,5.03478039079409,0.00856874107704524,0.26449721174294,5.06256797262626,0.0100911510608064,0.102677967585965,5.08721447832213,0.0117536026828034,-0.0604253840865302,5.10871990788171,0.0135560959430363,-0.224812843274545,5.12708426130499,0.015498630841505,-0.390484409978081,5.14230753859197,0.0175812073782096,-0.557440084197137,5.15438973974265,0.0198038255531501,-0.725679865931713,5.16333086475704,0.0221664853663264,-0.895203755181809,5.16913091363513,0.0246691868177385,-1.06601175194743,5.17178988637692,0.0273119299073866,-1.23810385622856,5.17130778298242,0.0300947146352704
0.948492766517933,4.92689097064503,-0.0182159504582282,0.806156365618536,4.96245748463565,-0.0237883580723839,0.6643571015822,4.99467418283762,-0.0300680610350752,0.523094974408924,5.02354106525095,-0.037055059346302,0.382369984098709,5.04905813187564,-0.0447493530060644,0.242182130651555,5.07122538271169,-0.0531509420143624,0.102531414067461,5.0900428177591,-0.062259826371196,-0.036582165653572,5.10551043701786,-0.0720760060765651,-0.175158608511544,5.11762824048798,-0.0825994811304697,-0.313197914506456,5.12639622816945,-0.0938302515329099,-0.450700083638307,5.13181440006229,-0.105768317283886,-0.587665115907098,5.13388275616648,-0.118413678383397,-0.724093011312828,5.13260129648203,-0.131766334831444,-0.859983769855497,5.12797002100893,-0.145826286628027,-0.995337391535105,5.1199889297472,-0.160593533773145
0.788661133296678,4.984003239076,-0.0142893321285425,0.641797390089964,5.02245695217242,-0.0178192791493621,0.494827859686213,5.05835262427163,-0.021707446284137,0.347752542085425,5.09169025537363,-0.0259538335328672,0.2005714372876,5.12246984547841,-0.0305584408955528,0.0532845452927383,5.15069139458599,-0.0355212683721936,-0.0941081338991611,5.17635490269635,-0.0408423159627897,-0.241606600288098,5.1994603698095,-0.0465215836673412,-0.389210853874071,5.22000779592543,-0.052559071485848,-0.536920894657082,5.23799718104415,-0.0589547794183101,-0.684736722637129,5.25342852516566,-0.0657087074647275,-0.832658337814214,5.26630182828996,-0.0728208556251002,-0.980685740188337,5.27661709041705,-0.0802912238994282,-1.1288189297595,5.28437431154692,-0.0881198122877116,-1.27705790652769,5.28957349167958,-0.0963066207899502
0.606804753224901,5.01168183983394,-0.0151126064294758,0.449705635670813,5.04445835746907,-0.0182172522392,0.291214802973551,5.07428086457397,-0.0215806519207393,0.131332255133117,5.10114936114863,-0.0252028054740937,-0.0299420078504906,5.12506384719305,-0.0290837128992632,-0.192607985977271,5.14602432270723,-0.0332233741962479,-0.356665679247223,5.16403078769117,-0.0376217893650476,-0.522115087660349,5.17908324214488,-0.0422789584056624,-0.688956211216647,5.19118168606835,-0.0471948813180923,-0.857189049916119,5.20032611946157,-0.0523695581023373,-1.02681360375876,5.20651654232456,-0.0578029887583975,-1.19782987274458,5.20975295465731,-0.0634951732862727,-1.37023785687357,5.21003535645982,-0.069446111685963,-1.54403755614573,5.2073637477321,-0.0756558039574684,-1.71922897056107,5.20173812847413,-0.0821242501007889
0.427847490492966,5.0110875643401,-0.0193105375243957,0.263029212756979,5.03124997184806,-0.0229904188880466,0.0960159651861753,5.04723204125194,-0.0269692307500055,-0.0731922522194464,5.05903377255173,-0.0312469731102725,-0.244595439459885,5.06665516574744,-0.0358236459688476,-0.418193596535142,5.07009622083906,-0.0406992493257307,-0.593986723445217,5.06935693782659,-0.045873783180922,-0.771974820190108,5.06443731671004,-0.0513472475344213,-0.952157886769818,5.0553373574894,-0.0571196423862287,-1.13453592318434,5.04205706016467,-0.0631909677363442,-1.31910892943369,5.02459642473586,-0.0695612235847677,-1.50587690551785,5.00295545120297,-0.0762304099314993,-1.69483985143683,4.97713413956598,-0.0831985267765391,-1.88599776719063,4.94713248982492,-0.0904655741198869,-2.07935065277924,4.91295050197976,-0.0980315519615428
0.255740349850531,5.02896733699672,-0.000485821681694682,0.0866171391945654,5.0442886345717,0.0020499449250699,-0.0849688962893436,5.05534571056856,0.00511379188657441,-0.259017756601196,5.06213856498728,0.00870571920281884,-0.435529441740993,5.06466719782788,0.0128257268738032,-0.614503951708732,5.06293160909035,0.0174738148995275,-0.795941286504416,5.05693179877469,0.0226499832799916,-0.979841446128043,5.0466677668809,0.0283542320151958,-1.16620443057961,5.03213951340898,0.0345865611051398,-1.35503023985913,5.01334703835894,0.0413469705498237,-1.54631887396659,4.99029034173076,0.0486354603492476,-1.74007033290199,4.96296942352445,0.0564520305034114,-1.93628461666533,4.93138428374002,0.0647966810123151,-2.13496172525662,4.89553492237745,0.0736694118759587,-2.33610165867585,4.85542133943676,0.0830702230943423
0.145688100352414,5.03489171029131,-0.00559536772239643,-0.0087982106548839,5.04322858649841,-0.00474466808822049,-0.16357657553477,5.04695591797879,-0.00364684209623354,-0.318646994287245,5.04607370473245,-0.00230188974643559,-0.474009466912308,5.04058194675938,-0.000709811038826622,-0.62966399340996,5.03048064405958,0.00112939402659335,-0.7856105737802,5.01576979663306,0.00321572544982433,-0.941849208023028,4.99644940447982,0.00554918323086632,-1.09837989613844,4.97251946759986,0.00812976736971931,-1.25520263812645,4.94397998599317,0.0109574778663833,-1.41231743398704,4.91083095965976,0.0140323147208583,-1.56972428372022,4.87307238859962,0.0173542779331444,-1.727423187326,4.83070427281276,0.0209233675032414,-1.88541414480435,4.78372661229918,0.0247395834311494,-2.0436971561553,4.73213940705888,0.0288029257168685
0.0276650013945858,4.98346187837373,-0.00198242530621686,-0.11655807765015,4.96988808216338,-8.49916968161431e-05,-0.259733241145876,4.94950840259305,0.00216107663059968,-0.401860489092592,4.92232283966275,0.00475577967603062,-0.542939821490297,4.88833139337247,0.00769911743947666,-0.682971238338993,4.84753406372222,0.0109910899209378,-0.821954739638678,4.79993085071199,0.0146316971204141,-0.959890325389353,4.74552175434179,0.0186209390379054,-1.09677799559102,4.68430677461161,0.0229588156734119,-1.23261775024367,4.61628591152146,0.0276453270269334,-1.36740958934732,4.54145916507134,0.0326804730984701,-1.50115351290195,4.45982653526123,0.0380642538880219,-1.63384952090758,4.37138802209116,0.0437966693955888,-1.76549761336419,4.27614362556111,0.0498777196211708,-1.8960977902718,4.17409334567108,0.0563074045647679
