0,0,0,0,0,0,0,0,0,0,0,0,0,0,0,0,0,0,0,0,0,0,0,0,0,0,0,0,0,0,0,0,0,0,0,0,0,0,0,0,0,0,0,0,0
-8.08701714914682,0.0343089299496208,0.0135791355398753,-8.16728481764511,0.0346494631480719,0.0137139152157318,-8.24794886969155,0.0349916779919474,0.0138493604702346,-8.32900930528612,0.0353355744812473,0.0139854713033835,-8.41046612442884,0.0356811526159717,0.0141222477151786,-8.49231932711969,0.0360284123961206,0.01425968970562,-8.57456891335869,0.0363773538216938,0.0143977972747075,-8.65721488314582,0.0367279768926916,0.0145365704224413,-8.74025723648109,0.0370802816091138,0.0146760091488212,-8.82369597336451,0.0374342679709604,0.0148161134538474,-8.90753109379606,0.0377899359782315,0.0149568833375198,-8.99176259777575,0.0381472856309271,0.0150983187998383,-9.07639048530359,0.0385063169290471,0.0152404198408031,-9.16141475637956,0.0388670298725915,0.0153831864604141,-9.24683541100367,0.0392294244615604,0.0155266186586713
-7.96636711888249,0.761003342085891,-0.0205104277006189,-7.94919211483902,1.11505146905291,-0.0370408980267494,-7.93100659622969,1.47418746921877,-0.053810353953789,-7.91181056305449,1.83841134258345,-0.0708187954817377,-7.89160401531343,2.20772308914696,-0.0880662226105953,-7.87038695300651,2.5821227089093,-0.105552635340362,-7.84815937613373,2.96161020187047,-0.123278033671038,-7.82492128469508,3.34618556803047,-0.141242417602623,-7.80067267869057,3.7358488073893,-0.159445787135116,-7.7754135581202,4.13059991994695,-0.177888142268519,-7.74914392298397,4.53043890570344,-0.196569483002831,-7.72186377328187,4.93536576465876,-0.215489809338052,-7.69357310901391,5.34538049681291,-0.234649121274182,-7.66427193018009,5.76048310216588,-0.254047418811221,-7.6339602367804,6.18067358071769,-0.273684701949169
-7.84760497577591,1.14142692207329,-0.00454580245755376,-7.78814480387086,1.51127921653557,-0.00811256544728873,-7.72575138609586,1.8867185901951,-0.0113032820756526,-7.66042472245091,2.26774504305187,-0.0141179523426455,-7.592164812936,2.65435857510589,-0.0165565762482672,-7.52097165755113,3.04655918635714,-0.018619153792518,-7.4468452562963,3.44434687680564,-0.0203056849753976,-7.36978560917152,3.84772164645138,-0.0216161697969062,-7.28979271617678,4.25668349529437,-0.0225506082570437,-7.20686657731209,4.67123242333459,-0.0231090003558101,-7.12100719257744,5.09136843057206,-0.0232913460932055,-7.03221456197283,5.51709151700677,-0.0230976454692299,-6.94048868549826,5.94840168263873,-0.0225278984838831,-6.84582956315374,6.38529892746792,-0.0215821051371653,-6.74823719493927,6.82778325149436,-0.0202602654290764
-7.73190911345931,1.52727119060388,-0.0304953521348368,-7.6469892648165,1.90911649785564,-0.0426519815715275,-7.5565999074233,2.29727013178853,-0.0554420415576981,-7.46074104127971,2.69173209240256,-0.0688655320933486,-7.35941266638574,3.09250237969772,-0.082922453178479,-7.25261478274138,3.49958099367402,-0.0976128048130892,-7.14034739034663,3.91296793433145,-0.112936586997179,-7.0226104892015,4.33266320167001,-0.128893799730749,-6.89940407930597,4.75866679568971,-0.145484443013799,-6.77072816066006,5.19097871639054,-0.162708516846329,-6.63658273326377,5.62959896377251,-0.180566021228339,-6.49696779711709,6.07452753783561,-0.199056956159828,-6.35188335222002,6.52576443857985,-0.218181321640797,-6.20132939857256,6.98330966600522,-0.237939117671247,-6.04530593617472,7.44716322011172,-0.258330344251176
-7.61667824329368,1.95923584109854,0.0684778139247749,-7.51308477140051,2.36922250848246,0.104098215558553,-7.40187614455403,2.78906533343937,0.146951804518407,-7.28305236275425,3.21876431596924,0.197038580804337,-7.15661342600116,3.6583194560721,0.254358544416341,-7.02255933429477,4.10773075374792,0.318911695354421,-6.88089008763507,4.56699820899672,0.390698033618577,-6.73160568602207,5.0361218218185,0.469717559208808,-6.57470612945576,5.51510159221325,0.555970272125114,-6.41019141793615,6.00393752018097,0.649456172367496,-6.23806155146323,6.50262960572167,0.750175259935953,-6.058316530037,7.01117784883534,0.858127534830486,-5.87095635365747,7.52958224952199,0.973312997051094,-5.67598102232464,8.05784280778161,1.09573164659778,-5.4733905360385,8.59595952361421,1.22538348347054
-7.43382325563938,2.34927136237798,0.042316129324921,-7.28659906377139,2.76004860496644,0.057096614679008,-7.12540827445838,3.17908326510998,0.0741595194617569,-6.95025088770037,3.60637534280861,0.0935048436731678,-6.76112690349734,4.04192483806231,0.115132587313241,-6.5580363218493,4.4857317508711,0.139042750381975,-6.34097914275625,4.93779608123496,0.165235332879372,-6.10995536621819,5.39811782915391,0.19371033480543,-5.86496499223511,5.86669699462793,0.224467756160151,-5.60600802080703,6.34353357765704,0.257507596943533,-5.33308445193393,6.82862757824122,0.292829857155577,-5.04619428561583,7.32197899638049,0.330434536796283,-4.74533752185271,7.82358783207484,0.370321635865651,-4.43051416064458,8.33345408532427,0.412491154363681,-4.10172420199144,8.85157775612878,0.456943092290373
-7.15353047472249,2.62050109734416,-0.0130809113157132,-6.93328358917207,2.97760430470283,-0.0271629277985294,-6.6889365151113,3.33233794854959,-0.0443067639063274,-6.42048925254016,3.68470202888444,-0.0645124196391074,-6.12794180145866,4.0346965457074,-0.0877798949968693,-5.81129416186681,4.38232149901845,-0.114109189979613,-5.47054633376459,4.7275768888176,-0.143500304587339,-5.10569831715201,5.07046271510484,-0.175953238820046,-4.71675011202908,5.41097897788019,-0.211467992677736,-4.30370171839578,5.74912567714363,-0.250044566160407,-3.86655313625212,6.08490281289516,-0.291682959268061,-3.4053043655981,6.4183103851348,-0.336383172000696,-2.91995540643373,6.74934839386253,-0.384145204358313,-2.41050625875899,7.07801683907836,-0.434969056340912,-1.87695692257389,7.40431572078228,-0.488854727948493
-6.76385580618871,2.89936226223012,0.049180659721002,-6.44866359989166,3.22137950179059,0.0639594012328586,-6.09794564714413,3.53575083547142,0.0808246409882766,-5.71170194794612,3.84247626327263,0.0997763789872558,-5.28993250229764,4.14155578519421,0.120814615229796,-4.83263731019868,4.43298940123616,0.143939349715898,-4.33981637164923,4.71677711139847,0.169150582445561,-3.81146968664931,4.99291891568116,0.196448313418785,-3.24759725519891,5.26141481408422,0.225832542635571,-2.64819907729803,5.52226480660765,0.257303270095918,-2.01327515294667,5.77546889325145,0.290860495799826,-1.34282548214484,6.02102707401562,0.326504219747295,-0.636850064892521,6.25893934890017,0.364234441938326,0.104651098810272,6.48920571790508,0.404051162372918,0.881678008963545,6.71182618103036,0.445954381051071
-6.45799823060979,3.23741954720696,0.0641587589266631,-6.11091332262501,3.55803367771112,0.0811015888350564,-5.72884967717232,3.87194184834837,0.100142599339806,-5.31180729425173,4.17914405911871,0.121281790440911,-4.85978617386323,4.47964031002213,0.144519162138372,-4.37278631600684,4.77343060105864,0.169854714432189,-3.85080772068254,5.06051493222824,0.197288447322361,-3.29385038789034,5.34089330353093,0.22682036080889,-2.70191431763024,5.61456571496671,0.258450454891775,-2.07499950990224,5.88153216653557,0.292178729571015,-1.41310596470633,6.14179265823752,0.328005184846612,-0.716233682042527,6.39534719007256,0.365929820718564,0.0156173380891826,6.64219576204068,0.405952637186872,0.782447095688793,6.88233837414189,0.448073634251536,1.58425559075631,7.11577502637619,0.492292811912556
-6.17655202435933,3.51812435100362,0.0148128324672075,-5.81827219690935,3.81757159938095,0.0098344812932242,-5.42837249146407,4.10827065036206,0.00356218668861693,-5.00685290802348,4.39022150394696,-0.00400405134661436,-4.55371344658758,4.66342416013565,-0.0128642328124696,-4.06895410715638,4.92787861892813,-0.0230183577089489,-3.55257488972988,5.18358488032439,-0.0344664260360523,-3.00457579430806,5.43054294432443,-0.0472084377937796,-2.42495682089094,5.66875281092827,-0.0612443929821309,-1.81371796947852,5.89821448013589,-0.0765742916011062,-1.17085924007079,6.1189279519473,-0.0931981336507055,-0.49638063266775,6.33089322636249,-0.111115919130929,0.209717852730594,6.53411030338147,-0.130327648041776,0.947436216124243,6.72857918300424,-0.150833320383248,1.7167744575132,6.91429986523079,-0.172632936155343
-5.86199385253016,3.68469253919107,0.00850980930465952,-5.48693874171398,3.9302758287673,0.00178775545814904,-5.08225038858215,4.16107312850088,-0.00628843260085234,-4.64792879313468,4.37708443839181,-0.0157187548723446,-4.18397395537157,4.57830975844008,-0.0265032113563278,-3.69038587529281,4.7647490886457,-0.0386418020528019,-3.16716455289841,4.93640242900866,-0.0521345269617669,-2.61430998818837,5.09326977952897,-0.0669813860832228,-2.03182218116268,5.23535114020662,-0.0831823794171696,-1.41970113182135,5.36264651104163,-0.100737506963607,-0.777946840164373,5.47515589203397,-0.119646768722536,-0.106559306191752,5.57287928318366,-0.139910164693956,0.594461470096512,5.6558166844907,-0.161527694877866,1.32511548870042,5.72396809595509,-0.184499359274267,2.08540274961997,5.77733351757682,-0.20882515788316
-5.40430208226446,3.85048750271122,0.0626196751802236,-4.97306347506322,4.0556496867144,0.074088117009582,-4.50877937406959,4.24273124341951,0.0867143098997424,-4.01144977928355,4.41173217282656,0.100498253850705,-3.48107469070512,4.56265247493554,0.115439948862469,-2.9176541083343,4.69549214974646,0.131539394935035,-2.32118803217107,4.81025119725931,0.148796592068404,-1.69167646221546,4.90692961747409,0.167211540262574,-1.02911939846744,4.98552741039081,0.186784239517546,-0.333516840927026,5.04604457600946,0.207514689833321,0.395131210405784,5.08848111433004,0.229402891209897,1.15682475553099,5.11283702535256,0.252448843647275,1.9515637944486,5.11911230907701,0.276652547145455,2.77934832715859,5.10730696550339,0.302014001704438,3.64017835366099,5.07742099463171,0.328533207324222
-5.00091405897366,3.97038333042004,0.0332145344371695,-4.54519712937145,4.13123594016142,0.033267526406105,-4.05750747799688,4.27072356197596,0.0329038666914089,-3.53784510484997,4.38884619586366,0.0321235552930812,-2.9862100099307,4.48560384182452,0.0309265922111219,-2.40260219323908,4.56099649985855,0.029312977445531,-1.7870216547751,4.61502416996573,0.0272827109963085,-1.13946839453878,4.64768685214608,0.0248357928634544,-0.459942412530101,4.65898454639959,0.0219722230469687,0.251556291250928,4.64891725272626,0.0186920015468514,0.99502771680431,4.6174849711261,0.0149951283631026,1.77047186413004,4.56468770159909,0.0108816034957221,2.57788873322813,4.49052544414525,0.00635142694471003,3.41727832409857,4.39499819876457,0.00140459871006638,4.28864063674136,4.27810596545705,-0.00395888120820888
-4.57700816227101,4.05889949500683,0.0176094098592171,-4.09880337362125,4.17681908869547,0.0125770841994346,-3.58979874855482,4.27070662113486,0.00655078591037439,-3.04999428707174,4.34056209232502,-0.000469485007963506,-2.479389989172,4.38638550226593,-0.00848372855557907,-1.87798585485559,4.40817685095759,-0.0174919447324723,-1.24578188412253,4.40593613840001,-0.0274941335386432,-0.582778076972804,4.37966336459319,-0.0384902949740918,0.111025566593582,4.32935852953712,-0.0504804290388181,0.835629046576629,4.25502163323181,-0.0634645357328221,1.59103236297634,4.15665267567726,-0.0774426150561037,2.37723551579271,4.03425165687346,-0.092414667008663,3.19423850502574,3.88781857682042,-0.1083806915905,4.04204133067543,3.71735343551814,-0.125340688801615,4.92064399274178,3.52285623296661,-0.143294658642007
-4.14794204495442,4.10047146490279,-0.00117826019238315,-3.65330387831112,4.17203757649048,-0.0112261483604388,-3.12963889410751,4.21681685603538,-0.0227643287431538,-2.57694709234359,4.2348093035375,-0.0357928013405281,-1.99522847301936,4.22601491899684,-0.0503115661525616,-1.38448303613482,4.19043370241339,-0.0663206231792545,-0.744710781689972,4.12806565378716,-0.0838199724206067,-0.0759117096848104,4.03891077311815,-0.102809613876618,0.621914179880661,3.92296906040635,-0.123289547547289,1.34876688700644,3.78024051565177,-0.145259773432619,2.10464641169254,3.61072513885441,-0.168720291532608,2.88955275393894,3.41442293001426,-0.193671101847257,3.70348591374565,3.19133388913133,-0.220112204376565,4.54644589111268,2.94145801620562,-0.248043599120532,5.41843268604001,2.66479531123713,-0.277465286079159
-3.7352419477768,4.10423221978342,-0.0319614054815491,-3.23529297367471,4.12938603664549,-0.0495011620613683,-2.70925732614077,4.12531999463487,-0.0692752440613448,-2.157135005175,4.09203409375157,-0.0912836514814786,-1.57892601077737,4.02952833399557,-0.11552638432177,-0.974630342947906,3.93780271536688,-0.142003442582218,-0.344248001686594,3.8168572378655,-0.170714826262824,0.312221013006562,3.66669190149143,-0.201660535363587,0.994776701131562,3.48730670624467,-0.234840569884508,1.70341906268841,3.27870165212522,-0.270254929825586,2.43814809767709,3.04087673913308,-0.307903615186821,3.19896380609763,2.77383196726824,-0.347786625968214,3.98586618795001,2.47756733653072,-0.389903962169764,4.79885524323423,2.15208284692051,-0.434255623791471,5.6379309719503,1.7973784984376,-0.480841610833335
-3.30456407992745,4.03727245363623,-0.0328450001220294,-2.7985120477966,4.00663310399659,-0.0478140435959461,-2.26886838398709,3.94345610184594,-0.0644174824219923,-1.71563308849894,3.84774144718429,-0.0826553166001679,-1.13880616133213,3.71948914001164,-0.102527546130473,-0.538387602486666,3.55869918032799,-0.124034171012907,0.0856225880374488,3.36537156813333,-0.147175191247471,0.733224410240215,3.13950630342767,-0.171950606834165,1.40441786412164,2.88110338621101,-0.198360417772988,2.09920294968171,2.59016281648334,-0.22640462406394,2.81757966692043,2.26668459424467,-0.256083225707022,3.55954801583781,1.910668719495,-0.287396222702233,4.32510799643384,1.52211519223432,-0.320343615049573,5.11425960870852,1.10102401246265,-0.354925402749043,5.92700285266186,0.647395180179963,-0.391141585800643
-2.94278015945609,3.93917698379135,-0.0364311230647834,-2.45477789710066,3.85652951550866,-0.0497490072515849,-1.94841854772767,3.73889685402273,-0.0642882751747906,-1.42370211133713,3.58627899933356,-0.0800489268344007,-0.880628587929028,3.39867595144115,-0.0970309622304151,-0.319197977503375,3.1760877103455,-0.115234381362834,0.260589719939833,2.91851427604661,-0.134659184231657,0.858734504400594,2.62595564854448,-0.155305370836884,1.47523637587891,2.29841182783911,-0.177172941178516,2.11009533437478,1.93588281393051,-0.200261895256552,2.76331137988821,1.53836860681866,-0.224572233070992,3.43488451241919,1.10586920650357,-0.250103954621837,4.12481473196773,0.63838461298525,-0.276857059909086,4.83310203853381,0.135914826263686,-0.30483154893274,5.55974643211746,-0.401540153661118,-0.334027421692797
-2.57864205491525,3.84340992671569,-0.0365752472522388,-2.10810569303079,3.72198292412675,-0.0473045071153254,-1.6237381452672,3.56509134864233,-0.0587737916483172,-1.12553941162447,3.37273520026242,-0.0709831008512142,-0.613509492102612,3.14491447898702,-0.0839324347240163,-0.0876483867016216,2.88162918481614,-0.0976217932667235,0.452043904578503,2.58287931774976,-0.112051176479336,1.00556738173776,2.2486648777879,-0.127220584361854,1.57292204477615,1.87898586493056,-0.143130016914276,2.15410789369367,1.47384227917772,-0.159779474136604,2.74912492849032,1.0332341205294,-0.177168956028837,3.35797314916611,0.557161388985588,-0.195298462590975,3.98065255572103,0.0456240845462914,-0.214167993823019,4.61716314815509,-0.501377792788493,-0.233777549724967,5.26750492646827,-1.08384424301877,-0.254127130296821
-2.18988490648035,3.67161535016368,-0.0299850332710706,-1.72921385406983,3.50012917377743,-0.0364357951971989,-1.25771440943224,3.29132901282999,-0.0429906401654919,-0.775386572567564,3.04521486732135,-0.0496495681759495,-0.282230343475814,2.76178673725153,-0.0564125792285717,0.221754277843015,2.44104462262051,-0.0632796733233586,0.736567291388923,2.0829885234283,-0.07025085046031,1.26220869716191,1.6876184396749,-0.0773261106394261,1.79867849516197,1.25493437136031,-0.0845054538607067,2.34597668538911,0.784936318484527,-0.091788880124152,2.90410326784333,0.277624281047553,-0.0991763894297619,3.47305824252463,-0.267001740950612,-0.106667981777536,4.05284160943301,-0.848941747509969,-0.114263657167476,4.64345336856846,-1.46819573863052,-0.121963415599579,5.244893519931,-2.12476371431225,-0.129767257073848
-1.83678080640727,3.48917750485803,-0.00493453014048319,-1.39648544057765,3.27720037614667,-0.00235117851566937,-0.949321031354363,3.02750615135502,0.00128759579195171,-0.495287578737398,2.74009483048311,0.00598179278238003,-0.0343850827267593,2.41496641353092,0.0117314124556156,0.433386456677555,2.05212090049845,0.0185364548116584,0.908027039475545,1.65155829138572,0.0263969198505085,1.38953666566721,1.21327858619271,0.0353128075721658,1.87791533525255,0.737281784919421,0.0452841179766304,2.37316304823156,0.223567887565862,0.0563108510639022,2.87527980460425,-0.32786310586797,0.0683930068339813,3.38426560437062,-0.917011195382077,0.0815305852868676,3.90012044753066,-1.54387638097646,0.0957235864225612,4.42284433408437,-2.20845866265111,0.110972010241062,4.95243726403176,-2.91075804040604,0.12727585674237
-1.48581196611413,3.23562696997221,-1.56070377393155e-06,-1.06456765626751,2.97386928684054,0.0043190080295875,-0.639744055052821,2.67286342605622,0.00978153208440579,-0.211341162470056,2.33260938761925,0.0163860114606809,0.220641021480782,1.95310717152962,0.0241324461584129,0.656202496799693,1.53435677778734,0.0330208361776018,1.09534326348668,1.0763582063924,0.0430511815182475,1.53806332154174,0.579111457344816,0.0542234821803501,1.98436267096487,0.042616530644576,0.0665377381639095,2.43424131175607,-0.533126573708318,0.0799939494689258,2.88769924391535,-1.14811785571387,0.094592116095399,3.3447364674427,-1.80235731537207,0.110332238043329,3.80535298233813,-2.49584495268292,0.127214315312716,4.26954878860162,-3.22858076764643,0.14523834790356,4.73732388623319,-4.00056476026259,0.16440433581586
-1.16198466442203,2.94601564525599,-0.0128232891294187,-0.765419699468181,2.6369300257007,-0.0123333868915548,-0.368861238989252,2.28757097146528,-0.0113325154306233,0.0276907170147534,1.89793848254974,-0.00982067474662415,0.424236168543835,1.46803255895406,-0.00779786483955742,0.820775115597994,0.997853200678252,-0.00526408570942309,1.21730755817723,0.487400407722314,-0.00221933735622115,1.61383349628154,-0.063325819913754,0.00133638022004839,2.01035292991093,-0.654325482229952,0.00540306701938553,2.4068658590654,-1.28559857922628,0.00998072304179027,2.80337228374494,-1.95714511090274,0.0150693482872626,3.19987220394956,-2.66896507725933,0.0206689427558026,3.59636561967926,-3.42105847829605,0.0267795064474101,3.99285253093403,-4.2134253140129,0.0334010393620852,4.38933293771388,-5.04606558440988,0.040533541499828
-0.882157549050584,2.66316732670703,0.0109309659756219,-0.519441797584257,2.32141455737757,0.0186762543267634,-0.161025685996597,1.94035325280936,0.0277880786027453,0.193090785712395,1.51998341300238,0.0382664388035677,0.54290761754272,1.06030503795665,0.0501113349292305,0.888424809494377,0.561318127672159,0.0633227669797339,1.22964236156737,0.023022682148908,0.0779007349550777,1.56656027376169,-0.554581298613101,0.0938452388552619,1.89917854607735,-1.17149381461387,0.111156278680287,2.22749717851433,-1.8277148658534,0.129833854430152,2.55151617107266,-2.52324445233168,0.149877966104857,2.87123552375231,-3.25808257404873,0.171288613704403,3.1866552365533,-4.03222923100453,0.19406579722879,3.49777530947561,-4.8456844231991,0.218209516678017,3.80459574251927,-5.69844815063242,0.243719772052085
-0.602927731711302,2.33490100826291,0.0205078841319806,-0.2686994232169,1.9577470399646,0.0301503738611504,0.0581613824597949,1.54178012389723,0.0412267065322794,0.377654685318784,1.08700026006082,0.0537368821453676,0.689780485360067,0.593407448455362,0.0676809007004151,0.994538782583644,0.06100168908085,0.0830587621974218,1.29192957698951,-0.510217018062713,0.0998704666363877,1.58195286857768,-1.12024867297532,0.118116014017313,1.86460865734814,-1.76909327565699,0.137795404340197,2.13989694330089,-2.4567508261077,0.158908637605041,2.40781772643594,-3.18322132432746,0.181455713811843,2.66837100675328,-3.94850477031628,0.205436632960606,2.92155678425291,-4.75260116407414,0.230851395051327,3.16737505893484,-5.59551050560106,0.257700000084007,3.40582583079906,-6.47723279489702,0.285982448058647
-0.365083292992396,1.98667199636951,-0.00673332557171454,-0.0661336354579721,1.5790812613489,-0.00633789211436062,0.22190835830329,1.13373998663169,-0.00586334688457984,0.499042688291389,0.65064817221787,-0.00530968988237221,0.765269354506326,0.129805818107446,-0.00467692110773772,1.0205883569481,-0.428787075699584,-0.00396504056067637,1.26499969561671,-1.02513050920322,-0.00317404824118817,1.49850337051216,-1.65922448240346,-0.0023039441492731,1.72109938163445,-2.33106899530031,-0.00135472828493119,1.93278772898357,-3.04066404789376,-0.00032640064816241,2.13356841255954,-3.78800964018382,0.000781038761033224,2.32344143236234,-4.57310577217048,0.00196758994265571,2.50240678839197,-5.39595244385375,0.00323325289670506,2.67046448064845,-6.25654965523362,0.00457802762318127,2.82761450913176,-7.1548974063101,0.00600191412208433
-0.207268780649391,1.65959596355352,0.018566925703588,0.0399148277592921,1.23756355867708,0.026251373485716,0.271007668409906,0.780737468495425,0.0349295476127114,0.486009741302452,0.28911769300857,0.0446014480845742,0.684921046436928,-0.237295767783489,0.0552670749013044,0.867741583813335,-0.798502913880751,0.066926428062902,1.03447135343167,-1.39450374528322,0.079579507569367,1.18511035529194,-2.02529826199089,0.0932263134206994,1.31965858939414,-2.69088646400376,0.107866845616899,1.43811605573827,-3.39126835132184,0.123501104157966,1.54048275432433,-4.12644392394513,0.140129089043901,1.62675868515233,-4.89641318187361,0.157750800274703,1.69694384822225,-5.7011761251073,0.176366237850372,1.7510382435341,-6.5407327536462,0.195975401770909,1.78904187108789,-7.4150830674903,0.216578292036313
-0.0740390317083829,1.24225260971545,0.0131464763687488,0.124068495271287,0.786783821691373,0.0180312805822729,0.301900029127734,0.29669356486653,0.0234285027577989,0.459455569860959,-0.228018160759084,0.029338142895327,0.596735117470961,-0.787351355185467,0.0357602009948571,0.713738671957741,-1.38130601841262,0.0426946770563893,0.810466233321299,-2.00988215044054,0.0501415710799235,0.886917801561635,-2.67307975126924,0.0581008830654597,0.943093376678748,-3.3708988208987,0.0665726130129979,0.978992958672638,-4.10333935932893,0.0755567609225382,0.994616547543306,-4.87040136655994,0.0850533267940805,0.989964143290752,-5.67208484259171,0.0950623106276248,0.965035745914976,-6.50838978742425,0.105583712423171,0.919831355415978,-7.37931620105757,0.11661753218072,0.854350971793757,-8.28486408349165,0.12816376990027
0.0517978343496741,0.837277947959446,0.0282631213660094,0.20871003392977,0.361803629233464,0.0366220335951182,0.34269142978105,-0.146437292982424,0.0458692230779667,0.453742021903513,-0.687444818688219,0.0560046898145549,0.541861810297161,-1.26121894788392,0.0670284338048828,0.607050794961992,-1.86775968056953,0.0789404550489503,0.649308975898007,-2.50706701674504,0.0917407535467576,0.668636353105206,-3.17914095641046,0.105429329298305,0.665032926583589,-3.88398149956579,0.120006182303591,0.638498696333156,-4.62158864621103,0.135471312562618,0.589033662353907,-5.39196239634617,0.151824720075384,0.516637824645841,-6.19510274997122,0.16906640484189,0.42131118320896,-7.03100970708617,0.187196366862135,0.303053738043262,-7.89968326769103,0.20621460613612,0.161865489148748,-8.8011234317858,0.226121122663845
0.0731567428855711,0.412784765602733,0.0210052167019869,0.167899546334247,-0.0806986541223971,0.0257318083596164,0.234731110133441,-0.60507555215623,0.0307728914541909,0.273651434283152,-1.16034592849877,0.0361284659857102,0.28466051878338,-1.74650978315,0.0417985319541744,0.267758363634126,-2.36356711610995,0.0477830893595835,0.222944968835389,-3.01151792737859,0.0540821382019374,0.15022033438717,-3.69036221695594,0.0606956784812362,0.0495844602894676,-4.40009998484199,0.0676237101974799,-0.078962653457717,-5.14073123103675,0.0748662333506685,-0.235421006854384,-5.9122559555402,0.0824232479408019,-0.419790599900535,-6.71467415835236,0.0902947539678802,-0.632071432596167,-7.54798583947323,0.0984807514319034,-0.872263504941282,-8.41219099890279,0.106981240332871,-1.14036681693588,-9.30728963664106,0.115796220670784
0.0943662222853334,0.00918173960908147,0.0193205564963195,0.139911043572147,-0.489176195960867,0.0225056828615988,0.154842492825109,-1.01512477094623,0.0257697061016537,0.139160570044219,-1.568663985347,0.029112626216484,0.0928652752294762,-2.14979383916319,0.0325344432060898,0.0159566083808818,-2.75851433239479,0.0360351570704712,-0.0915654305015645,-3.3948254650418,0.039614767809628,-0.229700841417863,-4.05872723710422,0.0432732754235603,-0.398449624368013,-4.75021964858206,0.047010679912268,-0.597811779352015,-5.4693026994753,0.0508269812757513,-0.82778730636987,-6.21597638978396,0.0547221795140101,-1.08837620542158,-6.99024071950804,0.0586962746270444,-1.37957847650713,-7.79209568864752,0.0627492666148541,-1.70139411962654,-8.62154129720242,0.0668811554774394,-2.05382313477981,-9.47857754517273,0.0710919412148001
0.060981497387178,-0.440411947198108,0.0446794488713454,0.0530632802643795,-0.952243542305206,0.0543626545355527,0.0116310184224301,-1.48987368335649,0.0649396463080799,-0.0633152881386702,-2.05330237035195,0.0764104241889271,-0.171775639418921,-2.64252960329159,0.0887749881780942,-0.313750035418323,-3.25755538217542,0.102033338275581,-0.489238476136876,-3.89837970700343,0.116185474481388,-0.69824096157458,-4.56500257777562,0.131231396795515,-0.940757491731435,-5.25742399449199,0.147171105217962,-1.21678806660744,-5.97564395715255,0.164004599748729,-1.5263326862026,-6.71966246575729,0.181731880387815,-1.8693913505169,-7.48947952030621,0.200352947135222,-2.24596405955036,-8.28509512079931,0.219867799990949,-2.65605081330297,-9.10650926723659,0.240276438954995,-3.09965161177473,-9.95372195961806,0.261578864027362
-0.013852840168872,-0.822080816628848,0.0662404036421895,-0.0746572024129135,-1.32202907513693,0.0802559831086065,-0.171434854177285,-1.84299224891314,0.0956018696972797,-0.304185795461986,-2.38497033795748,0.112278063408209,-0.472910026267017,-2.94796334226995,0.130284564241395,-0.677607546592378,-3.53197126185056,0.149621372196837,-0.918278356438069,-4.13699409669929,0.170288487274535,-1.19492245580409,-4.76303184681615,0.192285909474489,-1.50753984469044,-5.41008451220115,0.2156136387967,-1.85613052309712,-6.07815209285427,0.240271675241166,-2.24069449102413,-6.76723458877552,0.266260018807889,-2.66123174847147,-7.47733199996491,0.293578669496869,-3.11774229543914,-8.20844432642243,0.322227627308104,-3.61022613192714,-8.96057156814807,0.352206892241596,-4.13868325793547,-9.73371372514185,0.383516464297343
-0.0814476341908934,-1.19529172217124,0.0431890056383835,-0.180191093657154,-1.6795648484331,0.0478041239667786,-0.315157396491793,-2.18019518995842,0.0523873080805519,-0.486346542694811,-2.69718274674719,0.0569385579797035,-0.693758532266206,-3.23052751879941,0.0614578736642333,-0.93739336520598,-3.78022950611509,0.0659452551341414,-1.21725104151413,-4.34628870869423,0.0704007023894277,-1.53333156119066,-4.92870512653682,0.0748242154300923,-1.88563492423557,-5.52747875964287,0.0792157942561351,-2.27416113064886,-6.14260960801237,0.0835754388675562,-2.69891018043052,-6.77409767164532,0.0879031492643555,-3.15988207358056,-7.42194295054173,0.0921989254465331,-3.65707681009898,-8.0861454447016,0.0964627674140889,-4.19049438998578,-8.76670515412492,0.100694675167023,-4.76013481324096,-9.4636220788117,0.104894648705335
-0.228408536016808,-1.58694748276677,0.0134757179079612,-0.377333409358873,-2.0607658250321,0.00812109833639213,-0.564253110921374,-2.54753770619468,0.00147298000934968,-0.78916764070431,-3.04726312625452,-0.0064686370731662,-1.05207699870768,-3.55994208521161,-0.0157037529111555,-1.35298118493149,-4.08557458306596,-0.0262323675046182,-1.69188019937573,-4.62416061981756,-0.0380544808535543,-2.06877404204041,-5.17570019546642,-0.0511700929579638,-2.48366271292552,-5.74019331001253,-0.0655792038178468,-2.93654621203107,-6.31763996345589,-0.0812818134332031,-3.42742453935706,-6.90804015579651,-0.0982779218040329,-3.95629769490348,-7.51139388703439,-0.116567528930336,-4.52316567867033,-8.12770115716952,-0.136150634812113,-5.12802849065763,-8.7569619662019,-0.157027239449363,-5.77088613086535,-9.39917631413154,-0.179197342842086
-0.389889687806933,-1.96541166531602,-0.000469854755210134,-0.580444266178134,-2.42457977636479,-0.00960494056122979,-0.80945510243652,-2.89319726396504,-0.0203492333668899,-1.07692219658209,-3.37126412811675,-0.0327027331721905,-1.38284554861484,-3.85878036881994,-0.0466654399771315,-1.72722515853478,-4.3557459860746,-0.062237353781713,-2.1100610263419,-4.86216097988073,-0.079418474585935,-2.53135315203621,-5.37802535023833,-0.0982088023897975,-2.9911015356177,-5.9033390971474,-0.1186083371933,-3.48930617708637,-6.43810222060794,-0.140617078996444,-4.02596707644223,-6.98231472061995,-0.164235027799227,-4.60108423368527,-7.53597659718343,-0.189462183601652,-5.2146576488155,-8.09908785029838,-0.216298546403717,-5.86668732183291,-8.6716484799648,-0.244744116205422,-6.5571732527375,-9.2536584861827,-0.274798893006767
-0.569355317322281,-2.28254159411966,-0.0181150299776225,-0.795156099847738,-2.71004155082844,-0.0313228425139406,-1.0590056408104,-3.14177122964772,-0.0464525929319277,-1.36090394021026,-3.57773063057752,-0.0635042812315839,-1.70085099804733,-4.01791975361782,-0.0824779074129092,-2.0788468143216,-4.46233859876863,-0.103373471475903,-2.49489138903308,-4.91098716602996,-0.126190973420567,-2.94898472218176,-5.36386545540179,-0.150930413246899,-3.44112681376764,-5.82097346688412,-0.177591790954901,-3.97131766379073,-6.28231120047697,-0.206175106544571,-4.53955727225102,-6.74787865618032,-0.236680360015911,-5.14584563914852,-7.21767583399419,-0.26910755136892,-5.79018276448322,-7.69170273391856,-0.303456680603597,-6.47256864825512,-8.16995935595344,-0.339727747719944,-7.19300329046423,-8.65244570009883,-0.37792075271796
-0.803509331075253,-2.5804289399093,-0.0273600310308599,-1.06977695838881,-2.97463846912042,-0.0413426301133421,-1.37440030812505,-3.36831472483813,-0.057101541944729,-1.71737938028396,-3.76145770706245,-0.0746367665250208,-2.09871417486555,-4.15406741579337,-0.0939483038542175,-2.51840469186981,-4.5461438510309,-0.115036153932319,-2.97645093129674,-4.93768701277503,-0.137900316759325,-3.47285289314635,-5.32869690102576,-0.162540792335236,-4.00761057741864,-5.7191735157831,-0.188957580660052,-4.5807239841136,-6.10911685704704,-0.217150681733773,-5.19219311323124,-6.49852692481759,-0.247120095556398,-5.84201796477155,-6.88740371909473,-0.278865822127929,-6.53019853873453,-7.27574723987849,-0.312387861448364,-7.25673483512019,-7.66355748716884,-0.347686213517704,-8.02162685392853,-8.0508344609658,-0.384760878335949
-1.08524821392154,-2.89003151662725,-0.0194589076833044,-1.39435014510883,-3.25921595736177,-0.0288829727307517,-1.74237633499051,-3.62475799611419,-0.0392791695131207,-2.1293267835666,-3.98665763288452,-0.0506474980304116,-2.55520149083709,-4.34491486767275,-0.0629879582826243,-3.02000045680198,-4.69952970047889,-0.0763005502697587,-3.52372368146128,-5.05050213130293,-0.090585273991815,-4.06637116481498,-5.39783216014489,-0.105842129448793,-4.64794290686308,-5.74151978700475,-0.122071116640693,-5.26843890760559,-6.08156501188251,-0.139272235567515,-5.9278591670425,-6.41796783477819,-0.157445486229258,-6.62620368517381,-6.75072825569177,-0.176590868625923,-7.36347246199952,-7.07984627462325,-0.19670838275751,-8.13966549751964,-7.40532189157265,-0.217798028624019,-8.95478279173416,-7.72715510653995,-0.23985980622545
-1.39745678293532,-3.19233473433412,-0.0754317775257037,-1.74638227332001,-3.53851619072411,-0.0993027872422335,-2.13434618528393,-3.87859749054699,-0.125856506539499,-2.56134851882709,-4.21257863380275,-0.155092935417499,-3.02738927394949,-4.5404596204914,-0.187012073876235,-3.53246845065112,-4.86224045061293,-0.221613921915707,-4.07658604893199,-5.17792112416736,-0.258898479535914,-4.6597420687921,-5.48750164115466,-0.298865746736856,-5.28193651023144,-5.79098200157486,-0.341515723518533,-5.94316937325003,-6.08836220542794,-0.386848409880946,-6.64344065784784,-6.3796422527139,-0.434863805824095,-7.3827503640249,-6.66482214343276,-0.485561911347979,-8.16109849178119,-6.9439018775845,-0.538942726452598,-8.97848504111672,-7.21688145516912,-0.595006251137952,-9.83491001203149,-7.48376087618664,-0.653752485404043
-1.77350769158078,-3.41097365724201,-0.0571071208754051,-2.16932379535463,-3.71413429367832,-0.0714461542026726,-2.60517513231062,-4.00650780887049,-0.0869172802898787,-3.08106170244874,-4.28809420281854,-0.103520499137023,-3.59698350576899,-4.55889347552246,-0.121255810744106,-4.15294054227136,-4.81890562698225,-0.140123215111128,-4.74893281195587,-5.06813065719792,-0.160122712238088,-5.38496031482252,-5.30656856616946,-0.181254302124987,-6.06102305087129,-5.53421935389687,-0.203517984771824,-6.77712102010219,-5.75108302038015,-0.2269137601786,-7.53325422251523,-5.9571595656193,-0.251441628345314,-8.32942265811039,-6.15244898961433,-0.277101589271967,-9.16562632688769,-6.33695129236523,-0.303893642958558,-10.0418652288471,-6.510666473872,-0.331817789405088,-10.9581393639887,-6.67359453413465,-0.360874028611557
-2.13763108761913,-3.61708514562578,0.00494920533916584,-2.56430809406267,-3.8813651016429,0.0115928282946491,-3.0298556766897,-4.13129153336715,0.01991176740255,-3.53427383550024,-4.36686444079854,0.0299060226628685,-4.07756257049428,-4.58808382393706,0.0415755940756046,-4.65972188167182,-4.79494968278273,0.0549204816407583,-5.28075176903285,-4.98746201733553,0.0699406853583296,-5.94065223257739,-5.16562082759546,0.0866362052283184,-6.63942327230543,-5.32942611356254,0.105007041250725,-7.37706488821696,-5.47887787523675,0.125053193425549,-8.153577080312,-5.6139761126181,0.146774661752791,-8.96895984859054,-5.73472082570658,0.17017144623245,-9.82321319305257,-5.8411120145022,0.195243546864527,-10.7163371136981,-5.93314967900496,0.221990963649021,-11.6483316105271,-6.01083381921485,0.250413696585933
-2.49630055887174,-3.78443962788376,0.0316073159080049,-2.94216145668556,-4.00630826796903,0.0457200087262265,-3.42439375328711,-4.2102615144419,0.0622435208273771,-3.94299744867638,-4.39629936730238,0.0811778522114566,-4.49797254285338,-4.56442182655047,0.102523002878465,-5.0893190358181,-4.71462889218616,0.126278972828402,-5.71703692757056,-4.84692056420946,0.152445762061269,-6.38112621811073,-4.96129684262037,0.181023370577064,-7.08158690743864,-5.05775772741888,0.212011798375788,-7.81841899555427,-5.136303218605,0.245411045457441,-8.59162248245763,-5.19693331617872,0.281221111822023,-9.40119736814871,-5.23964802014005,0.319441997469533,-10.2471436526275,-5.26444733048899,0.360073702399973,-11.1294613358941,-5.27133124722553,0.403116226613342,-12.0481504179483,-5.26029977034968,0.448569570109639
-2.90302378582932,-3.93006377163551,0.0186185223111696,-3.37392658066165,-4.11194589999621,0.0272967454216815,-3.87976252009482,-4.27311075707322,0.0373898464252902,-4.42053160412883,-4.41355834286653,0.0488978253219955,-4.99623383276368,-4.53328865737614,0.0618206821117975,-5.60686920599937,-4.63230170060206,0.0761584167946962,-6.25243772383589,-4.71059747254428,0.0919110293706916,-6.93293938627325,-4.7681759732028,0.109078519839784,-7.64837419331145,-4.80503720257763,0.127660888201972,-8.39874214495048,-4.82118116066876,0.147658134457258,-9.18404324119036,-4.8166078474762,0.16907025860564,-10.0042774820311,-4.79131726299993,0.191897260647119,-10.8594448674726,-4.74530940723998,0.216139140581694,-11.749545397515,-4.67858428019632,0.241795898409367,-12.6745790721582,-4.59114188186897,0.268867534130136
-3.28030008449705,-4.01920933160548,0.0631844237554901,-3.75903319382783,-4.15352897327516,0.0836662254848039,-4.26925880553405,-4.26372340503143,0.106881726877811,-4.81097691961573,-4.3497926268743,0.132830927934512,-5.38418753607284,-4.41173663880378,0.161513828654906,-5.98889065490541,-4.44955544081985,0.192930429038994,-6.62508627611342,-4.46324903292253,0.227080729086775,-7.29277439969687,-4.45281741511181,0.26396472879825,-7.99195502565578,-4.41826058738769,0.303582428173419,-8.72262815399012,-4.35957854975016,0.34593382721228,-9.48479378469992,-4.27677130219924,0.391018925914836,-10.2784519177852,-4.16983884473492,0.438837724281085,-11.1036025532458,-4.0387811773572,0.489390222311027,-11.960245691082,-3.88359830006608,0.542676420004663,-12.8483813312936,-3.70429021286157,0.598696317361992
-3.67986217898745,-4.09720335037898,0.0553510005005919,-4.16716951436791,-4.19109274685993,0.0703698638724406,-4.68305993003126,-4.25878704696762,0.0870818826975669,-5.22753342597749,-4.30028625070206,0.105487056975971,-5.80059000220661,-4.31559035806323,0.125585386707653,-6.40222965871861,-4.30469936905115,0.147376871892612,-7.0324523955135,-4.26761328366581,0.170861512530849,-7.69125821259127,-4.20433210190721,0.196039308622364,-8.37864710995192,-4.11485582377535,0.222910260167157,-9.09461908759547,-3.99918444927024,0.251474367165227,-9.83917414552189,-3.85731797839186,0.281731629616575,-10.6123122837312,-3.68925641114023,0.3136820475212,-11.4140335022234,-3.49499974751534,0.347325620879104,-12.2443378009985,-3.27454798751719,0.382662349690285,-13.1032251800565,-3.02790113114578,0.419692233954744
-4.06522195535658,-4.13496909876218,0.0470032574365093,-4.5516007974936,-4.18641683854548,0.0569511582132768,-5.06281629489244,-4.20960701923894,0.0677335255266082,-5.59886844755309,-4.20453964084256,0.0793503593765034,-6.15975725547556,-4.17121470335635,0.0918016597629626,-6.74548271865984,-4.1096322067803,0.105087426685986,-7.35604483710594,-4.01979215111441,0.119207660145573,-7.99144361081386,-3.90169453635868,0.134162360141723,-8.65167903978359,-3.75533936251312,0.149951526674438,-9.33675112401514,-3.58072662957772,0.166575159743717,-10.0466598635085,-3.37785633755248,0.184033259349559,-10.7814052582637,-3.1467284864374,0.202325825491966,-11.5409873082807,-2.88734307623249,0.221452858170936,-12.3254060135595,-2.59970010693774,0.24141435738647,-13.1346613741001,-2.28379957855315,0.262210323138568
-4.5119488104328,-4.0849462039692,0.0158159481780986,-5.01168593596619,-4.07876288377599,0.0146905834319294,-5.53480256456845,-4.04059310794443,0.0128880267670161,-6.08129869623958,-3.97043687647451,0.0104082781833585,-6.65117433097957,-3.86829418936624,0.00725133768095674,-7.24442946878842,-3.73416504661961,0.00341720525981076,-7.86106410966614,-3.56804944823462,-0.00109411908007942,-8.50107825361273,-3.36994739421129,-0.0062826353387138,-9.16447190062818,-3.13985888454959,-0.0121483435160924,-9.85124505071249,-2.87778391924955,-0.0186912436122152,-10.5613977038657,-2.58372249831115,-0.0259113356270822,-11.2949298600877,-2.25767462173439,-0.0338086195606934,-12.0518415193786,-1.89964028951928,-0.0423830954130488,-12.8321326817384,-1.50961950166582,-0.0516347631841484,-13.635803347167,-1.087612258174,-0.0615636228739923
-4.94510113961508,-4.02938589887028,0.0318042552335951,-5.44894295138545,-3.97692258469477,0.0349557257246508,-5.97371737374967,-3.89065828394552,0.0380589063443723,-6.51942440670772,-3.77059299662253,0.0411137970927595,-7.08606405025961,-3.6167267227258,0.0441203979698125,-7.67363630440533,-3.42905946225534,0.0470787089755311,-8.28214116914489,-3.20759121521114,0.0499887301099155,-8.9115786444783,-2.95232198159319,0.0528504613729657,-9.56194873040553,-2.66325176140151,0.0556639027646815,-10.2332514269266,-2.34038055463609,0.0584290542850632,-10.9254867340415,-1.98370836129694,0.0611459159341105,-11.6386546517503,-1.59323518138404,0.0638144877118235,-12.3727551800529,-1.1689610148974,0.0664347696182024,-13.1277883189493,-0.710885861837029,0.0690067616532469,-13.9037540684396,-0.219009722202916,0.0715304638169571
-5.32519837750172,-3.93192866261688,0.0259667650092664,-5.81415150680561,-3.83263962536323,0.026467842070119,-6.3194898176885,-3.69789614182987,0.0265902983248138,-6.84121331015039,-3.52769821201682,0.0263341337733509,-7.37932198419128,-3.32204583592406,0.0256993484157302,-7.93381583981118,-3.0809390135516,0.0246859422519518,-8.50469487701008,-2.80437774489945,0.0232939152820156,-9.09195909578798,-2.49236202996759,0.0215232675059217,-9.69560849614489,-2.14489186875603,0.01937399892367,-10.3156430780808,-1.76196726126477,0.0168461095352605,-10.9520628415957,-1.34358820749381,0.0139395993406933,-11.6048677866896,-0.889754707443148,0.0106544683399683,-12.2740579133625,-0.400466761112787,0.00699071653308563,-12.9596332216145,0.124275631497274,0.00294834392004515,-13.6615937114454,0.684472470387037,-0.0014726494991531
-5.69366668800488,-3.74216167050234,0.0210816683490905,-6.16412733517936,-3.58122684009166,0.0196449476254164,-6.64654552580979,-3.38151263295588,0.0176316722119463,-7.14092125989615,-3.14301904909499,0.0150418421086803,-7.64725453743846,-2.86574608850901,0.0118754573156185,-8.1655453584367,-2.54969375119794,0.00813251783276073,-8.69579372289089,-2.19486203716176,0.00381302366010709,-9.23799963080101,-1.80125094640048,-0.00108302520234245,-9.79216308216708,-1.36886047891411,-0.00655562875458787,-10.3582840769891,-0.897690634702634,-0.0126047869966292,-10.936362615267,-0.387741413766061,-0.0192304999284664,-11.5263986970009,0.160987183895611,-0.0264327675500995,-12.1283923221907,0.748495158282381,-0.0342115898615285,-12.7423434908365,1.37478250939425,-0.0425669668627534,-13.3682522029382,2.03984923723122,-0.0514988985537742
-6.04188348402985,-3.56515902541484,-0.00340631018316362,-6.48891481062375,-3.36079354487769,-0.0120924097777499,-6.94341140012506,-3.11705821921436,-0.0222021636593601,-7.4053732525338,-2.83395304842486,-0.0337355718279942,-7.87480036784997,-2.51147803250918,-0.0466926342836523,-8.35169274607355,-2.14963317146732,-0.0610733510263342,-8.83605038720456,-1.74841846529928,-0.07687772205604,-9.32787329124298,-1.30783391400507,-0.0941057473727698,-9.82716145818883,-0.827879517584686,-0.112757426976523,-10.3339148880421,-0.308555276038121,-0.132832760867301,-10.8481335808028,0.25013881063462,-0.154331749045102,-11.3698175364709,0.848202742433538,-0.177254391509928,-11.8989667550465,1.48563651935863,-0.201600688261777,-12.4355812365294,2.1624401414099,-0.22737063930065,-12.9796609809198,2.87861360858735,-0.254564244626547
-6.40411074719736,-3.34924709706308,-0.0290801326263359,-6.83405845408988,-3.10216933260027,-0.0441074529210539,-7.2683549996785,-2.81529740808969,-0.0611827012538596,-7.70700038396321,-2.48863132353133,-0.080305877624753,-8.14999460694402,-2.12217107892519,-0.101476982033734,-8.59733766862092,-1.71591667427128,-0.124696014480803,-9.04902956899392,-1.26986810956958,-0.149962974965959,-9.50507030806302,-0.784025384820105,-0.177277863489203,-9.96545988582821,-0.258388500022853,-0.206640680050535,-10.4301983022895,0.307042544822179,-0.238051424649954,-10.8992855574469,0.912267749714988,-0.271510097287461,-11.3727216513004,1.55728711465558,-0.307016697963056,-11.8505065838499,2.24210063964394,-0.344571226676738,-12.3326403550956,2.96670832468009,-0.384173683428508,-12.8191229650374,3.73111016976401,-0.425824068218366
-6.70291279269621,-3.11549503040238,-0.0306296088188628,-7.09924559656896,-2.83248059796715,-0.0438033221184476,-7.49510782907039,-2.5101617052688,-0.0585296725188303,-7.8904994902005,-2.14853835230732,-0.074808660020011,-8.28542057995929,-1.74761053908272,-0.0926402846219895,-8.67987109834676,-1.30737826559499,-0.112024546324766,-9.07385104536291,-0.82784153184414,-0.13296144512834,-9.46736042100774,-0.309000337830165,-0.155450981032713,-9.86039922528125,0.249145316446935,-0.179493154037883,-10.2529674581834,0.846595430987158,-0.205087964143851,-10.6450651197143,1.48335000579051,-0.232235411350617,-11.0366922098739,2.15940904085698,-0.260935495658181,-11.4278487286621,2.87477253618658,-0.291188217066543,-11.818534676079,3.6294404917793,-0.322993575575702,-12.2087500521246,4.42341290763514,-0.35635157118566
-6.97763330694837,-2.84004050320393,-0.0220073801601905,-7.33829149520857,-2.51991003438317,-0.0304242917088611,-7.694010039154,-2.16075292070803,-0.0395928715188596,-8.04478893878465,-1.76256916217851,-0.0495131195901861,-8.39062819410054,-1.3253587587946,-0.0601850359228404,-8.73152780510165,-0.849121710556302,-0.0716086205168227,-9.06748777178799,-0.333858017463624,-0.0837838733721329,-9.39850809415956,0.220432320483439,-0.096710794488771,-9.72458877221635,0.813749303284886,-0.110389383866737,-10.0457298059584,1.44609293094072,-0.124819641506031,-10.3619311953856,2.11746320345093,-0.140001567406653,-10.6731929404981,2.82786012081554,-0.155935161568603,-10.9795150412958,3.57728368303452,-0.17262042399188,-11.2808974977788,4.36573389010789,-0.190057354676486,-11.5773403099469,5.19321074203564,-0.208245953622419
-7.27251160960298,-2.52049099716323,-0.0537863290149515,-7.60918834428067,-2.16150205925105,-0.0697176973946293,-7.93850812046197,-1.76350782601337,-0.087259254593578,-8.26047093814688,-1.32650829745018,-0.106411000611798,-8.57507679733539,-0.850503473561481,-0.127172935449288,-8.88232569802752,-0.335493354347274,-0.149545059106049,-9.18221764022325,0.218522060192441,-0.173527371582082,-9.4747526239226,0.811542770057664,-0.199119872877385,-9.75993064912555,1.4435687752484,-0.226322562991959,-10.0377517158321,2.11460007576463,-0.255135441925804,-10.3082158240423,2.82463667160638,-0.285558509678919,-10.5713229737561,3.57367856277364,-0.317591766251306,-10.8270731649734,4.3617257492664,-0.351235211642964,-11.0754663976944,5.18877823108467,-0.386488845853892,-11.316502671919,6.05483600822845,-0.423352668884092
-7.46832498509952,-2.13088263534868,-0.0436631028915527,-7.75686796176428,-1.72402476207687,-0.0536624363162506,-8.03287745841294,-1.2770363746315,-0.0643144904867888,-8.29635347504552,-0.789917473012561,-0.0756192654031674,-8.54729601166201,-0.262668057220057,-0.0875767610653864,-8.78570506826242,0.304711872746013,-0.100186977473446,-9.01158064484673,0.912222316885648,-0.113449914627345,-9.22492274141497,1.55986327519885,-0.127365572527086,-9.42573135796711,2.24763474768562,-0.141933951172666,-9.61400649450317,2.97553673434595,-0.157155050564087,-9.78974815102314,3.74356923517984,-0.173028870701348,-9.95295632752702,4.55173225018731,-0.18955541158445,-10.1036310240148,5.40002577936834,-0.206734673213392,-10.2417722404865,6.28844982272293,-0.224566655588174,-10.3673799769421,7.21700438025109,-0.243051358708796
-7.64961390560667,-1.75678930653565,-0.00601991063884177,-7.89457574641531,-1.31928552355705,-0.00288051678798307,-8.12306267827197,-0.842855275260722,0.00135694911696854,-8.33507470117663,-0.327498561646677,0.00669248707601305,-8.53061181512931,0.226784617285085,0.0131260970891505,-8.70967402013,0.819994261534567,0.0206577791563808,-8.8722613161787,1.45213037110177,0.029287533277704,-9.01837370327541,2.12319294598669,0.0390153594531201,-9.14801118142013,2.83318198618933,0.0498412576826291,-9.26117375061287,3.58209749170968,0.061765227966231,-9.35786141085361,4.36993946254776,0.0747872703039258,-9.43807416214237,5.19670789870356,0.0889073846957135,-9.50181200447914,6.06240280017707,0.104125571141594,-9.54907493786392,6.9670241669683,0.120441829641568,-9.57986296229671,7.91057199907726,0.137856160195634
-7.82452647345597,-1.41003349634896,-0.0309491885539261,-8.03273570422979,-0.95987276076001,-0.0348369766568555,-8.22189581826552,-0.474120414424484,-0.038658175123037,-8.39200681556316,0.0472235426576185,-0.0424127839524705,-8.54306869612272,0.604159110486297,-0.0461008031451561,-8.67508145994419,1.19668628906155,-0.0497222327010938,-8.78804510702756,1.82480507838338,-0.0532770726202835,-8.88195963737286,2.48851547845179,-0.0567653229027252,-8.95682505098006,3.18781748926678,-0.060186983548419,-9.01264134784917,3.92271111082834,-0.0635420545573649,-9.0494085279802,4.69319634313647,-0.0668305359295628,-9.06712659137314,5.49927318619119,-0.0700524276650128,-9.06579553802799,6.34094163999248,-0.0732077297637149,-9.04541536794475,7.21820170454034,-0.076296442225669,-9.00598608112343,8.13105337983478,-0.0793185650508751
-7.99427161372033,-1.02619916861372,-0.00212765480849761,-8.1722972321596,-0.559646836795483,0.00351976525392438,-8.32986023510672,-0.0599402921678338,0.0104357944228493,-8.46696062256169,0.472920465269233,0.0186204326982772,-8.58359839452452,1.03893543551572,0.028073680080208,-8.67977355099519,1.63810461857162,0.0387955365686418,-8.75548609197372,2.27042801443694,0.0507860021635785,-8.81073601746011,2.93590562311167,0.0640450768650181,-8.84552332745434,3.63453744459582,0.0785727606729607,-8.85984802195643,4.36632347888939,0.0943690535874062,-8.85371010096637,5.13126372599238,0.111433955608355,-8.82710956448416,5.92935818590478,0.129767466735806,-8.7800464125098,6.7606068586266,0.14936958696976,-8.7125206450433,7.62500974415784,0.170240316310218,-8.62453226208465,8.52256684249849,0.192379654757178
-8.0860208809258,-0.617206577118142,0.0376244395819397,-8.21860880625638,-0.134162292328657,0.0544130106032763,-8.32756358709818,0.37992096948289,0.0737234873452126,-8.41288522345118,0.925043208316501,0.0955558698077486,-8.4745737153154,1.50120442417217,0.119910157990884,-8.51262906269083,2.10840461704991,0.14678635189462,-8.52705126557747,2.74664378694971,0.176184451518955,-8.51784032397533,3.41592193387157,0.20810445686389,-8.4849962378844,4.11623905781549,0.242546367929425,-8.42851900730468,4.84759515878148,0.279510184715559,-8.34840863223617,5.60999023676953,0.318995907222293,-8.24466511267887,6.40342429177965,0.361003535449627,-8.11728844863279,7.22789732381182,0.40553306939756,-7.96627864009792,8.08340933286606,0.452584509066094,-7.79163568707426,8.96996031894236,0.502157854455227
-8.19636049555662,-0.193223958808658,0.0196853958664736,-8.29887488715413,0.303762269134547,0.0289430034513416,-8.37693854157173,0.829617044735934,0.039446327999287,-8.43055145880942,1.3843403679955,0.0511953695103097,-8.4597136388672,1.96793223891325,0.0641901279844097,-8.46442508174508,2.58039265748918,0.0784306034215872,-8.44468578744304,3.2217216237233,0.093916795821842,-8.40049575596109,3.89191913761559,0.110648705185174,-8.33185498729923,4.59098519916607,0.128626331511584,-8.23876348145747,5.31891980837473,0.147849674801071,-8.12122123843579,6.07572296524157,0.168318735053635,-7.97922825823421,6.86139466976659,0.190033512269276,-7.81278454085271,7.67593492194979,0.212994006447995,-7.62189008629131,8.51934372179118,0.237200217589792,-7.40654489454999,9.39162106929074,0.262652145694666
-8.18992938451421,0.223300971424026,-0.00960436725674742,-8.23645574820597,0.725863997695822,-0.0102596459304129,-8.25452778774227,1.25433873728438,-0.0110857668157141,-8.24414550312312,1.8087251901897,-0.012082729912651,-8.20530889434853,2.38902335641178,-0.0132505352212237,-8.13801796141847,2.99523323595061,-0.0145891827414322,-8.04227270433297,3.62735482880621,-0.0160986724732764,-7.91807312309202,4.28538813497857,-0.0177790044167563,-7.76541921769561,4.9693331544677,-0.019630178571872,-7.58431098814375,5.67918988727358,-0.0216521949386235,-7.37474843443644,6.41495833339622,-0.0238450535170107,-7.13673155657367,7.17663849283562,-0.0262087543070337,-6.87026035455546,7.96423036559179,-0.0287432973086924,-6.57533482838179,8.77773395166471,-0.0314486825219869,-6.25195497805267,9.6171492510544,-0.0343249099469171
-8.10554365165247,0.649121719129786,-0.0166756939570571,-8.08571956192801,1.15538128239111,-0.0193591175039319,-8.0326303210383,1.68473239310034,-0.0224491635910396,-7.94627592898335,2.2371750512575,-0.0259458322183801,-7.82665638576315,2.81270925686258,-0.0298491233859535,-7.6737716913777,3.41133500991558,-0.0341590370937597,-7.487621845827,4.03305231041649,-0.0388755733417988,-7.26820684911106,4.67786115836533,-0.0439987321300708,-7.01552670122987,5.34576155376208,-0.0495285134585756,-6.72958140218344,6.03675349660675,-0.0554649173273133,-6.41037095197176,6.75083698689934,-0.0618079437362838,-6.05789535059483,7.48801202463985,-0.0685575926854873,-5.67215459805265,8.24827860982828,-0.0757138641749235,-5.25314869434523,9.03163674246463,-0.0832767582045926,-4.80087763947256,9.8380864225489,-0.0912462747744946
-8.02329098672658,1.03641663354847,-0.0343033518592502,-7.95213006705447,1.53133013434255,-0.0417194201572905,-7.84540983788755,2.04496340669211,-0.0500912896307408,-7.70313029922582,2.57731645059713,-0.0594189602796013,-7.52529145106928,3.12838926605762,-0.0697024321038718,-7.31189329341794,3.69818185307357,-0.0809417051035525,-7.06293582627178,4.28669421164499,-0.0931367792786433,-6.77841904963082,4.89392634177188,-0.106287654629144,-6.45834296349504,5.51987824345423,-0.120394331155055,-6.10270756786446,6.16454991669205,-0.135456808856376,-5.71151286273907,6.82794136148534,-0.151475087733107,-5.28475884811887,7.51005257783409,-0.168449167785249,-4.82244552400386,8.21088356573831,-0.1863790490128,-4.32457289039404,8.93043432519799,-0.205264731415762,-3.79114094728942,9.66870485621314,-0.225106214994133
-7.89557358365191,1.41508686126624,-0.0294137964706436,-7.77248151516854,1.89507030120175,-0.0342234626109669,-7.61175176959433,2.38950174334846,-0.0395367163522252,-7.41338434692929,2.8983811877064,-0.0453535576944184,-7.17737924717341,3.42170863427554,-0.0516739866375465,-6.9037364703267,3.9594840830559,-0.0584980031816095,-6.59245601638915,4.51170753404747,-0.0658256073266075,-6.24353788536077,5.07837898725025,-0.0736567990725405,-5.85698207724155,5.65949844266425,-0.0819915784194084,-5.4327885920315,6.25506590028946,-0.0908299453672112,-4.97095742973062,6.86508136012589,-0.100171899915949,-4.4714885903389,7.48954482217353,-0.110017442065622,-3.93438207385634,8.12845628643238,-0.120366571816229,-3.35963788028295,8.78181575290244,-0.131219289167772,-2.74725600961872,9.44962322158372,-0.142575594120249
-7.712377970358,1.79784586122517,-0.0176916938036038,-7.53424959037067,2.26413299853089,-0.0182193695462915,-7.31627481640378,2.74129528284851,-0.0186431146964271,-7.05845364845732,3.22933271417801,-0.0189629292540106,-6.7607860865313,3.72824529251942,-0.0191788132190422,-6.4232721306257,4.23803301787271,-0.0192907665915217,-6.04591178074053,4.7586958902379,-0.0192987893714492,-5.6287050368758,5.29023390961498,-0.0192028815588247,-5.1716518990315,5.83264707600395,-0.0190030431536481,-4.67475236720763,6.38593538940481,-0.0186992741559195,-4.13800644140419,6.95009884981757,-0.0182915745656389,-3.56141412162118,7.52513745724222,-0.0177799443828063,-2.94497540785861,8.11105121167877,-0.0171643836074216,-2.28869030011646,8.7078401131272,-0.0164448922394849,-1.59255879839475,9.31550416158753,-0.0156214702789962
-7.45307384120877,2.14240163969819,-0.00391202856652776,-7.21160050010437,2.58432541328072,-0.00019411791375048,-6.92729767560848,3.03265088544526,0.00415349707349288,-6.6001653677211,3.48737805619181,0.00913081639520232,-6.23020357644222,3.94850692552037,0.0147378400513778,-5.81741230177185,4.41603749343093,0.0209745680420194,-5.36179154370998,4.8899697599235,0.0278410003671271,-4.86334130225663,5.37030372499808,0.0353371370267008,-4.32206157741177,5.85703938865467,0.0434629780207407,-3.73795236917543,6.35017675089327,0.0522185233492466,-3.11101367754759,6.84971581171387,0.0616037730122186,-2.44124550252826,7.35565657111649,0.0716187270096566,-1.72864784411744,7.86799902910111,0.0822633853415608,-0.973220702315122,8.38674318566773,0.093537748007931,-0.174964077121311,8.91188904081637,0.105441815008767
-7.25095467930017,2.48204024838989,-0.0403865133068997,-6.97804401109863,2.90075644883686,-0.0476736994899504,-6.66375006771976,3.32211551846893,-0.0558081927653372,-6.30807284916357,3.74611745728609,-0.0647899931330601,-5.91101235543005,4.17276226528835,-0.0746191005931192,-5.47256858651921,4.6020499424757,-0.0852955151455145,-4.99274154243104,5.03398048884815,-0.0968192367902459,-4.47153122316554,5.46855390440569,-0.109190265527313,-3.90893762872272,5.90577018914833,-0.122408601356717,-3.30496075910257,6.34562934307606,-0.136474244278457,-2.65960061430509,6.78813136618889,-0.151387194292533,-1.97285719433029,7.23327625848682,-0.167147451398945,-1.24473049917816,7.68106401996983,-0.183755015597694,-0.4752205288487,8.13149465063795,-0.201209886888778,0.335672716658084,8.58456815049115,-0.219512065272199
-6.98732284669611,2.75277954340371,0.00604372553274836,-6.67571491907162,3.13130260251464,0.0134592275536206,-6.32306469983308,3.50703059714237,0.0220014588579717,-5.92937218898051,3.87996352728688,0.0316704194458018,-5.49463738651389,4.25010139294819,0.0424661093171107,-5.01886029243323,4.61744419412628,0.0543885284718985,-4.50204090673852,4.98199193082117,0.0674376769101652,-3.94417922942977,5.34374460303285,0.0816135546319108,-3.34527526050698,5.70270221076131,0.0969161616371353,-2.70532899997014,6.05886475400657,0.113345497925839,-2.02434044781926,6.41223223276861,0.130901563498021,-1.30230960405434,6.76280464704745,0.149584358353682,-0.539236468675369,7.11058199684308,0.169393882492822,0.26487895831764,7.45556428215549,0.190330135915441,1.11003667692469,7.7977515029847,0.212393118621539
-6.68455652872897,3.05826855403682,-0.0191812595934417,-6.33446575809544,3.41285482213073,-0.0200877206124156,-5.94365761200068,3.76196213186065,-0.0210669422508451,-5.51213209044469,4.10559048322659,-0.0221189245087304,-5.03988919342746,4.44373987622854,-0.0232436673860714,-4.526928920949,4.7764103108665,-0.0244411708828681,-3.97325127300931,5.10360178714048,-0.0257114349991206,-3.37885624960838,5.42531430505046,-0.0270544597348287,-2.74374385074622,5.74154786459646,-0.0284702450899925,-2.06791407642283,6.05230246577848,-0.0299587910646121,-1.35136692663821,6.35757810859651,-0.0315200976586874,-0.594102401392349,6.65737479305055,-0.0331541648722183,0.203879499314743,6.9516925191406,-0.034860992705205,1.04257877548307,7.24053128686667,-0.0366405811576474,1.92199542711262,7.52389109622874,-0.0384929302295456
-6.38278441170023,3.31893692262319,-0.00581581576328004,-6.00596343709658,3.6408570971891,-0.00266363957215826,-5.5902007264959,3.95384696869661,0.000940247514932051,-5.13549627989817,4.25790653714572,0.00499584549799089,-4.64185009730341,4.55303580253643,0.00950315437701825,-4.10926217871161,4.83923476486875,0.0144621741520141,-3.53773252412277,5.11650342414267,0.0198729048229786,-2.92726113353689,5.3848417803582,0.0257353463899115,-2.27784800695398,5.64424983351533,0.032049498852813,-1.58949314437403,5.89472758361406,0.038815362211683,-0.862196545797038,6.1362750306544,0.0460329364665215,-0.0959582112230097,6.36889217463634,0.0537022216173285,0.709221859348057,6.59257901555988,0.0618232176641041,1.55334366591616,6.80733555342503,0.0703959246068482,2.4364072084813,7.01316178823178,0.0794203424455608
-6.05311939862549,3.55986228662814,0.021986478217767,-5.65100728611546,3.84940596871337,0.0327260240832546,-5.21168634984849,4.12704290756052,0.0448231364237994,-4.7351565898246,4.3927731031696,0.0582778152394015,-4.22141800604378,4.64659655554059,0.0730900605300608,-3.67047059850602,4.8885132646735,0.0892598722957775,-3.08231436721134,5.11852323056833,0.106787250536551,-2.45694931215972,5.33662645322508,0.125672195252383,-1.79437543335118,5.54282293264375,0.145914706443271,-1.0945927307857,5.73711266882434,0.167514784109217,-0.357601204463294,5.91949566176685,0.19047242825022,0.416599145616042,6.08997191147127,0.21478763886628,1.22800831945231,6.24854141793762,0.240460415957398,2.07662631704551,6.39520418116589,0.267490759523572,2.96245313839563,6.52996020115607,0.295878669564804
-5.67476293719748,3.73931679427802,0.0068220545433719,-5.24231873156584,3.98508537490407,0.0114205460169735,-4.77353868742026,4.21490159702505,0.0164246711785641,-4.26842280476073,4.42876546064095,0.0218344300281438,-3.72697108358727,4.62667696575178,0.0276498225657125,-3.14918352389986,4.80863611235753,0.0338708487912703,-2.53506012569851,4.97464290045821,0.0404975087048172,-1.88460088898322,5.12469733005382,0.0475298023063531,-1.19780581375398,5.25879940114435,0.0549677295958781,-0.474674900010805,5.37694911372981,0.0628112905733922,0.284791852246315,5.4791464678102,0.0710604852388953,1.08059444301738,5.56539146338551,0.0797153135923874,1.91273287230238,5.63568410045574,0.0887757756338687,2.78120714010133,5.69002437902091,0.0982418713633389,3.68601724641422,5.728412299081,0.108113600780798
-5.28909733330639,3.91253260192485,-0.00624971025065362,-4.83385865001661,4.12134641603351,-0.00636072978409926,-4.34400317303595,4.31154166392357,-0.00671547156215768,-3.81953090236442,4.48311834559503,-0.0073139355848289,-3.260441838002,4.63607646104789,-0.00815612185211291,-2.6667359799487,4.77041601028214,-0.00924203036400971,-2.03841332820452,4.88613699329779,-0.0105716611205193,-1.37547388276946,4.98323941009484,-0.0121450141216417,-0.677917643643516,5.06172326067329,-0.0139620893673769,0.0542553891733031,5.12158854503313,-0.0160228868577248,0.821045215681003,5.16283526317437,-0.0183274065926856,1.62245183587958,5.18546341509701,-0.0208756485722591,2.45847524976904,5.18947300080104,-0.0236676127964455,3.32911545734938,5.17486402028648,-0.0267032992652446,4.2343724586206,5.14163647355331,-0.0299827079786565
-4.86885312373538,4.0051564242287,0.0180591583058096,-4.38912776563307,4.16171726347136,0.0247734289476808,-3.87607160928758,4.29538972516093,0.032141372321335,-3.3296846546989,4.40617380929742,0.0401629884267724,-2.74996690186704,4.49406951588082,0.0488382772639929,-2.13691835079199,4.55907684491114,0.0581672388329964,-1.49053900147376,4.60119579638837,0.0681498731337831,-0.810828853912338,4.62042637031251,0.0787861801663528,-0.0977879081077337,4.61676856668357,0.0900761599307057,0.648583835940055,4.59022238550154,0.102019812426842,1.42828637823103,4.54078782676642,0.114617137654761,2.24131971876519,4.46846489047822,0.127868135614463,3.08768385754254,4.37325357663693,0.141772806305948,3.96737879456307,4.25515388524255,0.156331149729216,4.88040452982678,4.11416581629509,0.171543165884268
-4.4697411914117,4.06373401682799,-0.0115949279145349,-3.98002082210824,4.16904251612208,-0.0147548119171273,-3.4599320794123,4.24786189763891,-0.0185975068208718,-2.90947496332389,4.30019216137848,-0.0231230126257686,-2.32864947384299,4.32603330734081,-0.0283313293318175,-1.71745561096961,4.32538533552587,-0.0342224569390185,-1.07589337470376,4.29824824593368,-0.0407963954473718,-0.403962765045426,4.24462203856423,-0.0480531448568771,0.298336218005386,4.16450671341753,-0.0559927051675347,1.03100357444868,4.05790227049357,-0.0646150763793444,1.79403930428445,3.92480870979236,-0.0739202584923063,2.5874434075127,3.76522603131389,-0.0839082515064204,3.41121588413343,3.57915423505816,-0.0945790554216866,4.26535673414663,3.36659332102518,-0.105932670238105,5.14986595755232,3.12754328921495,-0.117969095955676
-4.08111474194629,4.09238339608511,-0.00806368126752257,-3.5902904320894,4.1490116737906,-0.00996944322983654,-3.07281280172982,4.17633372378898,-0.0123121268816108,-2.52868185086757,4.17434954608026,-0.0150917322228453,-1.95789757950263,4.14305914066445,-0.0183082592535401,-1.36045998763501,4.08246250754154,-0.0219617079736952,-0.736369075264701,3.99255964671152,-0.0260520783833106,-0.0856248423917145,3.87335055817441,-0.0305793704823863,0.591772710983954,3.7248352419302,-0.0355435842709222,1.29582358486231,3.54701369797888,-0.0409447197489184,2.02652777924334,3.33988592632047,-0.0467827769163749,2.78388529412706,3.10345192695496,-0.0530577557732917,3.56789612951346,2.83771169988235,-0.0597696563196688,4.37856028540254,2.54266524510264,-0.0669184785555061,5.2158777617943,2.21831256261584,-0.0745042224808038
-3.66566860673131,4.06605057465657,0.0196089756372073,-3.17001127508886,4.06935723858856,0.0258285838998375,-2.65047066001404,4.04030897641917,0.0326982338696679,-2.10704676150684,3.9789057881484,0.0402179255466987,-1.53973957956727,3.88514767377624,0.0483876589309298,-0.948549114195322,3.75903463330271,0.0572074340223613,-0.333475365391005,3.60056666672778,0.0666772508209931,0.305481666845685,3.40974377405148,0.0767971093268252,0.968321982514749,3.18656595527379,0.0875670095398576,1.65504558161618,2.93103321039471,0.0989869514600903,2.36565246414999,2.64314553941425,0.111056935087523,3.10014263011618,2.32290294233241,0.123776960422157,3.85851607951473,1.97030541914919,0.137147027463991,4.64077281234566,1.58535296986458,0.151167136213025,5.44691282860896,1.16804559447859,0.165837286669259
-3.23069782700535,4.02649800176978,0.0181529286341853,-2.72872461386373,3.98504294738748,0.0228006477660607,-2.20509825882972,3.9096579529776,0.0278163395616016,-1.65981876190331,3.80034301854013,0.0332000040208079,-1.09288612308452,3.65709814407509,0.0389516411436796,-0.504300342373334,3.47992332958245,0.0450712509302168,0.105938580230242,3.26881857506224,0.0515588333804194,0.737830644726208,3.02378388051444,0.0584143884942874,1.39137585111457,2.74481924593906,0.0656379162718209,2.06657419939531,2.4319246713361,0.0732294167130198,2.76342568956845,2.08510015670555,0.0811888898178841,3.48193032163398,1.70434570204742,0.0895163355864139,4.2220880955919,1.2896613073617,0.098211754018609,4.98389901144221,0.841046972648408,0.10727514511447,5.76736306918491,0.358502697907527,0.116706508873996
-2.84489291653439,3.90745620652382,0.0232465444105632,-2.35489469162886,3.80961158278282,0.0283913133299017,-1.84751233912209,3.67498582038315,0.0339204409588751,-1.32274585901407,3.50357891932482,0.0398339272974834,-0.780595251304804,3.29539087960781,0.0461317723457265,-0.221060515994292,3.05042170123212,0.0528139761036046,0.355858346917466,2.76867138419777,0.0598805385711175,0.95016133743047,2.45013992850475,0.0673314597482653,1.56184845554472,2.09482733415306,0.075166739635048,2.19091970126022,1.7027336011427,0.0833863782314656,2.83737507457696,1.27385872947367,0.091990375537518,3.50121457549495,0.808202719145973,0.100978731553205,4.18243820401418,0.305765570159603,0.110351446278528,4.88104596013466,-0.233452717485437,0.120108519713485,5.59703784385639,-0.809452143789148,0.130249951858077
-2.4591019132087,3.80647973148831,0.0244458429493238,-1.98188522488933,3.67094736805848,0.0288328449870237,-1.49111387111916,3.49851877504046,0.0334592154999095,-0.986787851898189,3.28919395243427,0.0383249544879811,-0.468907167226424,3.0429729002399,0.0434300619512387,0.062528182896137,2.75985561845734,0.048774537889682,0.607518198469495,2.43984210708661,0.0543583823033112,1.16606287949365,2.0829323661277,0.0601815951921263,1.7381622259686,1.68912639558062,0.0662441765561272,2.32381623789435,1.25842419544535,0.072546126395314,2.92302491527089,0.790825765721902,0.0790874447096866,3.53578825809823,0.286331106410275,0.0858681314992451,4.16210626637637,-0.255059782489528,0.0928881867639894,4.80197894010531,-0.833346900977511,0.10014761050392,5.45540627928504,-1.44853024905367,0.107646402719036
-2.09724418360153,3.64280382061971,0.0029288181686847,-1.63986667295217,3.46222829893204,5.65512335049071e-05,-1.17317376894279,3.24372231367451,-0.00352828211871929,-0.697165471573386,2.9872858648471,-0.00782568188798788,-0.211841780843948,2.69291895244983,-0.0128356480743009,0.282797303245518,2.36062157648269,-0.0185581806776582,0.786751780695013,1.99039373694569,-0.02499327969806,1.30002165150454,1.58223543383882,-0.0321409451355062,1.82260691567409,1.13614666716207,-0.0400011769899968,2.35450757320367,0.652127436915465,-0.0485739752615317,2.89572362409328,0.130177743098989,-0.0578593399501111,3.44625506834292,-0.429702414287355,-0.0678572710557349,4.00610190595258,-1.02751303524357,-0.078567768578403,4.57526413692228,-1.66325411976965,-0.0899908325181156,5.153741761252,-2.33692566786559,-0.102126462874873
-1.73239568438407,3.45564614688598,-0.0146909303179458,-1.29248786344375,3.2352347755598,-0.0225448303369604,-0.846664954244331,2.9766510562555,-0.0316532450330234,-0.394926956785828,2.67989498897307,-0.0420161744061348,0.0627261289317644,2.3449665737125,-0.0536336184562946,0.526294302908446,1.97186581047381,-0.0665055771835028,0.995777565144218,1.56059269925698,-0.0806320505877594,1.47117591563908,1.11114724006202,-0.0960130386690643,1.95248935439303,0.623529432888936,-0.112648541427418,2.43971788140607,0.0977392777377162,-0.130538558862819,2.9328614966782,-0.466223225391634,-0.14968309097527,3.43192020020941,-1.06835807649912,-0.170082137764768,3.93689399199972,-1.70866527558473,-0.191735699231315,4.44778287204912,-2.38714482264847,-0.214643775374911,4.9645868403576,-3.10379671769035,-0.238806366195554
-1.41980117303748,3.1943724143635,0.0122556690286665,-1.01083262465404,2.92395995375849,0.0132212219663842,-0.600627564917606,2.61387351349181,0.0142111274026233,-0.189185993828175,2.26411309356347,0.0152253853373838,0.22349208861425,1.87467869397346,0.0162639957706659,0.637406682409669,1.44557031472179,0.0173269587024693,1.05255778755808,0.976787955808453,0.0184142741327943,1.46894540405949,0.468331617233451,0.0195259420616407,1.88656953191389,-0.0797987010032164,0.0206619624890085,2.30543017112129,-0.667602998901549,0.0218223354148979,2.72552732168168,-1.29508127646155,0.0230070608393087,3.14686098359507,-1.96223353368321,0.0242161387622409,3.56943115686145,-2.66905977056654,0.0254495691836946,3.99323784148082,-3.41555998711153,0.0267073521036698,4.41828103745319,-4.20173418331819,0.0279894875221664
-1.11660264679162,2.94059581303696,0.0138580116967821,-0.737015647113535,2.63532508263039,0.0150322535434315,-0.360079028855179,2.29099171592665,0.0162542489747591,0.0142072079834498,1.90759571292575,0.0175239979907647,0.385843063402353,1.4851370736277,0.0188415005914483,0.754828537401529,1.02361579803249,0.02020675677681,1.12116362998098,0.523031886140118,0.0216197665468498,1.4848483411407,-0.0166146620494116,0.0230805299015676,1.8458826708807,-0.5953238465361,0.0245890468409634,2.20426661920097,-1.21309566731995,0.0261453173650374,2.56000018610152,-1.86993012440095,0.0277493414737893,2.91308337158233,-2.56582721777912,0.0294011191672194,3.26351617564343,-3.30078694745444,0.0311006504453275,3.61129859828479,-4.07480931342692,0.0328479353081136,3.95643063950643,-4.88789431569656,0.0346429737555778
-0.856667858303828,2.64632682477703,0.0328679218184111,-0.514367883910173,2.30517821680725,0.0392529450281966,-0.179115333742116,1.92537127038551,0.0463411564034025,0.149089792200344,1.50690598551181,0.0541325559440288,0.470247493917206,1.04978236218616,0.0626271436500755,0.784357771408471,0.554000400408546,0.0718249195215426,1.09142062467414,0.0195601001789797,0.08172588355843,1.39143605371421,-0.553538538502542,0.0923300357607379,1.68440405852868,-1.16529551563602,0.103637376128466,1.97032463911756,-1.81571083122145,0.115647904661615,2.24919779548083,-2.50478448525884,0.128361621360184,2.52102352761851,-3.23251647774819,0.141778526224173,2.7858018355306,-3.99890680868949,0.155898619253583,3.04353271921708,-4.80395547808275,0.170721900448413,3.29421617867797,-5.64766248592796,0.186248369808664
-0.633769592551039,2.29503236645536,-0.00520615705261231,-0.333081171352199,1.91228842286618,-0.0109878631657621,-0.0438280115845231,1.49051329574466,-0.0177001877353304,0.233989886751987,1.0297069850908,-0.025343130761317,0.500372523657332,0.529869490904606,-0.0339166922437221,0.755319899131511,-0.00899918681393075,-0.0434208721825456,0.998832013174525,-0.586899048064808,-0.0538556705777875,1.23090886578637,-1.20383009284802,-0.0652210874294479,1.45155045696706,-1.85979232116358,-0.0775171227375267,1.66075678671657,-2.55478573301148,-0.0907437765020239,1.85852785503493,-3.28881032839171,-0.104901048722939,2.04486366192211,-4.06186610730429,-0.119988939400274,2.21976420737814,-4.8739530697492,-0.136007448534026,2.38322949140299,-5.72507121572646,-0.152956576124197,2.53525951399668,-6.61522054523605,-0.170836322170786
-0.399110571999482,1.95360665757899,-0.0225914554950366,-0.128971449591176,1.5437922369637,-0.0326627609899265,0.127305928012152,1.09646501718096,-0.0440910998955957,0.369721560810501,0.611624998230763,-0.0568764722120442,0.598275448803872,0.0892721801131213,-0.071018877939272,0.812967591992265,-0.470593437171969,-0.0865183170772791,1.01379799037568,-1.06797185362451,-0.103374789626066,1.20076664395411,-1.7028630692445,-0.121588295585631,1.37387355272757,-2.37526708403193,-0.141158834955976,1.53311871669605,-3.08518389798682,-0.162086407737101,1.67850213585955,-3.83261351110916,-0.184371013929004,1.81002381021808,-4.61755592339894,-0.208012653531688,1.92768373977162,-5.44001113485617,-0.23301132654515,2.03148192452019,-6.29997914548085,-0.259367032969391,2.12141836446377,-7.19745995527299,-0.287079772804412
-0.177617016364861,1.55103942272114,-0.0414407808529116,0.0645785556857094,1.10581010141938,-0.0554101605367441,0.291124729888429,0.62333430436936,-0.0710591529527453,0.502021506243299,0.103612031571079,-0.0883877581009152,0.697268884750317,-0.453356716975462,-0.107395975981254,0.876866865409486,-1.04757194127026,-0.128083806593761,1.0408154482208,-1.67903364131332,-0.150451249938437,1.18911463318427,-2.34774181710465,-0.174498306015281,1.32176442029989,-3.05369646864423,-0.200224974824295,1.43876480956766,-3.79689759593207,-0.227631256365476,1.54011580098758,-4.57734519896817,-0.256717150638827,1.62581739455964,-5.39503927775253,-0.287482657644346,1.69586959028386,-6.24997983228515,-0.319927777382034,1.75027238816022,-7.14216686256603,-0.354052509851891,1.78902578818874,-8.07160036859517,-0.389856855053916
-0.0386187802228495,1.20342239702466,-0.0317186522698003,0.158054069148694,0.749203180325872,-0.0405094819632092,0.335285170335274,0.261324596197909,-0.0501092962996813,0.493074523336892,-0.26021335535923,-0.0605180952792164,0.631422128153546,-0.815410674345542,-0.0717358789018147,0.750327984785237,-1.40426736076103,-0.0837626471674761,0.849792093231965,-2.02678341460569,-0.0965984000762006,0.929814453493731,-2.68295883587953,-0.110243137627988,0.990395065570533,-3.37279362458254,-0.124696859822839,1.03153392946237,-4.09628778071473,-0.139959566660753,1.05323104516925,-4.85344130427609,-0.15603125814173,1.05548641269116,-5.64425419526663,-0.17291193426577,1.03830003202811,-6.46872645368634,-0.190601595032873,1.0016719031801,-7.32685807953522,-0.20910024044304,0.945602026147124,-8.21864907281329,-0.228407870496269
0.0769861868535582,0.771770928626025,-0.0293713750257072,0.230749945982746,0.290425203798577,-0.0357469560656613,0.362092831467538,-0.223750556895168,-0.0425222126979424,0.471014843307934,-0.770756353455209,-0.0496971449225507,0.557515981503933,-1.35059218588155,-0.057271752739486,0.621596246055536,-1.96325805417418,-0.0652460361487484,0.663255636962742,-2.60875395833311,-0.0736199951503378,0.682494154225552,-3.28707989835834,-0.0823936297442543,0.679311797843966,-3.99823587424986,-0.091566939930498,0.653708567817983,-4.74222188600768,-0.101139925709069,0.605684464147604,-5.51903793363179,-0.111112587079966,0.535239486832829,-6.3286840171222,-0.121484924043191,0.442373635873658,-7.17116013647891,-0.132256936598743,0.32708691127009,-8.04646629170192,-0.143428624746622,0.189379313022126,-8.95460248279122,-0.154999988486828
0.107676924566854,0.401959850404406,0.00713387596639222,0.203392917997305,-0.0799291201445106,0.0127716628787544,0.272165285232176,-0.590549392314976,0.0195855817172744,0.313994026271468,-1.12990096610699,0.0275756324819524,0.32887914111518,-1.69798384152055,0.0367418151727883,0.316820629763313,-2.29479801855567,0.0470841297897821,0.277818492215867,-2.92034349721233,0.0586025763329338,0.211872728472841,-3.57462027749054,0.0712971548022434,0.118983338534235,-4.2576283593903,0.0851678651977109,-0.000849677599950027,-4.96936774291161,0.100214707519336,-0.147626319929715,-5.70983842805447,0.11643768176712,-0.321346588455059,-6.47904041481888,0.133836787941061,-0.522010483175982,-7.27697370320483,0.15241202604116,-0.749618004092485,-8.10363829321234,0.172163396067417,-1.00416915120457,-8.95903418484139,0.193090898019832
0.156517476852652,-0.0162114565161837,0.00747614498843834,0.211720450385744,-0.508386887583987,0.0127571296218856,0.238257194194183,-1.02695208983543,0.0190196436863808,0.236127708277969,-1.57190706327052,0.0262636871819239,0.205331992637102,-2.14325180788925,0.034489260108515,0.145870047271582,-2.74098632369163,0.043696362466154,0.0577418721814094,-3.36511061067765,0.0538849942548409,-0.0590525326334167,-4.01562466884731,0.0650551554745758,-0.204513167172895,-4.69252849820062,0.0772068461253586,-0.378640031437028,-5.39582209873756,0.0903400662071893,-0.581433125425812,-6.12550547045816,0.104454815720068,-0.81289244913925,-6.88157861336239,0.119551094663995,-1.07301800257734,-7.66404152745027,0.135628903038969,-1.36180978574008,-8.47289421272179,0.152688240844992,-1.67926779862748,-9.30813666917695,0.170729108082062
0.096356014695317,-0.439750205388308,0.0234373108190717,0.0894973299202463,-0.938446620480549,0.0327914989016037,0.0497329420588402,-1.46101050961987,0.0435196973683685,-0.0229371488889014,-2.00744187280628,0.0556219062193661,-0.128512942922978,-2.57774071003977,0.0690981254545965,-0.266994440043391,-3.17190702132034,0.0839483550740596,-0.438381640250139,-3.789940806648,0.100172595077756,-0.642674543543223,-4.43184206602274,0.117770845465684,-0.879873149922642,-5.09761079944456,0.136743106237846,-1.1499774593884,-5.78724700691347,0.15708937739424,-1.45298747194049,-6.50075068842946,0.178809658934867,-1.78890318757891,-7.23812184399253,0.201903950859727,-2.15772460630367,-7.99936047360268,0.22637225316882,-2.55945172811477,-8.78446657725992,0.252214565862146,-2.9940845530122,-9.59344015496424,0.279430888939704
0.0128879124188421,-0.85929816712149,0.0420699289563499,-0.0490531914788431,-1.35895034602855,0.0554840257799689,-0.14671528189755,-1.87956140971404,0.0706131016478754,-0.280098358837279,-2.42113135817795,0.0874571565600694,-0.44920242229803,-2.98366019142028,0.106016190516551,-0.654027472279803,-3.56714790944104,0.12629020351732,-0.894573508782597,-4.17159451224023,0.148279195562376,-1.17084053180641,-4.79699999981783,0.17198316665172,-1.48282854135125,-5.44336437217386,0.197402116785351,-1.83053753741711,-6.11068762930832,0.22453604596327,-2.21396752000399,-6.79896977122119,0.253384954185477,-2.6331184891119,-7.5082107979125,0.28394884145197,-3.08799044474082,-8.23841070938222,0.316227707762752,-3.57858338689077,-8.98956950563037,0.35022155311782,-4.10489731556174,-9.76168718665695,0.385930377517177
-0.108704509781503,-1.24930716879422,0.0251756063490045,-0.22363432511358,-1.73817898049027,0.0315310714370536,-0.376477225193657,-2.24398045143789,0.0384877257255507,-0.567233210021735,-2.76671158163708,0.0460455692144957,-0.795902279597813,-3.30637237108783,0.0542046019038888,-1.06248443392189,-3.86296281979016,0.0629648237937298,-1.36697967299397,-4.43648292774405,0.0723262348840188,-1.70938799681405,-5.02693269494951,0.0822888351747557,-2.08970940538213,-5.63431212140654,0.0928526246659406,-2.50794389869821,-6.25862120711513,0.104017603357573,-2.96409147676229,-6.89985995207529,0.115783771249654,-3.45815213957437,-7.55802835628703,0.128151128342183,-3.99012588713445,-8.23312641975033,0.14111967463516,-4.56001271944253,-8.9251541424652,0.154689410128585,-5.16781263649862,-9.63411152443163,0.168860334822457
-0.229291468651677,-1.6305675076738,-0.0093296432158837,-0.383771985488448,-2.10521785970248,-0.0142012535905525,-0.576373478779094,-2.5928433076055,-0.0199732459402723,-0.807095948523616,-3.09344385138284,-0.026645620265043,-1.07593939472201,-3.60701949103452,-0.0342183765648648,-1.38290381737429,-4.13357022656053,-0.0426915148397375,-1.72798921648043,-4.67309605796088,-0.0520650350896612,-2.11119559204046,-5.22559698523555,-0.062338937314636,-2.53252294405435,-5.79107300838456,-0.0735132215146617,-2.99197127252213,-6.3695241274079,-0.0855878876897383,-3.48954057744378,-6.96095034230557,-0.098562935839866,-4.0252308588193,-7.56535165307757,-0.112438365965045,-4.5990421166487,-8.1827280597239,-0.127214178065274,-5.21097435093198,-8.81307956224457,-0.142890372140555,-5.86102756166913,-9.45640616063957,-0.159466948190887
-0.409044690364673,-2.01171954531241,-0.0518150066774664,-0.60896206749556,-2.47227931858003,-0.0684753408064706,-0.847929155819578,-2.94237826216273,-0.0874183070233145,-1.12594595533673,-3.42201637606049,-0.108643905327998,-1.44301246604701,-3.91119366027332,-0.132152135720521,-1.79912868795042,-4.40991011480121,-0.157942998200884,-2.19429462104697,-4.91816573964417,-0.186016492769087,-2.62851026533665,-5.4359605348022,-0.216372619425129,-3.10177562081946,-5.96329450027529,-0.249011378169011,-3.6140906874954,-6.50016763606345,-0.283932769000732,-4.16545546536447,-7.04657994216667,-0.321136791920294,-4.75586995442668,-7.60253141858497,-0.360623446927694,-5.38533415468202,-8.16802206531833,-0.402392734022935,-6.05384806613049,-8.74305188236675,-0.446444653206015,-6.76141168877209,-9.32762086973024,-0.492779204476935
-0.627692126230955,-2.3307762876727,-0.0381691491296901,-0.872081148404164,-2.75991326290931,-0.0483391494517773,-1.15620818388542,-3.19338938016336,-0.0596780738845546,-1.48007323267472,-3.63120463943486,-0.072185922428022,-1.84367629477206,-4.07335904072381,-0.0858626950821797,-2.24701737017745,-4.51985258403021,-0.100708391847028,-2.69009645889089,-4.97068526935405,-0.116723012722566,-3.17291356091237,-5.42585709669534,-0.133906557708794,-3.69546867624189,-5.88536806605408,-0.152259026805712,-4.25776180487946,-6.34921817743026,-0.171780420013321,-4.85979294682507,-6.8174074308239,-0.192470737331619,-5.50156210207873,-7.28993582623498,-0.214329978760608,-6.18306927064044,-7.7668033636635,-0.237358144300287,-6.90431445251019,-8.24801004310947,-0.261555233950656,-7.66529764768798,-8.7335558645729,-0.286921247711716
-0.914388456099463,-2.66759973183416,-0.0126519831756655,-1.21076251263398,-3.07435314277182,-0.0136602696992027,-1.54842931381906,-3.4820533092122,-0.0145260294527831,-1.92738885965469,-3.89070023115529,-0.0152492624364069,-2.34764115014087,-4.30029390860109,-0.015829968650074,-2.8091861852776,-4.71083434154961,-0.0162681480937843,-3.31202396506489,-5.12232153000084,-0.016563800767538,-3.85615448950274,-5.53475547395479,-0.0167169266713349,-4.44157775859114,-5.94813617341145,-0.0167275258051752,-5.06829377233009,-6.36246362837082,-0.0165955981690587,-5.73630253071959,-6.77773783883291,-0.0163211437629855,-6.44560403375965,-7.19395880479771,-0.0159041625869557,-7.19619828145027,-7.61112652626523,-0.0153446546409691,-7.98808527379144,-8.02924100323545,-0.0146426199250258,-8.82126501078316,-8.4483022357084,-0.0137980584391258
-1.22192356570769,-2.9333735426466,-0.0302819344112178,-1.56282124258343,-3.30026326226654,-0.0359592950148093,-1.94542181639723,-3.66291894440309,-0.0421049505835107,-2.36972528714907,-4.02134058905624,-0.0487189011173223,-2.83573165483897,-4.37552819622599,-0.0558011466162438,-3.34344091946692,-4.72548176591234,-0.0633516870802754,-3.89285308103292,-5.0712012981153,-0.071370522509417,-4.48396813953697,-5.41268679283486,-0.0798576529036686,-5.11678609497908,-5.74993825007102,-0.0888130782630303,-5.79130694735924,-6.08295566982378,-0.0982367985875019,-6.50753069667744,-6.41173905209315,-0.108128813877084,-7.2654573429337,-6.73628839687912,-0.118489124131775,-8.06508688612801,-7.05660370418169,-0.129317729351577,-8.90641932626038,-7.37268497400086,-0.140614629536489,-9.78945466333079,-7.68453220633664,-0.152379824686511
-1.50924507339155,-3.23269877519845,-0.049598760193821,-1.87633654232985,-3.57579604672812,-0.0596927364263119,-2.28316206277518,-3.91217638523205,-0.0707562379116351,-2.72972163472757,-4.24183979071024,-0.0827892646497905,-3.21601525818699,-4.56478626316268,-0.0957918166407782,-3.74204293315346,-4.88101580258938,-0.109763893884598,-4.30780465962697,-5.19052840899034,-0.124705496381251,-4.91330043760752,-5.49332408236555,-0.140616624130735,-5.55853026709511,-5.78940282271502,-0.157497277133052,-6.24349414808975,-6.07876463003875,-0.175347455388201,-6.96819208059143,-6.36140950433673,-0.194167158896183,-7.73262406460015,-6.63733744560897,-0.213956387656996,-8.53679010011592,-6.90654845385547,-0.234715141670642,-9.38069018713873,-7.16904252907622,-0.256443420937121,-10.2643243256686,-7.42481967127123,-0.279141225456431
-1.82472802925415,-3.44708745439148,-0.011524967560646,-2.21661403734106,-3.7462095288755,-0.00864497532060029,-2.64633755997272,-4.03388481883868,-0.00496441366100717,-3.11389859714913,-4.31011332428103,-0.000483282581866667,-3.6192971488703,-4.57489504520253,0.00479841791682121,-4.16253321513623,-4.82822998160321,0.0108806878350565,-4.7436067959469,-5.07011813348304,0.0177635271728391,-5.36251789130233,-5.30055950084204,0.0254469359301691,-6.01926650120252,-5.5195540836802,0.0339309141070465,-6.71385262564745,-5.72710188199753,0.0432154617034713,-7.44627626463715,-5.92320289579402,0.0533005787194434,-8.21653741817159,-6.10785712506967,0.0641862651549629,-9.02463608625079,-6.28106456982449,0.0758725210100298,-9.87057226887474,-6.44282523005847,0.0883593462846441,-10.7543459660434,-6.59313910577161,0.101646740978806
-2.18653944017838,-3.63756078518608,0.0182350514190037,-2.6075570383567,-3.89378468947002,0.0296967807142971,-3.06530695386044,-4.13456912767668,0.0429468808832159,-3.5597891866896,-4.35991409980604,0.05798535192576,-4.09100373684419,-4.56981960585812,0.0748121938419295,-4.6589506043242,-4.76428564583291,0.0934274066317242,-5.26362978912965,-4.94331221973041,0.113830990295144,-5.90504129126051,-5.10689932755062,0.13602294483219,-6.5831851107168,-5.25504696929354,0.16000327024286,-7.29806124749851,-5.38775514495918,0.185771966527157,-8.04966970160565,-5.50502385454753,0.213329033685078,-8.83801047303821,-5.60685309805859,0.242674471716625,-9.6630835617962,-5.69324287549236,0.273808280621797,-10.5248889678796,-5.76419318684884,0.306730460400594,-11.4234266912884,-5.81970403212803,0.341441011053017
-2.55861939821374,-3.8218558069386,0.0417604314017763,-3.00220295944496,-4.04181843948831,0.0585026891197612,-3.48072045169193,-4.24369832530319,0.0774766391338543,-3.99417187495464,-4.42749546438326,0.0986822814440557,-4.54255722923309,-4.5932098567285,0.122119616050365,-5.12587651452729,-4.74084150233893,0.147788642952783,-5.74412973083724,-4.87039040121453,0.175689362151309,-6.39731687816292,-4.98185655335531,0.205821773645944,-7.08543795650435,-5.07523995876127,0.238185877436687,-7.80849296586153,-5.15054061743242,0.272781673523537,-8.56648190623444,-5.20775852936874,0.309609161906497,-9.35940477762311,-5.24689369457024,0.348668342585564,-10.1872615800275,-5.26794611303692,0.38995921556074,-11.0500523134477,-5.27091578476878,0.433481780832024,-11.9477769778836,-5.25580270976582,0.479236038399416
-2.93023971643352,-3.976855471393,0.044921433962779,-3.38792545643168,-4.15993002826386,0.0599639138149025,-3.87790058409094,-4.32253454485414,0.0767389948081206,-4.40016509941131,-4.46466902116381,0.0952466769424331,-4.95471900239277,-4.58633345719288,0.11548696021784,-5.54156229303533,-4.68752785294136,0.137459844634341,-6.16069497133899,-4.76825220840924,0.161165330191937,-6.81211703730376,-4.82850652359652,0.186603416890628,-7.49582849092962,-4.86829079850321,0.213774104730412,-8.21182933221658,-4.8876050331293,0.242677393711292,-8.96011956116464,-4.88644922747479,0.273313283833265,-9.74069917777381,-4.86482338153969,0.305681775096334,-10.5535681820441,-4.82272749532398,0.339782867500496,-11.3987265739754,-4.76016156882768,0.375616561045753,-12.2761743535679,-4.67712560205078,0.413182855732105
-3.35507790847281,-4.078231550168,0.0667198473410838,-3.83554440433026,-4.21718618129485,0.0854506202616991,-4.3470931887655,-4.33266847321331,0.106162264945513,-4.88972426177854,-4.4246784259234,0.128854781392525,-5.46343762336937,-4.49321603942511,0.153528169602736,-6.06823327353799,-4.53828131371843,0.180182429576145,-6.7041112122844,-4.55987424880338,0.208817561312753,-7.37107143960861,-4.55799484467996,0.23943356481256,-8.06911395551061,-4.53264310134815,0.272030440075565,-8.79823875999039,-4.48381901880796,0.306608187101768,-9.55844585304797,-4.4115225970594,0.34316680589117,-10.3497352346833,-4.31575383610246,0.381706296443771,-11.1721069048965,-4.19651273593714,0.42222665875957,-12.0255608636875,-4.05379929656344,0.464727892838568,-12.9100971110562,-3.88761351798136,0.509209998680764
-3.75066229893075,-4.1244276776519,0.0513920791801398,-4.23763960887369,-4.21305845362975,0.0622445365889448,-4.75257991484493,-4.27480815179698,0.0738262644612157,-5.29548321684448,-4.3096767721536,0.0861372627969525,-5.86634951487234,-4.31766431469959,0.0991775315961551,-6.4651788089285,-4.29877077943496,0.112947070858824,-7.09197109901296,-4.25299616635971,0.127445880584958,-7.74672638512574,-4.18034047547383,0.142673960774558,-8.42944466726682,-4.08080370677734,0.158631311427624,-9.1401259454362,-3.95438586027023,0.175317932544156,-9.87877021963389,-3.80108693595249,0.192733824124154,-10.6453774898599,-3.62090693382413,0.210878986167617,-11.4399477561142,-3.41384585388516,0.229753418674547,-12.2624810183968,-3.17990369613556,0.249357121644942,-13.1129772767077,-2.91908046057534,0.269690095078803
-4.1420897689395,-4.14542242502018,0.0435695333068446,-4.62937052943131,-4.18759300290147,0.0497452646545223,-5.14110296984531,-4.20039697838335,0.0559639875576991,-5.67728709018149,-4.18383435146582,0.0622257020163752,-6.23792289043984,-4.13790512214888,0.0685304080305505,-6.82301037062037,-4.06260929043252,0.0748781056002251,-7.43254953072308,-3.95794685631676,0.0812687947253988,-8.06654037074797,-3.82391781980159,0.0877024754060719,-8.72498289069503,-3.66052218088701,0.0941791476422441,-9.40787709056428,-3.46775993957302,0.100698811433916,-10.1152229703557,-3.24563109585961,0.107261466781086,-10.8470205300693,-2.9941356497468,0.113867113683756,-11.6032697697051,-2.71327360123458,0.120515752141925,-12.383970689263,-2.40304495032295,0.127207382155594,-13.1891232887432,-2.0634496970119,0.133942003724762
-4.55964335545844,-4.14720993778075,0.0393580804613673,-5.05119133568933,-4.14832391747536,0.0425699454379205,-5.56462862473665,-4.11858727651295,0.0454430882258174,-6.0999552226004,-4.05800001489354,0.0479775088250581,-6.65717112928059,-3.96656213261712,0.0501732072356425,-7.23627634477722,-3.84427362968368,0.0520301834575706,-7.83727086909028,-3.69113450609323,0.0535484374908425,-8.46015470221978,-3.50714476184577,0.0547279693354582,-9.10492784416571,-3.2923043969413,0.0555687789914175,-9.77159029492809,-3.04661341137983,0.0560708664587207,-10.4601420545069,-2.77007180516133,0.0562342317373675,-11.1705831229021,-2.46267957828583,0.0560588748273582,-11.9029135001138,-2.12443673075332,0.0555447957286925,-12.6571331861419,-1.75534326256379,0.0546919944413706,-13.4332421809865,-1.35539917371726,0.0535004709653925
-4.9599798349646,-4.03432589087947,0.000629188734188731,-5.44701343087879,-3.9715893662609,-0.00863858120249243,-5.95258444708946,-3.87381296114848,-0.0197863344604327,-6.47669288359661,-3.7409966755422,-0.0328140710396319,-7.01933874040025,-3.57314050944208,-0.0477217909400903,-7.58052201750037,-3.3702444628481,-0.0645094941618077,-8.16024271489697,-3.13230853576027,-0.0831771807047842,-8.75850083259006,-2.85933272817858,-0.10372485056902,-9.37529637057962,-2.55131704010305,-0.126152503754514,-10.0106293288657,-2.20826147153366,-0.150460140261268,-10.6644997074482,-1.83016602247042,-0.176647760089281,-11.3369075063272,-1.41703069291333,-0.204715363238553,-12.0278527255027,-0.96885548286239,-0.234662949709083,-12.7373353649747,-0.485640392317597,-0.266490519500873,-13.4653554247432,0.0326145787210499,-0.300198072613922
-5.3560649121745,-3.92571329580032,-0.014805578920313,-5.8353083626758,-3.81465679248788,-0.0277385403373151,-6.32974700915615,-3.66687453055552,-0.0427781131727865,-6.83938085161554,-3.48236651000325,-0.0599242974267274,-7.36420989005399,-3.26113273083106,-0.0791770930991376,-7.90423412447149,-3.00317319303895,-0.100536500190017,-8.45945355486804,-2.70848789662692,-0.124002518699366,-9.02986818124364,-2.37707684159498,-0.149575148627184,-9.61547800359829,-2.00894002794312,-0.177254389973472,-10.216283021932,-1.60407745567135,-0.207040242738229,-10.8322832362447,-1.16248912477965,-0.238932706921456,-11.4634786465366,-0.68417503526804,-0.272931782523151,-12.1098692528074,-0.169135187136511,-0.309037469543316,-12.7714550550573,0.382630419614933,-0.347249767981951,-13.4482360532863,0.971121784986297,-0.387568677839055
-5.73243138809243,-3.75210564781352,-0.0233154469742656,-6.1970894471931,-3.58621622597276,-0.0370746330281445,-6.6731621247433,-3.3813023829303,-0.0527778883238103,-7.16064942074303,-3.13736411868615,-0.0704252128612627,-7.65955133519229,-2.8544014332403,-0.0900166066405018,-8.16986786809109,-2.53241432659275,-0.111552069661528,-8.69159901943942,-2.1714027987435,-0.13503160192434,-9.22474478923729,-1.77136684969256,-0.16045520342894,-9.76930517748468,-1.33230647943992,-0.187822874175326,-10.3252801841816,-0.854221687985583,-0.217134614163498,-10.8926698093281,-0.337112475329549,-0.248390423393458,-11.4714740529241,0.219021158528183,-0.281590301865204,-12.0616929149696,0.814179213587612,-0.316734249578737,-12.6633263954647,1.44836168984874,-0.353822266534057,-13.2763744944092,2.12156858731156,-0.392854352731163
-6.10127145864455,-3.55701282733498,-0.0349454724995114,-6.54960696767798,-3.34364525236234,-0.0500323833563451,-7.00583592498756,-3.09018007423332,-0.0669851199365895,-7.46995833057329,-2.79661729294792,-0.0858036822402445,-7.94197418443518,-2.46295690850613,-0.10648807026731,-8.42188348657323,-2.08919892090796,-0.129038284017787,-8.90968623698743,-1.67534333015341,-0.153454323491674,-9.40538243567779,-1.22139013624247,-0.179736188688971,-9.9089720826443,-0.727339339175149,-0.20788387960968,-10.420455177887,-0.193190938951447,-0.237897396253799,-10.9398317214058,0.381055064428638,-0.269776738621328,-11.4671017132008,0.995398670965107,-0.303521906712269,-12.0022651532719,1.64983988065796,-0.33913290052662,-12.5453220416192,2.34437869350719,-0.376609720064381,-13.0962723782426,3.07901510951281,-0.415952365325554
-6.4261237293631,-3.32707938393762,-0.0586171923884132,-6.84660704598433,-3.0688187567381,-0.0780550395247634,-7.27044598346274,-2.76985175507862,-0.0996741914920045,-7.69764054179833,-2.43017837895921,-0.123474648290137,-8.12819072099111,-2.04979862837985,-0.14945640991916,-8.56209652104106,-1.62871250334055,-0.177619476379074,-8.99935794194821,-1.1669200038413,-0.207963847669879,-9.43997498371253,-0.664421129882112,-0.240489523791576,-9.88394764633404,-0.121215881462981,-0.275196504744163,-10.3312759298127,0.462695741416094,-0.312084790527641,-10.7819598341486,1.08731373875511,-0.351154381142011,-11.2359993593417,1.75263811055407,-0.392405276587271,-11.6933945053919,2.45866885681298,-0.435837476863422,-12.1541452722993,3.20540597753182,-0.481450981970465,-12.6182516600639,3.99284947271061,-0.529245791908398
-6.73725329118002,-3.00417508628932,-0.0468514274686462,-7.12943675800103,-2.68649518522608,-0.0594378303765172,-7.52095725600106,-2.32573334987608,-0.0730588512588965,-7.91181478518011,-1.92188958023933,-0.0877144901157842,-8.30200934553818,-1.47496387631582,-0.10340474694718,-8.69154093707526,-0.984956238105554,-0.120129621753085,-9.08040955979136,-0.451866665608535,-0.137889114533498,-9.46861521368648,0.124304841175238,-0.156683225288419,-9.85615789876061,0.743558282245767,-0.176511954017849,-10.2430376150138,1.40589365760305,-0.197375300721788,-10.6292543624459,2.11131096724709,-0.219273265400234,-11.0148081410571,2.85981021117789,-0.242205848053189,-11.3996989508473,3.65139138939543,-0.266173048680653,-11.7839267918166,4.48605450189974,-0.291174867282625,-12.1674916639648,5.3637995486908,-0.317211303859105
-7.02029205580215,-2.66737022259835,-0.0160662162169671,-7.38021759920689,-2.30107213753868,-0.017132123085671,-7.73546926648831,-1.89098930394004,-0.0176388048889362,-8.0860470576464,-1.43712172180241,-0.0175862616267627,-8.43195097268117,-0.939469391125797,-0.0169744932991504,-8.77318101159262,-0.398032311910203,-0.0158034999060994,-9.10973717438075,0.187189515844375,-0.0140732814476097,-9.44161946104556,0.816196092137935,-0.0117838379236812,-9.76882787158704,1.48898741697048,-0.008935169334314,-10.0913624060052,2.205563490342,-0.00552727567950804,-10.4092230643,2.96592431225251,-0.00156015695926334,-10.7224098464716,3.77006988270201,0.0029661868264201,-11.0309227525198,4.61800020169048,0.00805175567754228,-11.3347617824446,5.50971526921794,0.0136965495941032,-11.6339269362462,6.44521508528438,0.0199005685761029
-7.31356203526065,-2.34250437434357,0.00773079103060991,-7.64951840488696,-1.94441524831167,0.014421367791294,-7.9783514044357,-1.5040639475149,0.022584845148866,-8.30006103390689,-1.02145047195328,0.0322212231033261,-8.61464729330051,-0.496574821626809,0.0433305016546741,-8.92211018261657,0.0705630034645202,0.0559126808029101,-9.22244970185507,0.679963003320705,0.0699677605480341,-9.51566585101601,1.33162517794174,0.085495740890046,-9.80175863009938,2.02554952732764,0.102496621828946,-10.0807280391052,2.76173605147839,0.120970403364734,-10.3525740780334,3.540184750394,0.14091708549741,-10.6172967468841,4.36089562407446,0.162336668226974,-10.8748960456572,5.22386867251978,0.185229151553426,-11.1253719743528,6.12910389572995,0.209594535476765,-11.3687245329708,7.07660129370497,0.235432819996993
-7.5303559670096,-2.00239896100212,-0.00716825171024302,-7.82469410113337,-1.57883265052383,-0.00525448720302798,-8.1075298208227,-1.11513498145373,-0.00266120886684758,-8.37886312607759,-0.611305953791813,0.000611583298298189,-8.63869401689805,-0.0673455675380785,0.00456388929240932,-8.88702249328406,0.516746177307472,0.00919570911548581,-9.12384855523564,1.14096928074484,0.0145070427675277,-9.34917220275278,1.80532374277402,0.0204978902485349,-9.56299343583549,2.50980956339502,0.0271682515585075,-9.76531225448375,3.25442674260784,0.0345181266974454,-9.95612865869758,4.03917528041247,0.0425475156653487,-10.135442648477,4.86405517680892,0.0512564184622174,-10.3032542238219,5.72906643179719,0.0606448350880515,-10.4595633847324,6.63420904537727,0.0707127655428509,-10.6043701312085,7.57948301754917,0.0814602098266157
-7.72915103092522,-1.69508815794797,0.0185503494266034,-7.98432916481968,-1.26504386283481,0.028034596516275,-8.22449381695105,-0.799140428067368,0.0390731501746898,-8.44964498731933,-0.297377853645631,0.0516660104018477,-8.65978267592452,0.240243860430396,0.0658131771977488,-8.85490688276662,0.813724714160714,0.0815146505623929,-9.03501760784564,1.42306470754532,0.0987704304957803,-9.20011485116156,2.06826384058422,0.117580516997911,-9.3501986127144,2.74932211327741,0.137944910068784,-9.48526889250415,3.46623952562489,0.159863609708401,-9.6053256905308,4.21901607762667,0.183336615916761,-9.71036900679438,5.00765176928273,0.208363928693864,-9.80039884129486,5.83214660059308,0.23494554803971,-9.87541519403225,6.69250057155773,0.263081473954299,-9.93541806500656,7.58871368217666,0.292771706437632
-7.89653386005966,-1.32014651485619,0.0461425791115495,-8.11128373152199,-0.870194067664151,0.0624229894646444,-8.30779377287927,-0.386407422248033,0.0809231481180443,-8.4860639841315,0.131213421392162,0.101643055071749,-8.64609436527868,0.682668463256434,0.124582710325759,-8.78788491632081,1.26795770334478,0.149742113880074,-8.91143563725789,1.88708114165721,0.177121265734693,-9.01674652808993,2.54003877819372,0.206720165889618,-9.10381758881691,3.2268306129543,0.238538814344848,-9.17264881943885,3.94745664593896,0.272577211100382,-9.22324021995574,4.70191687714769,0.308835356156222,-9.25559179036758,5.49021130658051,0.347313249512366,-9.26970353067437,6.3123399342374,0.388010891168816,-9.26557544087611,7.16830276011837,0.43092828112557,-9.24320752097281,8.05809978422341,0.47606541938263
-8.00727258025038,-0.944141978471463,0.0327205837998115,-8.1736737153976,-0.481761602322695,0.0426225591291927,-8.31801276358483,0.0117354950725755,0.0536527630297668,-8.44028972481207,0.536349313714348,0.065811195501534,-8.54050459907933,1.09207985360262,0.0790978565444942,-8.61865738638659,1.6789271147374,0.0935127461586474,-8.67474808673387,2.29689109711867,0.109055864343994,-8.70877670012116,2.94597180074645,0.125727211100533,-8.72074322654846,3.62616922562073,0.143526786428265,-8.71064766601577,4.33748337174152,0.16245459032719,-8.67849001852309,5.0799142391088,0.182510622797308,-8.62427028407043,5.85346182772259,0.203694883838619,-8.54798846265777,6.65812613758288,0.226007373451123,-8.44964455428513,7.49390716868966,0.24944809163482,-8.3292385589525,8.36080492104296,0.27401703838971
-8.05630341047164,-0.579076257682886,0.0128840410118045,-8.16666637571336,-0.113749580432785,0.0153056078395677,-8.25065406788876,0.379117647586045,0.0177625564298859,-8.30826648699782,0.899525426373605,0.0202548867827591,-8.33950363304054,1.44747375592989,0.0227825988981873,-8.34436550601694,2.02296263625491,0.0253456927761705,-8.322852105927,2.62599206734866,0.0279441684167088,-8.27496343277072,3.25656204921114,0.0305780258198021,-8.20069948654812,3.91467258184235,0.0332472649854504,-8.10006026725917,4.60032366524229,0.0359518859136538,-7.9730457749039,5.31351529941096,0.0386918886044121,-7.8196560094823,6.05424748434836,0.0414672730577255,-7.63989097099435,6.82252022005449,0.044278039273594,-7.43375065944008,7.61833350652935,0.0471241872520174,-7.20123507481947,8.44168734377294,0.0500057169929959
-8.08521387497597,-0.159730685607099,0.00637606540492221,-8.14562288664169,0.319826039007025,0.00624811081537476,-8.17666336561949,0.825233576392543,0.00582739043530726,-8.17833531190938,1.35649192654946,0.00511390426471972,-8.15063872551135,1.91360108947776,0.00410765230361212,-8.09357360642541,2.49656106517747,0.00280863455198448,-8.00713995465155,3.10537185364856,0.0012168510098368,-7.89133777018978,3.74003345489105,-0.000667698322830942,-7.74616705304009,4.40054586890494,-0.00284501344601872,-7.57162780320249,5.08690909569022,-0.00531509435972656,-7.36772002067698,5.79912313524689,-0.00807794106395444,-7.13444370546354,6.53718798757496,-0.0111335535587024,-6.8717988575622,7.30110365267443,-0.0144819318439703,-6.57978547697294,8.09087013054528,-0.0181230759197584,-6.25840356369577,8.90648742118754,-0.0220569857860664
-8.10498039698179,0.212313168402409,-0.00686549544599849,-8.12425578255997,0.686598130007997,-0.0110823120731718,-8.11266908372232,1.18278296449403,-0.0160738002366695,-8.07022030046883,1.7008676718605,-0.0218399599364916,-7.99690943279951,2.24085225210742,-0.0283807911726381,-7.89273648071437,2.80273670523478,-0.0356962939451091,-7.75770144421339,3.38652103124259,-0.0437864682539045,-7.59180432329657,3.99220523013084,-0.0526513140990242,-7.39504511796393,4.61978930189953,-0.0622908314804684,-7.16742382821545,5.26927324654867,-0.072705020398237,-6.90894045405115,5.94065706407824,-0.0838938808523301,-6.61959499547101,6.63394075448827,-0.0958574128427475,-6.29938745247504,7.34912431777873,-0.108595616369489,-5.94831782506324,8.08620775394964,-0.122108491432556,-5.5663861132356,8.84519106300099,-0.136396038031946
-8.08932791488233,0.65343263539971,0.0404516204035317,-8.0676303781281,1.14001679962719,0.0503780551800912,-8.01378720918429,1.64728205358,0.0614236146552772,-7.92779840805091,2.17522839725813,0.0735882988290897,-7.80966397472795,2.7238558306616,0.0868721077015287,-7.65938390921542,3.29316435379039,0.101275041272594,-7.47695821151331,3.88315396664451,0.116797099542286,-7.26238688162162,4.49382466922396,0.133438282510605,-7.01566991954036,5.12517646152873,0.15119859017755,-6.73680732526952,5.77720934355883,0.170078022543122,-6.4257990988091,6.44992331531427,0.19007657960732,-6.08264524015911,7.14331837679503,0.211194261370145,-5.70734574931954,7.85739452800112,0.233431067831596,-5.29990062629039,8.59215176893253,0.256786998991674,-4.86030987107167,9.34759009958928,0.281262054850378
-8.02088454332298,1.08965831054787,0.0164642575374595,-7.95350949881919,1.582345906182,0.0176925297317616,-7.85227098143914,2.0938639911228,0.0187936444334846,-7.71716899118282,2.62421256537029,0.0197676016426287,-7.54820352805023,3.17339162892444,0.0206144013591938,-7.34537459204138,3.74140118178527,0.0213340435831798,-7.10868218315626,4.32824122395278,0.0219265283145868,-6.83812630139488,4.93391175542696,0.0223918555534149,-6.53370694675723,5.55841277620781,0.0227300252996639,-6.19542411924331,6.20174428629534,0.0229410375533339,-5.82327781885313,6.86390628568955,0.0230248923144249,-5.41726804558669,7.54489877439043,0.0229815895829369,-4.97739479944398,8.24472175239798,0.0228111293588699,-4.503658080425,8.96337521971221,0.0225135116422239,-3.99605788852976,9.70085917633311,0.0220887364329989
-7.86526311471076,1.45701627118042,-0.0155957084763011,-7.73847923926078,1.93225422481349,-0.0241307955649739,-7.57458896608987,2.42171698797126,-0.0340163339481313,-7.37359229519801,2.92540456065372,-0.0452523236257735,-7.13548922658522,3.44331694286088,-0.0578387645979004,-6.86027976025147,3.97545413459274,-0.0717756568645121,-6.54796389619679,4.52181613584929,-0.0870630004256084,-6.19854163442117,5.08240294663054,-0.10370079528119,-5.8120129749246,5.65721456693649,-0.121689041431255,-5.38837791770709,6.24625099676713,-0.141027738875806,-4.92763646276864,6.84951223612247,-0.161716887614841,-4.42978861010924,7.46699828500251,-0.183756487648361,-3.8948343597289,8.09870914340724,-0.207146538976366,-3.32277371162763,8.74464481133668,-0.231887041598855,-2.7136066658054,9.4048052887908,-0.257977995515829
-7.71521706482422,1.83393497374707,-0.0139960715700395,-7.5445929114896,2.29493650873064,-0.0209478336177014,-7.33600750973183,2.76654976534624,-0.0288776107567202,-7.08946085955093,3.24877474359389,-0.0377854029870957,-6.80495296094689,3.74161144347356,-0.047671210308828,-6.4824838139197,4.24505986498527,-0.0585350327219172,-6.12205341846938,4.75912000812902,-0.0703768702263632,-5.72366177459591,5.28379187290481,-0.0831967228221659,-5.28730888229931,5.81907545931263,-0.0969945905093255,-4.81299474157956,6.36497076735249,-0.111770473287842,-4.30071935243668,6.92147779702438,-0.127524371157715,-3.75048271487065,7.48859654832831,-0.144256284118945,-3.16228482888148,8.06632702126427,-0.161966212171532,-2.53612569446918,8.65466921583227,-0.180654155315476,-1.87200531163373,9.25362313203231,-0.200320113550776
-7.50757617575924,2.23761748911407,-0.0277400800848451,-7.28827525541831,2.6926381692166,-0.0376360609369712,-7.02965277605136,3.15616418127112,-0.0487596619497384,-6.73170873765838,3.62819552527764,-0.0611108831231467,-6.39444314023938,4.10873220123614,-0.0746897244571959,-6.01785598379435,4.59777420914664,-0.0894961859518862,-5.6019472683233,5.09532154900914,-0.105530267607218,-5.14671699382623,5.60137422082363,-0.12279196942319,-4.65216516030313,6.11593222459011,-0.141281291399803,-4.11829176775402,6.63899556030858,-0.160998233537058,-3.54509681617887,7.17056422797905,-0.181942795834953,-2.93258030557771,7.71063822760152,-0.204114978293489,-2.28074223595052,8.25921755917597,-0.227514780912667,-1.58958260729731,8.81630222270242,-0.252142203692485,-0.859101419618073,9.38189221818086,-0.277997246632945
-7.25996194132469,2.54871392620002,-0.0304867570891993,-6.99314338963166,2.97057708305718,-0.0395407942485903,-6.68596280625599,3.39565656758423,-0.0495597251656732,-6.3384201911977,3.82395237978117,-0.0605435498404478,-5.95051554445677,4.255464519648,-0.0724922682729143,-5.52224886603321,4.69019298718472,-0.0854058804630727,-5.05362015592702,5.12813778239133,-0.0992843864109229,-4.54462941413821,5.56929890526782,-0.114127786116465,-3.99527664066675,6.01367635581421,-0.129936079579699,-3.40556183551267,6.46127013403048,-0.146709266800624,-2.77548499867596,6.91208023991664,-0.164447347779242,-2.10504613015661,7.3661066734727,-0.183150322515551,-1.39424522995464,7.82334943469864,-0.202818191009553,-0.643082298070033,8.28380852359447,-0.223450953261246,0.148442665497205,8.74748394016019,-0.24504860927063
-6.99444180757716,2.81480698851954,-0.000857342593611421,-6.68763708720911,3.19479450829641,0.000321722122673647,-6.34051805010852,3.57227403383766,0.00195745304337967,-5.95308469627541,3.94724556514329,0.00404985016850665,-5.52533702570977,4.3197091022133,0.00659891349805458,-5.0572750384116,4.68966464504769,0.00960464303202347,-4.54889873438089,5.05711219364647,0.0130670387704133,-4.00020811361765,5.42205174800962,0.0169861007132241,-3.41120317612188,5.78448330813716,0.0213618288604559,-2.78188392189359,6.14440687402908,0.0261942232121086,-2.11225035093275,6.50182244568538,0.0314832837681822,-1.40230246323939,6.85673002310607,0.0372290105286768,-0.652040258813498,7.20912960629113,0.0434314034935924,0.138536262344925,7.55902119524058,0.0500904626629289,0.969427100235881,7.90640478995441,0.0572061880366864
-6.6881797133804,3.12696559891171,0.0117575687715986,-6.3412177544421,3.48481016948874,0.0167037219881403,-5.9539614194851,3.83765413315652,0.0225267919563905,-5.52641070850941,4.18549748991505,0.0292267786763491,-5.05856562151501,4.52834023976433,0.0368036821480162,-4.55042615850192,4.86618238270435,0.0452575023713916,-4.00199231947012,5.19902391873513,0.0545882393464756,-3.41326410441963,5.52686484785665,0.0647958930732679,-2.78424151335044,5.84970517006893,0.0758804635517686,-2.11492454626255,6.16754488537195,0.0878419507819778,-1.40531320315597,6.48038399376572,0.100680354763895,-0.65540748403068,6.78822249525024,0.114395675497521,0.134792611113305,7.09106038982551,0.128987912982856,0.965287082275988,7.38889767749153,0.144457067219899,1.83607592945737,7.6817343582483,0.16080313820865
-6.36320184322961,3.37368266718746,0.0527466931805081,-5.98230941117461,3.69435769989696,0.0690033986377929,-5.56193048603499,4.00594835340693,0.087461547034874,-5.10206506781077,4.30845462771736,0.108121138371752,-4.60271315650195,4.60187652282826,0.130982172648425,-4.06387475210852,4.88621403873963,0.156044649864896,-3.48554985463048,5.16146717545146,0.183308570021163,-2.86773846406784,5.42763593296376,0.212773933117226,-2.21044058042059,5.68472031127652,0.244440739153085,-1.51365620368874,5.93272031038975,0.278308988128741,-0.777385333872275,6.17163593030345,0.314378680044194,-0.00162797097120793,6.40146717101761,0.352649814899442,0.813615885014464,6.62221403253224,0.393122392694488,1.66834623408474,6.83387651484733,0.435796413429329,2.56256307623963,7.03645461796289,0.480671877103967
-5.94231696326672,3.57027796228729,0.0604618102821195,-5.5103611173023,3.84595030188011,0.0764473595439954,-5.03744911460381,4.10797851438252,0.0943204609344863,-4.52358095517127,4.35636259979453,0.114081114453592,-3.96875663900466,4.59110255811613,0.135729320101314,-3.372976166104,4.81219838934734,0.15926507787765,-2.73623953646927,5.01965009348813,0.184688387782601,-2.05854675010049,5.21345767053852,0.211999249816168,-1.33989780699764,5.39362112049851,0.241197663978349,-0.580292707160737,5.5601404433681,0.272283630269146,0.220268549410227,5.71301563914728,0.305257148688558,1.06178596271525,5.85224670783605,0.340118219236585,1.94425953275433,5.97783364943443,0.376866841913227,2.86768925952748,6.08977646394239,0.415503016718484,3.83207514303468,6.18807515135996,0.456026743652356
-5.58257032081286,3.73319486458469,0.050309576863179,-5.13056127043652,3.96258289529221,0.0606163737021466,-4.64024964536742,4.17418320240198,0.0718501975932999,-4.11163544560554,4.367995785914,0.0840110485366388,-3.54471867115088,4.54402064582826,0.0970989265321633,-2.93949932200346,4.70225778214478,0.111113831579873,-2.29597739816326,4.84270719486354,0.126055763679769,-1.61415289963029,4.96536888398456,0.141924722831851,-0.894025826404553,5.07024284950782,0.158720709036118,-0.13559617848604,5.15732909143333,0.176443722292571,0.661136044125246,5.2266276097611,0.195093762601209,1.4961708414293,5.27813840449111,0.214670829962033,2.36950821342613,5.31186147562337,0.235174924375043,3.28114816011574,5.32779682315788,0.256606045840238,4.23109068149811,5.32594444709464,0.278964194357619
-5.17870951076761,3.88478416711656,0.0405258722886394,-4.70233572634909,4.0738634793016,0.0459439445476171,-4.18942874426525,4.24229607903588,0.0515507474760549,-3.63998856451608,4.39008196631939,0.0573462810739527,-3.0540151871016,4.51722114115213,0.0633305453413105,-2.4315086120218,4.62371360353411,0.0695035402781283,-1.77246883927668,4.70955935346532,0.0758652658844062,-1.07689586886623,4.77475839094576,0.0824157221601441,-0.34478970079047,4.81931071597543,0.0891549091053421,0.423849664950615,4.84321632855433,0.0960828267200001,1.22902222835702,4.84647522868247,0.103199475004118,2.07072798942875,4.82908741635984,0.110504853957696,2.9489669481658,4.79105289158644,0.117998963580734,3.86373910456816,4.73237165436228,0.125681803873232,4.81504445863585,4.65304370468735,0.13355337483519
-4.79757592087373,4.00025317600667,0.00897394732937739,-4.31223884883619,4.14737723631123,0.00387876143045083,-3.793868516226,4.27114951376706,-0.00238628683031016,-3.24246492304317,4.37157000837416,-0.00982119745290558,-2.6580280692877,4.44863872013252,-0.0184259704373355,-2.04055795495958,4.50235564904214,-0.0282006057835998,-1.39005458005882,4.53272079510304,-0.0391451034916985,-0.706517944585423,4.53973415831519,-0.0512594635616317,0.0100519514606212,4.52339573867862,-0.0645436859933993,0.759655108079308,4.48370553619331,-0.0789977707870014,1.54229152527064,4.42066355085926,-0.0946217179424379,2.35796120303461,4.33426978267648,-0.111415527459709,3.20666414137123,4.22452423164497,-0.129379199338814,4.08840034028049,4.09142689776472,-0.148512733579754,5.00316979976239,3.93497778103574,-0.168816130182528
-4.42244845814679,4.06073986020399,0.00885208465025555,-3.93598134696634,4.15943255148461,0.00402670243055562,-3.42053101628594,4.23158966374973,-0.00178577983620453,-2.87609746610559,4.27721119699934,-0.00858536215002492,-2.30268069642528,4.29629715123345,-0.0163720445109055,-1.70028070724501,4.28884752645206,-0.0251458269188464,-1.0688974985648,4.25486232265516,-0.0349067093738474,-0.408531070384627,4.19434153984276,-0.0456546918759087,0.280818577295498,4.10728517801485,-0.0573897744250302,0.999151444475576,3.99369323717144,-0.070111957021212,1.74646753115561,3.85356571731252,-0.083821239664454,2.5227668373356,3.6869026184381,-0.0985176223547562,3.32804936301554,3.49370394054817,-0.114201105092119,4.16231510819543,3.27396968364274,-0.130871687876541,5.02556407287528,3.0276998477218,-0.148529370708024
-4.01939227273794,4.09159991370176,-0.0194761907631065,-3.52808754289213,4.14412099171464,-0.0320922358996311,-3.01086482240799,4.16761374102523,-0.0465590778457467,-2.4677241112855,4.16207816163353,-0.0628767166014534,-1.89866540952467,4.12751425353955,-0.0810451521667511,-1.3036887171255,4.06392201674328,-0.10106438454164,-0.682794034087996,3.97130145124473,-0.12293441372612,-0.0359813604121464,3.84965255704388,-0.146655239720191,0.636749303902043,3.69897533414075,-0.172226862523853,1.33539795885457,3.51926978253534,-0.199649282137106,2.05996460444544,3.31053590222764,-0.22892249855995,2.81044924067466,3.07277369321765,-0.260046511792385,3.58685186754221,2.80598315550537,-0.293021321834411,4.3891724850481,2.51016428909081,-0.327846928686029,5.21741109319233,2.18531709397396,-0.364523332347237
-3.59793740023423,4.06890913209611,0.00899438760256929,-3.10093465402964,4.07062972717657,0.00642120588799233,-2.58058079672586,4.04055806831707,0.00350710035732211,-2.03687582832288,3.9786941555176,0.000252071010558622,-1.46981974882072,3.88503798877817,-0.00334388215229812,-0.879412558219358,3.75958956809877,-0.00728075913124813,-0.265654256518808,3.6023488934794,-0.0115585599262914,0.371455156280934,3.41331596492007,-0.0161772845374279,1.03191568017987,3.19249078242077,-0.0211369329646577,1.71572731517799,2.93987334598151,-0.0264375052079807,2.42289006127531,2.65546365560227,-0.0320790012673971,3.15340391847182,2.33926171128308,-0.0380614211429066,3.90726888676752,1.99126751302391,-0.0443847648345095,4.68448496616241,1.61148106082478,-0.0510490323422055,5.4850521566565,1.19990235468569,-0.0580542236659949
-3.18242463688314,4.008249283746,0.0367435927242279,-2.68566031032484,3.96011987917721,0.0426071412254143,-2.16853950970158,3.87790583110635,0.049244069035951,-1.63106223501336,3.76160713953344,0.0566543761558381,-1.07322848626018,3.61122380445846,0.0648380625850755,-0.495038263442029,3.42675582588142,0.0737951283236632,0.103508433441083,3.20820320380232,0.0835255733716012,0.722411604389157,2.95556593822115,0.0940293977288895,1.3616712494022,2.66884402913792,0.105306601395528,2.0212873684802,2.34803747655263,0.117357184371517,2.70125996162316,1.99314628046527,0.130181146656856,3.40158902883109,1.60417044087585,0.143778488251546,4.12227457010398,1.18110995778437,0.158149209155586,4.86331658544184,0.723964831190829,0.173293309368976,5.62471507484466,0.232735061095222,0.189210788891716
-2.7772569792445,3.91778401399812,0.00535021882179247,-2.2866513693478,3.82331467812,0.00120209936949568,-1.77905532827084,3.69320491795177,-0.00354177788336832,-1.25446885601363,3.52745473349344,-0.00888141293679952,-0.712891952576153,3.326064124745,-0.0148168057907979,-0.154324617958421,3.08903309170646,-0.0213479564453635,0.421233147839568,2.81636163437781,-0.0284748649004964,1.01378134481782,2.50804975275905,-0.0361975311561964,1.62331997297632,2.16409744685019,-0.0445159552124636,2.24984903231508,1.78450471665123,-0.053430137069298,2.89336852283411,1.36927156216215,-0.0629400767266997,3.55387844453339,0.918397983382977,-0.0730457741846685,4.23137879741292,0.431883980313694,-0.0837472294432046,4.92586958147272,-0.0902704470456945,-0.0950444425023078,5.63735079671277,-0.64806529869519,-0.106937413361978
-2.38801943809338,3.77898654002953,-0.035376927640404,-1.90976718984287,3.63604477352434,-0.050709616573856,-1.41824963787102,3.45583358884126,-0.067982288758957,-0.913466782177827,3.23835298598029,-0.0871949441957071,-0.395418622763282,2.98360296494142,-0.108347582884106,0.135894840372609,2.69158352572467,-0.131440204824154,0.680473607229848,2.36229466833002,-0.156472810015851,1.23831767780843,1.99573639275748,-0.183445398459198,1.80942705210837,1.59190869900705,-0.212357970154193,2.39380173012965,1.15081158707873,-0.243210525100837,2.99144171187227,0.672445056972521,-0.27600306329913,3.60234699733625,0.156809108688416,-0.310735584749072,4.22651758652157,-0.396096257773578,-0.347408089450664,4.86395347942824,-0.986271042413463,-0.386020577403904,5.51465467605626,-1.61371524523124,-0.426573048608793
-2.02856776063565,3.5995369087742,-0.012212258603149,-1.57144032164659,3.40875751229601,-0.0183408051218763,-1.10541332520985,3.17936708729724,-0.0249946135993755,-0.630486771325425,2.9113656337779,-0.0321736840356467,-0.146660659993316,2.60475315173799,-0.0398780164306897,0.346065008786478,2.2595296411775,-0.0481076107845047,0.847690235013955,1.87569510209643,-0.0568624670970916,1.35821501868912,1.45324953449479,-0.0661425853684504,1.87763935981196,0.992192938372572,-0.0759479655985811,2.40596325838249,0.49252531372978,-0.0862786077874837,2.9431867144007,-0.0457533394335869,-0.0971345119351583,3.4893097278666,-0.622643021117529,-0.108515678041605,4.04433229878018,-1.23814373132205,-0.120422106106823,4.60825442714145,-1.89225547004714,-0.132853796130813,5.1810761129504,-2.58497823729281,-0.145810748113576
-1.69344782831503,3.41373742444736,0.00682789242176345,-1.26273928120119,3.18578857283824,0.00745985998371856,-0.82761477309078,2.91941169715686,0.00849147820963457,-0.388074303983798,2.61460679740323,0.0099227470995115,0.0558821261197546,2.27137387357734,0.0117536666533493,0.504254517219878,1.88971292567919,0.0139842368711481,0.957042869316574,1.46962395370879,0.0166144577529077,1.41424718240984,1.01110695766613,0.0196443292986282,1.87586745649968,0.514161937551213,0.0230738515083097,2.34190369158608,-0.0212111066359582,0.026903024381952,2.81235588766906,-0.595012174895385,0.0311318479195553,3.28722404474861,-1.20724126722707,0.0357603221211194,3.76650816282474,-1.85789838363101,0.0407884469866445,4.25020824189743,-2.5469835241072,0.0462162225161305,4.73832428196669,-3.27449668865565,0.0520436487095774
-1.36680417373726,3.19831094540893,0.0426090098920859,-0.961804128733172,2.93555901702069,0.0538155223001717,-0.556212354499896,2.63483924333731,0.0667133649425342,-0.150028851037427,2.29615162435878,0.0813025378191734,0.256746381654233,1.91949616008512,0.0975830409300893,0.664113343575086,1.50487285051631,0.115554874275282,1.07207203472513,1.05228169565236,0.135218037854751,1.48062245510437,0.561722695493273,0.156572531668497,1.8897646047128,0.0331958500390417,0.17961835571652,2.29949848355042,-0.533298840710332,0.20435550999882,2.70982409161723,-1.13776137675485,0.230783994515396,3.12074142891323,-1.7801917580945,0.258903809266249,3.53225049543843,-2.4605899847293,0.288714954251378,3.94435129119282,-3.17895605665924,0.320217429470785,4.3570438161764,-3.93528997388432,0.353411234924468
-1.06326529899773,2.93816566166718,-0.00593879802815102,-0.687044268402135,2.63820045341476,-0.0103384970860339,-0.313960057380168,2.30036319022474,-0.0152427493095919,0.0559873340681687,1.92465387209712,-0.0206515546988249,0.422797905942875,1.51107249903189,-0.0265649132537331,0.786471658243951,1.05961907102907,-0.0329828249743163,1.1470085909714,0.570293588088637,-0.0399052898605746,1.50440870412521,0.0430960502106077,-0.0473323079125079,1.8586719977054,-0.521973542605024,-0.0552638791301164,2.20979847171195,-1.12491519035826,-0.0637000035133999,2.55778812614488,-1.76572889304909,-0.0726406810623586,2.90264096100417,-2.44441465067753,-0.0820859117769923,3.24435697628983,-3.16097246324357,-0.0920356956573011,3.58293617200187,-3.91540233074721,-0.102490032703285,3.91837854814027,-4.70770425318845,-0.113448922914944
-0.779037694588202,2.60210472014818,-0.0106753574606421,-0.432583526663683,2.25381854802658,-0.0156771232421308,-0.0926468014435859,1.86633385585064,-0.0211958213126891,0.240772481072089,1.43965064362038,-0.0272314516723171,0.567674320883341,0.973768911335791,-0.0337840143210148,0.888058717990171,0.468688658996874,-0.0408535092587821,1.20192567239258,-0.0755901133963702,-0.0484399364856191,1.50927518409057,-0.659067405843941,-0.0565432960015258,1.81010725308413,-1.28174321834584,-0.0651635878065021,2.10442187937327,-1.94361755090207,-0.0743008119005481,2.39221906295799,-2.64469040351262,-0.0839549682836637,2.67349880383829,-3.3849617761775,-0.0941260569558491,2.94826110201416,-4.16443166889671,-0.104814077917104,3.21650595748561,-4.98310008167024,-0.116019031167429,3.47823337025264,-5.8409670144981,-0.127740916706823
-0.521043884932156,2.26245196471053,-0.0200028938496967,-0.206714458524264,1.87746645392074,-0.0267738059368975,0.0978467370988085,1.45359968844383,-0.0342206160217051,0.392639701937062,0.990851668279801,-0.0423433241041197,0.677664435990497,0.48922239342865,-0.0511419301841412,0.952920939259112,-0.0512881361096207,-0.0606164342617696,1.21840921174291,-0.630679920335013,-0.070766836337005,1.47412925344189,-1.24895295924752,-0.0815931364098472,1.72008106435604,-1.90610725284716,-0.0930953344802963,1.95626464448538,-2.60214280113391,-0.105273430548352,2.1826799938299,-3.33705960410778,-0.118127424614015,2.3993271123896,-4.11085766176878,-0.131657316677285,2.60620600016449,-4.92353697411689,-0.145863106738162,2.80331665715455,-5.77509754115212,-0.160744794796646,2.99065908335979,-6.66553936287448,-0.176302380852736
-0.33547340552262,1.87344152331261,-0.0174050044066578,-0.0681850504698398,1.44840963028254,-0.0221397556100287,0.18460337184326,0.984348572284387,-0.0272061151321238,0.422891861416679,0.481258349318156,-0.032604082972943,0.646680418250416,-0.0608610386161554,-0.0383336591324864,0.855969042344473,-0.642009591518548,-0.0443948436107539,1.05075773369885,-1.26218730938902,-0.0507876364077455,1.23104649231354,-1.92139419222758,-0.0575120375234613,1.39683531818856,-2.61963024003421,-0.0645680469579013,1.54812421132389,-3.35689545280893,-0.0719556647110653,1.68491317171954,-4.13318983055172,-0.0796748907829536,1.80720219937552,-4.9485133732626,-0.0877257251735659,1.91499129429181,-5.80286608094156,-0.0961081678829024,2.00828045646842,-6.6962479535886,-0.104822218910963,2.08706968590534,-7.62865899120372,-0.113867878257748
-0.197533063573767,1.50750730951063,-0.0380275757592366,0.0178119966825708,1.06055371027394,-0.0476931045137304,0.213903774931242,0.576742698874309,-0.058274095613492,0.390742271172245,0.0560742753117458,-0.0697705490585213,0.548327485405582,-0.501451560413751,-0.0821824648488182,0.68665941763125,-1.09583480830218,-0.0955098429843829,0.805738067849252,-1.72707546835355,-0.109752683465215,0.905563436059586,-2.39517354056785,-0.124910986291315,0.986135522262252,-3.10012902494509,-0.140984751462683,1.04745432645725,-3.84194192148525,-0.157973978979319,1.08951984864458,-4.62061223018836,-0.175878668841222,1.11233208882425,-5.4361399510544,-0.194698821048393,1.11589104699625,-6.28852508408337,-0.214434435600832,1.10019672316057,-7.17776762927528,-0.235085512498538,1.06524911731724,-8.10386758663012,-0.256652051741512
-0.0565131437663303,1.13499466867103,0.0166867794290257,0.118063165655527,0.672732652808549,0.0247423274286629,0.27065485345755,0.176348820534575,0.0342482791436612,0.40126191963974,-0.354156828150888,0.0452046345740207,0.509884364202096,-0.91878429324784,0.0576113937197412,0.596522187144618,-1.51753357475628,0.0714685565808229,0.661175388467307,-2.15040467267621,0.0867761231572656,0.703843968170161,-2.81739758700763,0.103534093449069,0.724527926253182,-3.51851231775053,0.121742467456234,0.723227262716369,-4.25374886490493,0.141401245178761,0.699941977559722,-5.02310722847081,0.162510426616648,0.654672070783241,-5.82658740844819,0.185070011769896,0.587417542386927,-6.66418940483705,0.209080000638505,0.498178392370779,-7.5359132176374,0.234540393222476,0.386954620734798,-8.44175884684924,0.261451189521808
0.0359915661665536,0.734304626634477,0.0267327203918956,0.164825358191902,0.255744506168595,0.0368148464335739,0.268658518007134,-0.25467475121575,0.0484205202050264,0.347491045612251,-0.796953145518557,0.0615497417062533,0.401322941007251,-1.37109067673983,0.0762025109372544,0.430154204192136,-1.97708734487956,0.0923788278980298,0.433984835166905,-2.61494314993775,0.110078692588579,0.412814833931558,-3.28465809191441,0.129302105008903,0.366644200486095,-3.98623217080953,0.150049065159002,0.295472934830517,-4.71966538662311,0.172319573038874,0.199301036964822,-5.48495773935516,0.196113628648521,0.0781285068890116,-6.28210922900566,0.221431231987942,-0.0680446553969141,-7.11111985557463,0.248272383057137,-0.239218449892956,-7.97198961906206,0.276637081856107,-0.435392876599114,-8.86471851946796,0.30652532838485
0.103337108227402,0.283061205176115,0.0286761108144663,0.189370792423263,-0.219450477699819,0.0379258023241298,0.24814424164477,-0.752817448976444,0.0483999549980374,0.27965745589192,-1.31703970865376,0.0600985688361889,0.283910435164716,-1.91211725673176,0.0730216438385844,0.260903179463156,-2.53805009321046,0.0871691800052239,0.210635688787241,-3.19483821808984,0.102541177336107,0.13310796313697,-3.88248163136991,0.119137635831235,0.0283200025123437,-4.60098033305068,0.136958555490606,-0.103728193086638,-5.35033432313213,0.156003936314222,-0.263036623659975,-6.13054360161427,0.176273778302081,-0.449605289207667,-6.94160816849711,0.197768081454185,-0.663434189729715,-7.78352802378063,0.220486845770532,-0.904523325226118,-8.65630316746484,0.244430071251123,-1.17287269569688,-9.55993359954975,0.269597757895959
0.104417644240546,-0.0962517710264302,0.0352690719336045,0.138599053670057,-0.593955467172651,0.0449741604718325,0.142398324857917,-1.11798708041999,0.0558060792393252,0.115815457804125,-1.66834661076846,0.0677648282360827,0.0588504525086815,-2.24503405821805,0.080850407462105,-0.0284966910284145,-2.84804942276875,0.095062816917392,-0.146225972807162,-3.47739270442059,0.110402056601944,-0.294337392827562,-4.13306390317354,0.12686812651576,-0.472830951089614,-4.81506301902762,0.144461026658842,-0.681706647593317,-5.52339005198281,0.163180757031188,-0.920964482338673,-6.25804500203913,0.183027317632799,-1.19060445532568,-7.01902786919658,0.204000708463674,-1.49062656655434,-7.80633865345514,0.226100929523814,-1.82103081602465,-8.61997735481483,0.249327980813219,-2.18181720373661,-9.45994397327564,0.273681862331889
0.0843766592972574,-0.491243030338729,0.0434558010042623,0.072479757846934,-0.985541686211498,0.0538481886037667,0.0282081248988617,-1.5023937281762,0.0653116089549363,-0.0484382395469595,-2.04179915623284,0.0778460620577711,-0.157459335490529,-2.60375797038141,0.091451547912271,-0.298855162931848,-3.18827017062192,0.106128066518436,-0.472625721870916,-3.79533575695436,0.121875617876267,-0.678771012307733,-4.42495472937873,0.138694201985762,-0.917291034242298,-5.07712708789504,0.156583818846923,-1.18818578767461,-5.75185283250329,0.175544468459749,-1.49145527260468,-6.44913196320346,0.19557615082424,-1.82709948903249,-7.16896447999558,0.216678865940396,-2.19511843695805,-7.91135038287962,0.238852613808218,-2.59551211638136,-8.6762896718556,0.262097394427704,-3.02828052730242,-9.46378234692352,0.286413207798856
0.0110236462953036,-0.884136953641796,0.00627885070564826,-0.0510381589191143,-1.37163458942149,0.00397200973638649,-0.147733117356109,-1.87795913649259,0.000988098304440983,-0.27906122901568,-2.40311059485509,-0.00267288359018825,-0.445022493897829,-2.947088964509,-0.00701093594750122,-0.645616912002554,-3.50989424545431,-0.0120260587674979,-0.880844483329856,-4.09152643769102,-0.0177182520501783,-1.15070520787973,-4.69198554121913,-0.0240875157955425,-1.45519908565219,-5.31127155603865,-0.0311338500035904,-1.79432611664722,-5.94938448214957,-0.038857254674322,-2.16808630086483,-6.60632431955189,-0.0472577298077374,-2.57647963830502,-7.28209106824562,-0.0563352754038364,-3.01950612896778,-7.97668472823075,-0.0660898914626193,-3.49716577285312,-8.69010529950728,-0.0765215779840858,-4.00945856996104,-9.42235278207522,-0.0876303349682361
-0.116677748312705,-1.29951504121319,0.014509083820623,-0.232373902453777,-1.78496258917055,0.0145754200924283,-0.385115368200906,-2.28658676107855,0.014351907878781,-0.574902145554089,-2.80438755693718,0.0138385471796812,-0.801734234513328,-3.33836497674643,0.0130353379951287,-1.06561163507862,-3.88851902050632,0.0119422803251237,-1.36653434724997,-4.45484968821684,0.0105593741696662,-1.70450237102738,-5.03735697987799,0.00888661952875605,-2.07951570641084,-5.63604089548977,0.00692401640239335,-2.49157435340036,-6.25090143505217,0.00467156479057807,-2.94067831199593,-6.88193859856521,0.00212926469331023,-3.42682758219756,-7.52915238602888,-0.000702883889410189,-3.95002216400524,-8.19254279744318,-0.00382488095758318,-4.51026205741898,-8.87210983280811,-0.00723672651120874,-5.10754726243877,-9.56785349212367,-0.0109384205502869
-0.289584966826725,-1.72450725157569,0.0379322406438369,-0.458887758454042,-2.20863095293522,0.0444700065311413,-0.667338284171007,-2.70670963349177,0.0515762527407293,-0.914936543977621,-3.21874329324533,0.0592509792726007,-1.20168253787389,-3.74473193219592,0.0674941861267558,-1.5275762658598,-4.28467555034352,0.0763058733031944,-1.89261772793536,-4.83857414768814,0.0856860408019165,-2.29680692410057,-5.40642772422978,0.0956346886229221,-2.74014385435543,-5.98823627996844,0.106151816766211,-3.22262851869994,-6.58399981490412,0.117237425231784,-3.7442609171341,-7.19371832903681,0.12889151401964,-4.30504104965791,-7.81739182236653,0.14111408312978,-4.90496891627137,-8.45502029489326,0.153905132562204,-5.54404451697448,-9.10660374661701,0.167264662316911,-6.22226785176724,-9.77214217753778,0.181192672393901
-0.48043847255092,-2.09404894037711,0.00212462319187877,-0.695127448872169,-2.55895868637911,-0.00302717370067514,-0.949756116334582,-3.03361269111595,-0.00916662083737767,-1.24432447493816,-3.51801095458765,-0.0162937182182288,-1.5788325246829,-4.0121534767942,-0.0244084658432286,-1.9532802655688,-4.51604025773559,-0.033510863712377,-2.36766769759587,-5.02967129741184,-0.043600911825674,-2.8219948207641,-5.55304659582294,-0.0546786101831197,-3.31626163507349,-6.08616615296889,-0.0667439587847139,-3.85046814052405,-6.62902996884969,-0.0797969576304568,-4.42461433711576,-7.18163804346533,-0.0938376067203483,-5.03870022484865,-7.74399037681584,-0.108865906054388,-5.69272580372269,-8.31608696890119,-0.124881855632577,-6.3866910737379,-8.89792781972139,-0.141885455454915,-7.12059603489427,-9.48951292927644,-0.159876705521401
-0.713321235762165,-2.41455861173262,-0.00267996943247709,-0.973216598346971,-2.84741201863835,-0.00871890868498548,-1.27372024698615,-3.28470319388416,-0.0157327389353698,-1.61483218167971,-3.72643213747005,-0.0237214601836299,-1.99655240242765,-4.17259884939603,-0.032685072429766,-2.41888090922996,-4.62320332966209,-0.042623575673778,-2.88181770208664,-5.07824557826824,-0.0535369699156658,-3.3853627809977,-5.53772559521447,-0.0654252551554296,-3.92951614596314,-6.00164338050079,-0.0782884313930692,-4.51427779698296,-6.46999893412719,-0.0921264986285848,-5.13964773405715,-6.94279225609368,-0.106939456861976,-5.80562595718571,-7.42002334640025,-0.122727306093244,-6.51221246636866,-7.9016922050469,-0.139490046322387,-7.25940726160598,-8.38779883203364,-0.157227677549406,-8.04721034289767,-8.87834322736047,-0.175940199774301
-0.959606213362327,-2.7256990342438,0.00960129420936756,-1.25616995940476,-3.12775701778969,0.00789075369235884,-1.59284182986823,-3.52977999648501,0.00587856269294521,-1.96962182475274,-3.93176797032975,0.00356472121112668,-2.38650994405827,-4.33372093932392,0.000949229246903246,-2.84350618778484,-4.73563890346752,-0.00196791319972509,-3.34061055593244,-5.13752186276053,-0.00518670612875834,-3.87782304850107,-5.53936981720298,-0.00870714954019648,-4.45514366549074,-5.94118276679485,-0.0125292434340395,-5.07257240690144,-6.34296071153614,-0.0166529878102875,-5.73010927273317,-6.74470365142686,-0.0210783826689403,-6.42775426298594,-7.14641158646701,-0.0258054280099981,-7.16550737765973,-7.54808451665658,-0.0308341238334608,-7.94336861675457,-7.94972244199558,-0.0361644701393283,-8.76133798027043,-8.351325362484,-0.0417964669276008
-1.21793834814416,-3.03971636674897,-0.0152082994242939,-1.54354302068094,-3.41625354250441,-0.0239071506070399,-1.90785086214669,-3.7895203489523,-0.0337565085057612,-2.31086187254139,-4.15951678609263,-0.044756373120458,-2.75257605186504,-4.52624285392541,-0.0569067444511301,-3.23299340011765,-4.88969855245064,-0.0702076224977775,-3.75211391729922,-5.24988388166831,-0.0846590072604003,-4.30993760340975,-5.60679884157842,-0.100260898738998,-4.90646445844923,-5.96044343218098,-0.117013296933572,-5.54169448241766,-6.31081765347598,-0.134916201844121,-6.21562767531506,-6.65792150546343,-0.153969613470645,-6.92826403714141,-7.00175498814333,-0.174173531813145,-7.67960356789671,-7.34231810151567,-0.19552795687162,-8.46964626758097,-7.67961084558045,-0.21803288864607,-9.29839213619419,-8.01363322033768,-0.241688327136496
-1.49843984159491,-3.27446242596076,-0.0233886756752732,-1.84969131965852,-3.60668386970246,-0.033087946656371,-2.23798849114645,-3.93042432911549,-0.0439186711621485,-2.66333135605871,-4.24568380419986,-0.0558808491926058,-3.12571991439529,-4.55246229495557,-0.0689744807477427,-3.6251541661562,-4.85075980138262,-0.0831995658275593,-4.16163411134144,-5.140576323481,-0.0985561044320557,-4.73515974995099,-5.42191186125072,-0.115044096561232,-5.34573108198488,-5.69476641469178,-0.132663542215087,-5.99334810744309,-5.95913998380417,-0.151414441393623,-6.67801082632562,-6.2150325685879,-0.171296794096838,-7.39971923863248,-6.46244416904297,-0.192310600324733,-8.15847334436367,-6.70137478516938,-0.214455860077307,-8.95427314351918,-6.93182441696712,-0.237732573354562,-9.78711863609901,-7.15379306443621,-0.262140740156495
-1.83900146177903,-3.47503340106543,0.00241825024503518,-2.22420415806543,-3.76066398894795,0.00186577705472093,-2.64605971121913,-4.03297563137886,0.00148665086197913,-3.10456812124012,-4.29196832835818,0.00128087166680978,-3.59972938812841,-4.5376420798859,0.00124843946921288,-4.131543511884,-4.76999688596202,0.00138935426918844,-4.70001049250688,-4.98903274658654,0.00170361606673644,-5.30513032999706,-5.19474966175946,0.0021912248618569,-5.94690302435453,-5.38714763148078,0.0028521806545498,-6.6253285755793,-5.5662266557505,0.00368648344481516,-7.34040698367136,-5.73198673456862,0.00469413323265297,-8.09213824863072,-5.88442786793515,0.00587513001806323,-8.88052237045737,-6.02355005585007,0.00722947380104594,-9.70555934915132,-6.1493532983134,0.0087571645816011,-10.5672491847126,-6.26183759532512,0.0104582023597287
-2.21253986546381,-3.66473451095765,0.00285527562148238,-2.6310188663185,-3.90927671116744,0.00276258717293791,-3.08572207844038,-4.13697469867922,0.00287960833918066,-3.57664950182944,-4.347828473493,0.00320633912021063,-4.1038011364857,-4.54183803560876,0.00374277951602782,-4.66717698240914,-4.71900338502651,0.00448892952663223,-5.26677703959978,-4.87932452174626,0.00544478915202387,-5.9026013080576,-5.02280144576799,0.00661035839220272,-6.57464978778262,-5.14943415709172,0.0079856372471688,-7.28292247877482,-5.25922265571744,0.00957062571692209,-8.02741938103421,-5.35216694164514,0.0113653238014626,-8.80814049456079,-5.42826701487484,0.0133697315007903,-9.62508581935456,-5.48752287540653,0.0155838488149053,-10.4782553554155,-5.52993452324021,0.0180076757438075,-11.3676491027437,-5.55550195837588,0.0206412122874969
-2.57869319369167,-3.80667030251822,0.0109736362543134,-3.01824929177589,-4.00466602544778,0.0134675728152499,-3.49210670960613,-4.18204690105002,0.0164729629699012,-4.00026544718239,-4.33881292932492,0.0199898067182674,-4.54272550450467,-4.4749641102725,0.0240181040603483,-5.11948688157297,-4.59050044389274,0.0285578549961441,-5.73054957838729,-4.68542193018565,0.0336090595256547,-6.37591359494763,-4.75972856915124,0.0391717176488801,-7.05557893125399,-4.81342036078949,0.0452458293658203,-7.76954558730638,-4.84649730510042,0.0518313946764753,-8.51781356310478,-4.85895940208401,0.0589284135808451,-9.3003828586492,-4.85080665174028,0.0665368860789297,-10.1172534739396,-4.82203905406921,0.0746568121707291,-10.9684254089761,-4.77265660907081,0.0832881918562434,-11.8538986637586,-4.70265931674509,0.0924310251354724
-2.97785591054282,-3.94670160614248,-0.00269108423598689,-3.44002034630158,-4.1073030764305,-0.00436326455034901,-3.93500170444679,-4.24515959222169,-0.00611779815540843,-4.46279998497846,-4.36027115351604,-0.00795468505116516,-5.0234151878966,-4.45263776031356,-0.00987392523761919,-5.61684731320119,-4.52225941261424,-0.0118755187147705,-6.24309636089225,-4.56913611041808,-0.0139594654826192,-6.90216233096977,-4.59326785372508,-0.0161257655411651,-7.59404522343375,-4.59465464253525,-0.0183744188904084,-8.31874503828419,-4.57329647684858,-0.020705425530349,-9.07626177552109,-4.52919335666507,-0.0231187854609868,-9.86659543514445,-4.46234528198473,-0.025614498682322,-10.6897460171543,-4.37275225280755,-0.0281925651943545,-11.5457135215506,-4.26041426913353,-0.0308529849970843,-12.4344979483333,-4.12533133096268,-0.0335957580905114
-3.39057270616429,-4.03426974417864,0.00711982483697018,-3.87124007642455,-4.15098474077602,0.008689389245802,-4.38290724101178,-4.24227091531595,0.0105985870123869,-4.92557419992599,-4.30812826779845,0.0128474181367248,-5.49924095316716,-4.34855679822351,0.0154358826188157,-6.10390750073531,-4.36355650659113,0.0183639804586596,-6.73957384263043,-4.35312739290131,0.0216317116562566,-7.40623997885252,-4.31726945715405,0.0252390762116066,-8.10390590940159,-4.25598269934935,0.0291860741247097,-8.83257163427763,-4.16926711948721,0.0334727053955658,-9.59223715348064,-4.05712271756763,0.0380989700241749,-10.3829024670106,-3.91954949359062,0.0430648680105371,-11.2045675748676,-3.75654744755616,0.0483703993546522,-12.0572324770515,-3.56811657946426,0.0540155640565205,-12.9408971735624,-3.35425688931493,0.0600003621161417
-3.76962340886113,-4.12950250428274,0.00416586962227625,-4.25187481681419,-4.21457005095586,0.00476560944690996,-4.76139175599434,-4.27341933497125,0.00553874993522406,-5.29817422640157,-4.30605035632892,0.00648529108721856,-5.86222222803588,-4.31246311502887,0.00760523290289346,-6.45353576089728,-4.2926576110711,0.00889857538224875,-7.07211482498576,-4.2466338444556,0.0103653185252844,-7.71795942030133,-4.17439181518239,0.0120054623320005,-8.39106954684399,-4.07593152325146,0.013819006802397,-9.09144520461372,-3.9512529686628,0.0158059519364739,-9.81908639361055,-3.80035615141643,0.0179662977342311,-10.5739931138345,-3.62324107151233,0.0203000441956688,-11.3561653652854,-3.41990772895051,0.0228071913207869,-12.1656031479635,-3.19035612373097,0.0254877391095853,-13.0023064618687,-2.93458625585371,0.0283416875620642
-4.18449735573183,-4.10662635504838,0.00753033185359854,-4.67451002415255,-4.13422834897698,0.00910379775531429,-5.18931220118796,-4.13164530816058,0.0109522638034753,-5.72890388683804,-4.09887723259918,0.0130757299980815,-6.29328508110282,-4.03592412229278,0.0154741963391329,-6.88245578398227,-3.94278597724138,0.0181476628266296,-7.4964159954764,-3.81946279744498,0.0210961294605716,-8.13516571558522,-3.66595458290359,0.0243195962409587,-8.79870494430872,-3.48226133361719,0.0278180631677911,-9.4870336816469,-3.2683830495858,0.0315915302410688,-10.2001519275998,-3.0243197308094,0.0356399974607916,-10.9380596821673,-2.75007137728801,0.0399634648269598,-11.7007569453495,-2.44563798902161,0.0445619323395731,-12.4882437171464,-2.11101956601022,0.0494353999986317,-13.300519997558,-1.74621610825383,0.0545838678041355
-4.58825696747853,-4.04902162553189,-0.00930615751612981,-5.0780908102346,-4.02177314054619,-0.012786962510761,-5.58954448861258,-3.9612083990302,-0.0166693061422901,-6.12261800261248,-3.86732740098392,-0.020953188410717,-6.67731135223431,-3.74013014640735,-0.0256386093160419,-7.25362453747805,-3.57961663530048,-0.0307255688582646,-7.85155755834371,-3.38578686766333,-0.0362140670373853,-8.47111041483129,-3.15864084349588,-0.0421041038534038,-9.11228310694079,-2.89817856279814,-0.0483956793063202,-9.77507563467221,-2.60440002557012,-0.0550887933961346,-10.4594879980256,-2.2773052318118,-0.0621834461228468,-11.1655201970008,-1.91689418152319,-0.0696796374864569,-11.893172231598,-1.52316687470429,-0.0775773674869649,-12.6424441018171,-1.0961233113551,-0.0858766361243708,-13.4133358076581,-0.635763491475613,-0.0945774433986746
-5.00222963151576,-3.97991645907227,-0.0239864796318904,-5.49172319228034,-3.90723514273372,-0.0311108334370926,-6.00004880190708,-3.79969939837334,-0.0390482916638697,-6.52720646039599,-3.65730922599112,-0.0477988543122216,-7.07319616774706,-3.48006462558707,-0.0573625213821484,-7.6380179239603,-3.26796559716118,-0.06773929287365,-8.2216717290357,-3.02101214071346,-0.0789291687867265,-8.82415758297327,-2.7392042562439,-0.0909321491213777,-9.445475485773,-2.4225419437525,-0.103748233877604,-10.0856254374349,-2.07102520323927,-0.117377423055405,-10.744607437959,-1.6846540347042,-0.131819716654781,-11.4224214873452,-1.2634284381473,-0.147075114675731,-12.1190675855936,-0.807348413568564,-0.163143617118257,-12.8345457327041,-0.31641396096799,-0.180025223982357,-13.5688559286768,0.20937491965442,-0.197719935268032
-5.38298650062992,-3.8182001874605,-0.00742692060550888,-5.85983526560619,-3.68489081128311,-0.00850841481866606,-6.35152016592993,-3.51345510340854,-0.00953266448537326,-6.85804120160115,-3.30389306383679,-0.0104996696056305,-7.37939837261984,-3.05620469256785,-0.0114094301794378,-7.91559167898602,-2.77038998960174,-0.012261946206795,-8.46662112069967,-2.44644895493845,-0.0130572176877023,-9.03248669776081,-2.08438158857798,-0.0137952446221597,-9.61318841016942,-1.68418789052033,-0.014476027010167,-10.2087262579255,-1.2458678607655,-0.0150995648517244,-10.8191002410291,-0.769421499313495,-0.0156658581468318,-11.4443103594801,-0.254848806164307,-0.0161749068954893,-12.0843566132786,0.297850218682061,-0.0166267110976967,-12.7392390024246,0.888675575225607,-0.0170212707534542,-13.4089575269181,1.51762726346633,-0.0173585858627617
-5.75705999049388,-3.68481355764083,-0.015519807547525,-6.21899374316434,-3.51335548656152,-0.0185736988775941,-6.69198679095876,-3.3037682448273,-0.0218280040333485,-7.17603913387716,-3.05605183243814,-0.0252827230147881,-7.67115077191952,-2.77020624939405,-0.0289378558219131,-8.17732170508584,-2.44623149569504,-0.0327934024547233,-8.69455193337614,-2.0841275713411,-0.0368493629132188,-9.2228414567904,-1.68389447633224,-0.0411057371973995,-9.76219027532863,-1.24553221066844,-0.0455625253072656,-10.3125983889908,-0.769040774349718,-0.0502197272428169,-10.874065797777,-0.254420167376068,-0.0550773430040535,-11.4465925016871,0.29832961025251,-0.0601353725909754,-12.0301785007212,0.889208558536015,-0.0653938160035826,-12.6248237948793,1.51821667747445,-0.070852673241875,-13.2305283841613,2.18535396706781,-0.0765119443058527
-6.18173834173468,-3.53133348398766,-0.0466923442725431,-6.64394678255428,-3.32695047114361,-0.0580863695121523,-7.11584543728148,-3.08509895261238,-0.0707141274456498,-7.59743430591629,-2.80577892839396,-0.0845756180730355,-8.08871338845871,-2.48899039848837,-0.0996708413943094,-8.58968268490873,-2.13473336289559,-0.115999797409472,-9.10034219526636,-1.74300782161563,-0.133562486118522,-9.6206919195316,-1.31381377464849,-0.152358907521461,-10.1507318577044,-0.847151221994173,-0.172389061618288,-10.6904620097849,-0.343020163652673,-0.193652948409003,-11.2398823757729,0.198579400376008,-0.216150567893606,-11.7989929556686,0.777647470091872,-0.239881920072098,-12.3677937494719,1.39418404549492,-0.264847004944477,-12.9462847571827,2.04818912658514,-0.291045822510745,-13.5344659788012,2.73966271336254,-0.318478372770902
-6.53346014179433,-3.34554640172948,-0.0307508524306728,-6.97337538067204,-3.10907798994261,-0.0354655884434683,-7.41892061188628,-2.83582444557122,-0.0404095170958345,-7.87009583543707,-2.5257857686153,-0.0455826383877714,-8.32690105132441,-2.17896195907487,-0.0509849523192791,-8.78933625954828,-1.79535301694992,-0.0566164588903574,-9.2574014601087,-1.37495894224044,-0.0624771581010065,-9.73109665300567,-0.91777973494645,-0.0685670499512263,-10.2104218382392,-0.423815395067937,-0.0748861344410169,-10.6953770158092,0.106934077395095,-0.0814344115703781,-11.1859621857158,0.674468682442648,-0.0882118813393101,-11.682177347959,1.27878842007472,-0.0952185437478128,-12.1840225025387,1.91989329029131,-0.102454398795886,-12.6914976494549,2.59778329309242,-0.10991944648353,-13.2046027887077,3.31245842847805,-0.117613686810745
-6.83253742579444,-3.04895759437123,-0.0260763100228259,-7.23731321332517,-2.75830053768947,-0.0283022521911371,-7.64254340546089,-2.4286490122964,-0.0304123448245263,-8.04822800220158,-2.060003018192,-0.0324065879229937,-8.45436700354727,-1.65236255537629,-0.0342849814865391,-8.86096040949794,-1.20572762384926,-0.0360475255151626,-9.26800822005359,-0.720098223610903,-0.0376942200088641,-9.67551043521424,-0.195474354661231,-0.0392250649676438,-10.0834670549799,0.368143982999761,-0.0406400603915015,-10.4918780793505,0.970756789372073,-0.0419392062804374,-10.9007435083261,1.61236406445571,-0.0431225026344512,-11.3100633419067,2.29296580825066,-0.0441899494535432,-11.7198375800922,3.01256202075693,-0.0451415467377133,-12.1300662228828,3.77115270197452,-0.0459772944869614,-12.5407492702783,4.56873785190343,-0.0466971927012876
-7.12176651869698,-2.73543944147185,0.0282013076152129,-7.4935485223557,-2.39917013910525,0.042447734085253,-7.86153875950977,-2.02306625635986,0.0588864328214119,-8.22573723015921,-1.6071277932357,0.0775174038236896,-8.58614393430401,-1.15135474973276,0.098340647092086,-8.94275887194417,-0.655747125851037,0.121356162626601,-9.2955820430797,-0.120304921590535,0.146563950427235,-9.64461344771058,0.454971863048747,0.173964010493988,-9.98985308583683,1.07008322806681,0.203556342826859,-10.3313009574584,1.72502917346365,0.23534094742585,-10.6689570625754,2.41980969923927,0.269317824290959,-11.0028214011877,3.15442480539367,0.305486973422187,-11.3328939732954,3.92887449192686,0.343848394819533,-11.6591747788985,4.74315875883882,0.384402088482999,-11.9816638179969,5.59727760612956,0.427148054412583
-7.39733151913383,-2.41851479126632,0.0186972382610142,-7.73746908193134,-2.04801075344586,0.0282606986936667,-8.07027904484836,-1.63838302276613,0.0391436355973472,-8.39576140788489,-1.18963159922713,0.0513460489720556,-8.71391617104094,-0.701756482828869,0.0648679388177919,-9.0247433343165,-0.174757673571338,0.0797093051345562,-9.32824289771158,0.391364828545461,0.0958701479223484,-9.62441486122617,0.996611023521527,0.113350467181169,-9.91325922486027,1.64098091135686,0.132150262911017,-10.1947759886139,2.32447449205146,0.152269535111893,-10.468965152487,3.04709176560533,0.173708283783797,-10.7358267164797,3.80883273201847,0.196466508926729,-10.9953606805918,4.60969739129088,0.220544210540689,-11.2475670448235,5.44968574342255,0.245941388625676,-11.4924458091747,6.32879778841349,0.272658043181692
-7.63751140447817,-2.05322983568666,0.000281053296578448,-7.94138585136043,-1.64511291279792,0.00306450751256418,-8.23425940070924,-1.19806409064731,0.0061392273768889,-8.51613205252459,-0.712083369234824,0.00950521288955262,-8.78700380680647,-0.187170748560464,0.0131624640505553,-9.0468746635549,0.376673771375771,0.017110980859897,-9.29574462276986,0.979450190573881,0.0213507633175777,-9.53361368445136,1.62115850903387,0.0258818114235974,-9.7604818485994,2.30179872675572,0.0307041251779561,-9.97634911521397,3.02137084373946,0.0358177045806538,-10.1812154842951,3.77987485998506,0.0412225496316905,-10.3750809558427,4.57731077549254,0.0469186603310661,-10.5579455298569,5.4136785902619,0.0529060366787808,-10.7298092063377,6.28897830429313,0.0591846786748344,-10.8906719852849,7.20320991758623,0.0657545863192271
-7.77332806745635,-1.67314673116823,-0.00241687912444498,-8.01755264031009,-1.23421307357163,-0.000928898317779547,-8.24460043921038,-0.757377718312947,0.000648915239004453,-8.45447146415723,-0.24264066539218,0.00231656154590702,-8.64716571515063,0.309998085190672,0.00407404060292814,-8.8226831921906,0.900538533435608,0.00592135241006783,-8.98102389527712,1.52898067934263,0.00785849696732609,-9.1221878244102,2.19532452291173,0.0098854742747029,-9.24617497958983,2.89957006414292,0.0120022843321983,-9.35298536081603,3.64171730303619,0.0142089271398122,-9.44261896808878,4.42176623959155,0.0165054026975447,-9.51507580140809,5.23971687380899,0.0188917110053958,-9.57035586077396,6.09556920568851,0.0213678520633654,-9.60845914618639,6.98932323523012,0.0239338258714536,-9.62938565764537,7.92097896243381,0.0265896324296604
-7.90569363683167,-1.28149931628051,-0.0209682722317435,-8.10036075151391,-0.81835227260516,-0.0251914100374554,-8.27374043835988,-0.319041231150182,-0.0300611326153521,-8.42583269736958,0.216433808084428,-0.0355774399654334,-8.55663752854301,0.78807284509867,-0.0417403320876995,-8.66615493188016,1.39587587989254,-0.0485498089821504,-8.75438490738105,2.03984291246605,-0.0560058706487859,-8.82132745504566,2.71997394281919,-0.0641085170876062,-8.86698257487401,3.43626897095196,-0.0728577482986112,-8.89135026686608,4.18872799686437,-0.0822535642818009,-8.89443053102188,4.9773510205564,-0.0922959650371754,-8.87622336734141,5.80213804202807,-0.102984950564735,-8.83672877582467,6.66308906127937,-0.114320520864478,-8.77594675647166,7.5602040783103,-0.126302675936407,-8.69387730928238,8.49348309312087,-0.13893141578052
-8.00761027326954,-0.842805091566295,0.00402988417515838,-8.15414076734861,-0.350572595283361,0.00761907389683394,-8.27597538991077,0.17692529364164,0.0116355184370694,-8.37311414095601,0.739688575208707,0.0160792177958646,-8.44555702048434,1.33771724941784,0.0209501719732197,-8.49330402849574,1.97101131626904,0.0262483809691347,-8.51635516499023,2.63957077576231,0.0319738447836095,-8.5147104299678,3.34339562789764,0.0381265634166441,-8.48836982342845,4.08248587267504,0.0447065368682386,-8.43733334537219,4.85684151009451,0.0517137651383929,-8.36160099579901,5.66646254015604,0.0591482482271071,-8.26117277470891,6.51134896285964,0.0670099861343811,-8.13604868210189,7.3915007782053,0.075298978860215,-7.98622871797795,8.30691798619304,0.0840152264046087,-7.8117128823371,9.25760058682284,0.0931587287675623
-8.08944781851761,-0.446377372241799,-0.015386611721748,-8.1925552766845,0.0533871726268084,-0.0180297995586135,-8.26858949259958,0.584896425470613,-0.0210911576922377,-8.31755046626285,1.14815038628962,-0.0245706861226206,-8.33943819767431,1.74314905508381,-0.0284683848497622,-8.33425268683396,2.36989243185321,-0.0327842538736626,-8.3019939337418,3.02838051659781,-0.0375182931943216,-8.24266193839783,3.7186133093176,-0.0426705028117393,-8.15625670080205,4.44059081001259,-0.0482408827259157,-8.04277822095446,5.19431301868277,-0.0542294329368509,-7.90222649885506,5.97977993532815,-0.0606361534445447,-7.73460153450385,6.79699155994873,-0.0674610442489973,-7.53990332790083,7.64594789254451,-0.0747041053502085,-7.318131879046,8.52664893311549,-0.0823653367481785,-7.06928718793936,9.43909468166166,-0.0904447384429072
-8.09986027627139,-0.0630274578145184,0.00332662598460847,-8.14906135901316,0.434782358511337,0.00644747625654069,-8.1677827945512,0.960058816337982,0.00993497346459368,-8.15602458288549,1.51280191566542,0.0137891176087674,-8.11378672401605,2.09301165649364,0.018009908689062,-8.04106921794286,2.70068803882265,0.0225973467054772,-7.93787206466593,3.33583106265246,0.0275514316580133,-7.80419526418526,3.99844072798305,0.0328721635466701,-7.64003881650085,4.68851703481443,0.0385595423714477,-7.4454027216127,5.4060599831466,0.044613568132346,-7.22028697952081,6.15106957297956,0.0510342408293651,-6.96469159022518,6.9235458043133,0.057821560462505,-6.67861655372581,7.72348867714784,0.0649755270317656,-6.36206187002269,8.55089819148317,0.072496140537147,-6.01502753911584,9.40577434731929,0.0803834009786492
-8.09294636582236,0.407398694153299,-0.0462717065583954,-8.09542376361728,0.924748192497582,-0.0580452358022153,-8.06535937072899,1.46855802294673,-0.0713894705518176,-8.00275318715746,2.03882818550073,-0.0863044108072024,-7.90760521290271,2.6355586801596,-0.10279005656837,-7.77991544796474,3.25874950692333,-0.120846407835319,-7.61968389234354,3.90840066579192,-0.140473464608051,-7.42691054603911,4.58451215676537,-0.161671226886566,-7.20159540905145,5.28708397984369,-0.184439694670863,-6.94373848138058,6.01611613502686,-0.208778867960942,-6.65333976302647,6.7716086223149,-0.234688746756804,-6.33039925398914,7.5535614417078,-0.262169331058448,-5.97491695426858,8.36197459320556,-0.291220620865875,-5.5868928638648,9.19684807680818,-0.321842616179084,-5.16632698277779,10.0581818925157,-0.354035316998076
-8.03163122702301,0.801240571483379,-0.0482129866638947,-7.98310031897998,1.30929770299707,-0.0587110047961407,-7.89968333834442,1.8392764431683,-0.0704184077372154,-7.78138028511634,2.39117679199708,-0.0833351954871188,-7.62819115929573,2.9649987494834,-0.0974613680458508,-7.4401159608826,3.56074231562727,-0.112796925413411,-7.21715468987694,4.17840749042869,-0.129341867589801,-6.95930734627875,4.81799427388765,-0.147096194575019,-6.66657393008804,5.47950266600415,-0.166059906369066,-6.33895444130481,6.1629326667782,-0.186233002971941,-5.97644887992904,6.86828427620979,-0.207615484383645,-5.57905724596076,7.59555749429893,-0.230207350604178,-5.14677953939995,8.34475232104561,-0.254008601633539,-4.67961576024661,9.11586875644984,-0.279019237471729,-4.17756590850074,9.90890680051161,-0.305239258118748
-7.91395822473923,1.20468371231734,-0.057209834046949,-7.81052615144091,1.70437903772845,-0.0684826815702622,-7.66966713526409,2.22215156148043,-0.0809097480849279,-7.49138117620876,2.75800128357328,-0.0944910335909461,-7.27566827427493,3.31192820400699,-0.109226538088317,-7.02252842946258,3.88393232278157,-0.12511626157704,-6.73196164177174,4.47401363989702,-0.142160204057116,-6.40396791120239,5.08217215535333,-0.160358365528544,-6.03854723775453,5.7084078691505,-0.179710745991325,-5.63569962142817,6.35272078128855,-0.200217345445458,-5.1954250622233,7.01511089176746,-0.221878163890944,-4.71772356013993,7.69557820058723,-0.244693201327782,-4.20259511517805,8.39412270774788,-0.268662457755973,-3.65003972733767,9.11074441324938,-0.293785933175517,-3.06005739661878,9.84544331709176,-0.320063627586413
-7.76552080680789,1.57957309799894,-0.0269140306700391,-7.61163374811889,2.06121708853277,-0.0273079007828583,-7.41866586631903,2.55635184265662,-0.0273284030955035,-7.18661716140831,3.06497736037048,-0.0269755376079747,-6.91548763338673,3.58709364167435,-0.0262493043202719,-6.60527728225429,4.12270068656824,-0.0251497032323951,-6.25598610801099,4.67179849505214,-0.0236767343443442,-5.86761411065684,5.23438706712605,-0.0218303976561194,-5.44016129019182,5.81046640278998,-0.0196106931677205,-4.97362764661594,6.40003650204392,-0.0170176208791476,-4.46801317992921,7.00309736488787,-0.0140511807904007,-3.92331789013161,7.61964899132183,-0.0107113729014798,-3.33954177722316,8.24969138134581,-0.00699819721238493,-2.71668484120384,8.8932245349598,-0.00291165372311601,-2.05474708207367,9.55024845216381,0.00154825756632693
-7.62701619967095,1.94641343336982,-0.0248814342071223,-7.43850119417713,2.40831509235325,-0.0241995286177543,-7.21147064804623,2.87948864942474,-0.0230550861498106,-6.94592456127823,3.35993410458428,-0.0214481068032911,-6.64186293387315,3.84965145783188,-0.0193785905781959,-6.29928576583098,4.34864070916754,-0.0168465374745251,-5.91819305715173,4.85690185859124,-0.0138519474922785,-5.49858480783538,5.37443490610301,-0.0103948206314562,-5.04046101788195,5.90123985170283,-0.00647515689205814,-4.54382168729143,6.4373166953907,-0.00209295627408442,-4.00866681606382,6.98266543716663,0.00275178122246502,-3.43499640419913,7.53728607703061,0.00805905559759016,-2.82281045169734,8.10117861498265,0.013828866851291,-2.17210895855847,8.67434305102274,0.0200612149835676,-1.48289192478251,9.25677938515089,0.0267560999944199
-7.4219392483657,2.28645086662051,-0.000274241828906562,-7.19011438867326,2.72234745100118,0.00779603702453224,-6.91916536119044,3.16303760238249,0.0172080718625469,-6.60909216591724,3.60852132076442,0.0279618626851375,-6.25989480285367,4.05879860614697,0.040057409492304,-5.87157327199971,4.51386945853015,0.0534947122840464,-5.44412757335538,4.97373387791396,0.0682737710603647,-4.97755770692067,5.43839186429839,0.0843945858212589,-4.47186367269559,5.90784341768345,0.101857156566729,-3.92704547068012,6.38208853806914,0.120661483296775,-3.34310310087428,6.86112722545545,0.140807566011397,-2.72003656327805,7.34495947984238,0.162295404710595,-2.05784585789145,7.83358530122995,0.185124999394368,-1.35653098471447,8.32700468961814,0.209296350062718,-0.616091943747115,8.82521764500695,0.234809456715643
-7.17019377167075,2.59237175841039,0.00649779787907013,-6.89347817030002,2.99543684853664,0.0155340214680884,-6.57690634775846,3.39851909009742,0.025864292662221,-6.22047830404607,3.80161848309273,0.037488611461468,-5.82419403916286,4.20473502752258,0.0504069778658294,-5.38805355310883,4.60786872338697,0.0646193918753053,-4.91205684588398,5.01101957068589,0.0801258534898955,-4.3962039174883,5.41418756941935,0.0969263627096001,-3.84049476792179,5.81737271958734,0.115020919534419,-3.24492939718446,6.22057502118987,0.134409523964352,-2.60950780527631,6.62379447422693,0.1550921759994,-1.93422999219733,7.02703107869853,0.177068875639562,-1.21909595794753,7.43028483460467,0.200339622884839,-0.464105702526902,7.83355574194534,0.22490441773523,0.330740774064549,8.23684380072054,0.250763260190735
-6.90923138650245,2.86777899967014,0.031918107247616,-6.59721976835578,3.23390714398743,0.046991205494832,-6.24593083656773,3.59536120152151,0.0639604424058335,-5.85536459113829,3.95214117227238,0.0828258179806204,-5.42552103206747,4.30424705624004,0.103587332219193,-4.95640015935527,4.6516788534245,0.126244985121551,-4.44800197300169,4.99443656382575,0.150798776687694,-3.90032647300673,5.33252018744379,0.177248706917623,-3.31337365937038,5.66592972427862,0.205594775811337,-2.68714353209265,5.99466517433025,0.235836983368837,-2.02163609117355,6.31872653759866,0.267975329590122,-1.31685133661305,6.63811381408388,0.302009814475193,-0.572789268411183,6.95282700378588,0.33794043802405,0.21055011343207,7.26286610670468,0.375767200236691,1.03316680891671,7.56823112284026,0.415490101113119
-6.58593952087404,3.15608860049882,-0.0028820628337667,-6.23138520927525,3.49501592701746,-0.00035002366681796,-5.83713905152836,3.82640944971626,0.00224538489430744,-5.40320104763338,4.15026916859522,0.0049041628496095,-4.92957119759031,4.46659508365435,0.00762631019908823,-4.41624950139915,4.77538719489364,0.0104118269427436,-3.86323595905989,5.0766455023131,0.0132607130805757,-3.27053057057254,5.37037000591272,0.0161729686125844,-2.6381333359371,5.6565607056925,0.0191485935387697,-1.96604425515357,5.93521760165245,0.0221875878591318,-1.25426332822194,6.20634069379256,0.0252899515736705,-0.50279055514222,6.46992998211284,0.0284556846823858,0.288374064085593,6.72598546661328,0.0316847871852779,1.1192305294615,6.97450714729388,0.0349772590823466,1.98977884098549,7.21549502415465,0.0383331003735919
-6.27264972990715,3.39494150924251,-8.59455119555449e-05,-5.89034872963923,3.69736572218967,0.00258590777937109,-5.46987229367464,3.98857854362887,0.00533083494872368,-5.01122042201335,4.2685799735601,0.00814883599610224,-4.51439311465538,4.53737001198337,0.0110399109215068,-3.97939037160073,4.79494865889868,0.0140040597249373,-3.40621219284939,5.04131591430602,0.0170412824063937,-2.79485857840136,5.2764717782054,0.0201515789658761,-2.14532952825664,5.50041625059682,0.0233349494033845,-1.45762504241524,5.71314933148028,0.0265913937189189,-0.731745120877157,5.91467102085577,0.0299209119124792,0.032310236357616,6.1049813187233,0.0333235039840655,0.834541029289075,6.28408022508286,0.0367991699336777,1.67494725791722,6.45196773993446,0.0403479097613159,2.55352892224205,6.6086438632781,0.0439697234669801
-5.9498986153005,3.62254362960482,-0.0252144288294869,-5.5466605417641,3.89209712566847,-0.0305170784567638,-5.10743540325759,4.14768962835178,-0.03676827569442,-4.63222319978097,4.38932113765477,-0.0439680205424555,-4.12102393133422,4.61699165357743,-0.0521163130008702,-3.57383759791737,4.83070117611976,-0.0612131530696642,-2.99066419953039,5.03044970528176,-0.0712585407488374,-2.3715037361733,5.21623724106343,-0.0822524760383899,-1.71635620784609,5.38806378346477,-0.0941949589383217,-1.02522161454877,5.54592933248578,-0.107085989448633,-0.298099956281334,5.68983388812646,-0.120925567569323,0.465008766956221,5.81977745038681,-0.135713693300392,1.26410455516389,5.93576001926683,-0.151450366641841,2.09918740834168,6.03778159476652,-0.168135587593669,2.97025732648958,6.12584217688589,-0.185769356155876
-5.58861359790279,3.80200906899311,-0.0469368809534069,-5.16153293253269,4.03152309051433,-0.0579412444363639,-4.70000691531122,4.24376551505199,-0.0704975591252019,-4.20403554623839,4.4387363426061,-0.0846058250199207,-3.67361882531419,4.61643557317665,-0.10026604212052,-3.10875675253863,4.77686320676364,-0.117478210427001,-2.5094493279117,4.92001924336708,-0.136242329939362,-1.8756965514334,5.04590368298696,-0.156558400657605,-1.20749842310374,5.15451652562328,-0.178426422581728,-0.504854942922718,5.24585777127605,-0.201846395711732,0.232233889109674,5.31992741994526,-0.226818320047617,1.00376807299343,5.37672547163091,-0.253342195589383,1.80974760872856,5.41625192633301,-0.281418022337029,2.65017249631504,5.43850678405155,-0.311045800290557,3.5250427357529,5.44349004478653,-0.342225529449965
-5.19061189107073,3.92779173505489,-0.0528774505721474,-4.73750358314874,4.11000624802358,-0.0639679099881539,-4.25101853233939,4.27113718923842,-0.0764242336321271,-3.7311567386427,4.41118455869941,-0.0902464215040671,-3.17791820205866,4.53014835640654,-0.105434473603974,-2.59130292258727,4.62802858235982,-0.121988389931847,-1.97131090022854,4.70482523655924,-0.139908170487687,-1.31794213498245,4.7605383190048,-0.159193815271494,-0.631196626849013,4.79516782969652,-0.179845324283268,0.0889256241717717,4.80871376863437,-0.201862697523008,0.842424618079906,4.80117613581837,-0.225245934990716,1.62930035487539,4.77255493124852,-0.249995036686389,2.44955283455822,4.72285015492481,-0.27611000261003,3.3031820571284,4.65206180684725,-0.303590832761637,4.19018802258593,4.56018988701583,-0.332437527141212
-4.75732314383798,4.00616910588388,-0.0388492070107864,-4.27657541336999,4.13724151264754,-0.0440342269260959,-3.76317927972418,4.24341448538211,-0.0496620356734301,-3.21713474290057,4.3246880240876,-0.0557326332527888,-2.63844180289915,4.38106212876399,-0.0622460196641722,-2.02710045971993,4.4125367994113,-0.0692021949075801,-1.3831107133629,4.41911203602953,-0.0766011589830126,-0.70647256382806,4.40078783861866,-0.0844429118904697,0.00281398888458173,4.35756420717871,-0.0927274536299513,0.74474894477503,4.28944114170967,-0.101454784201458,1.51933230384329,4.19641864221154,-0.110624903604988,2.32656406608935,4.07849670868432,-0.120237811840544,3.16644423151321,3.93567534112802,-0.130293508908124,4.03897280011489,3.76795453954263,-0.140791994807728,4.94414977189437,3.57533430392815,-0.151733269539357
-4.32820506642257,4.04875862786972,-0.00907679635300898,-3.82975456468655,4.12931778087054,-0.00458520938553997,-3.30055297359807,4.18172588394578,0.000748222916582861,-2.74060029315714,4.20598293709545,0.00692350055335951,-2.14989652336375,4.20208894031954,0.01394062352479,-1.52844166421792,4.17004389361806,0.0217995918308743,-0.876235715719622,4.109847796991,0.0305004054716124,-0.193278677868874,4.02150065043836,0.0400430644470043,0.520429449334327,3.90500245396014,0.05042756875705,1.26488866588998,3.76035320755635,0.0616539184017496,2.04009897179809,3.58755291122699,0.073722113381103,2.84606036705866,3.38660156497204,0.0866321536951102,3.68277285167167,3.15749916879152,0.100384039343771,4.55023642563715,2.90024572268543,0.114977770327086,5.44845108895507,2.61484122665375,0.130413346645055
-3.93721211658794,4.07182293669115,-0.0260915713298125,-3.43911708774982,4.10758756596772,-0.0269837506739709,-2.9142198765692,4.11308829434455,-0.0278244118586036,-2.36252048304609,4.08832512182164,-0.0286135548837106,-1.78401890718047,4.03329804839898,-0.0293511797492918,-1.17871514897236,3.94800707407658,-0.0300372864553474,-0.546609208421756,3.83245219885444,-0.0306718750018772,0.112298914471348,3.68663342273256,-0.0312549453888813,0.798009219706949,3.51055074571093,-0.0317864976163597,1.51052170728505,3.30420416778956,-0.0322665316843124,2.24983637720564,3.06759368896845,-0.0326950475927393,3.01595322946874,2.80071930924759,-0.0330720453416406,3.80887226407433,2.503581028627,-0.0333975249310161,4.62859348102241,2.17617884710666,-0.0336714863608659,5.47511688031299,1.81851276468658,-0.03389392963119
-3.53545758134819,4.06488581385742,-0.0148839900539355,-3.03844879223117,4.05802533832894,-0.0122220406701932,-2.51817819223724,4.01933173530601,-0.00906392471752243,-1.9746457813664,3.94880500478863,-0.00540964219592332,-1.40785155961865,3.8464451467768,-0.00125919310539583,-0.817795526993983,3.71225216127052,0.00338742255406004,-0.204477683492405,3.54622604826979,0.0085302047824443,0.432101970886084,3.34836680777461,0.0141691535797569,1.09194343614149,3.11867443978498,0.020304268945998,1.7750467122738,2.8571489443009,0.0269355508811674,2.48141179928302,2.56379032132237,0.0340629993852651,3.21103869716916,2.23859857084938,0.0416866144582913,3.96392740593221,1.88157369288195,0.0498063961002459,4.74007792557217,1.49271568742007,0.0584223443111288,5.53949025608905,1.07202455446374,0.0675344590909401
-3.1059477750487,4.02565371181242,-0.038855020146318,-2.60521662364351,3.97758924562013,-0.0434065571619816,-2.08370414971887,3.89650204226323,-0.0484406504391588,-1.54141035327479,3.78239210174171,-0.0539572999778498,-0.978335234311255,3.63525942405556,-0.0599565057780545,-0.394478792828277,3.4551040092048,-0.0664382678397729,0.210158971174149,3.24192585718941,-0.073402586163005,0.835578057696021,2.9957249680094,-0.0808494607477508,1.48177846673734,2.71650134166477,-0.0887788915940103,2.14876019829811,2.40425497815552,-0.0971908787017836,2.83652325237832,2.05898587748165,-0.106085422071071,3.54506762897798,1.68069403964315,-0.115462521701871,4.27439332809709,1.26937946464004,-0.125322177594186,5.02450034973565,0.825042152472307,-0.135664389748014,5.79538869389365,0.347682103139951,-0.146489158163355
-2.72103038118247,3.91618403089811,-0.029536119334221,-2.23304340448523,3.81732138877074,-0.0305550305223364,-1.72853109054741,3.68317945813757,-0.03154677977906,-1.20749343936901,3.51375823899859,-0.032511367104392,-0.669930450950021,3.3090577313538,-0.0334487924983323,-0.11584212529045,3.0690779352032,-0.0343590559608809,0.454771537609704,2.7938188505468,-0.0352421574920378,1.04191053775044,2.48328047738459,-0.0360980970918031,1.64557487513176,2.13746281571657,-0.0369268747601766,2.26576454975367,1.75636586554274,-0.0377284904971585,2.90247956161615,1.33998962686311,-0.0385029443027486,3.55571991071923,0.888334099677665,-0.0392502361769471,4.22548559706288,0.401399283986415,-0.0399703661197539,4.91177662064712,-0.120814820210642,-0.0406633341311691,5.61459298147194,-0.678308212913507,-0.0413291402111925
-2.3269406765436,3.7725860882065,0.0116610475419638,-1.84960952657928,3.62549428679023,0.0228899103970631,-1.35920362604126,3.44147924035822,0.0356973139712821,-0.85572297492954,3.22054094891046,0.0500832582646208,-0.339167573244124,2.96267941244695,0.0660477432770792,0.19046257901499,2.66789463096769,0.0835907690086574,0.733167481847802,2.33618660447268,0.102712335459355,1.28894713525431,1.96755533296193,0.123412442629173,1.85780153923452,1.56200081643542,0.14569109051811,2.43973069378842,1.11952305489316,0.169548279126167,3.03473459891602,0.640122048335156,0.194984008453344,3.64281325461732,0.123797796761401,0.22199827849964,4.26396666089232,-0.429449699828104,0.250591089265057,4.89819481774101,-1.01962044143336,0.280762440749593,5.54549772516341,-1.64671442805436,0.312512332953248
-1.95239235624954,3.59219612704128,0.0170537695892101,-1.49173979024067,3.39854200675428,0.0281717406933138,-1.02178959150051,3.16674098304759,0.0406537829242243,-0.542541760029055,2.89679305592121,0.0544998962819418,-0.0539962958263109,2.58869822537514,0.0697100807664661,0.443846801107723,2.24245649140937,0.0862843363777974,0.950987530773049,1.85806785402391,0.104222663115935,1.46742589316966,1.43553231321876,0.12352506098088,1.99316188829757,0.974849868993914,0.144191529972632,2.52819551615677,0.476020521349377,0.166222070091191,3.07252677674726,-0.0609557297148533,0.189616681336557,3.62615567006904,-0.636078884198777,0.214375363708729,4.18908219612211,-1.24934894210239,0.240498117207709,4.76130635490647,-1.9007659034257,0.267984941833495,5.34282814642212,-2.5903297681687,0.296835837586089
-1.60189331432924,3.3526314904445,0.0714435710185833,-1.16383010159915,3.10754039723347,0.0964518420708518,-0.720517236161036,2.82261525664238,0.124414360380702,-0.271954718014882,2.49785606867123,0.155331125948135,0.181857452839306,2.13326283332001,0.18920213877315,0.640919276401529,1.72883555058874,0.226027398855746,1.10523075267179,1.2845742204774,0.265806906195925,1.57479188165008,0.800478842986002,0.308540660793685,2.04960266333641,0.276549418114542,0.354228662649028,2.52966309773077,-0.287214054136978,0.402870911761953,3.01497318483317,-0.89081157376856,0.45446740813246,3.5055329246436,-1.5342431407802,0.509018151760548,4.00134231716207,-2.21750875517191,0.566523142646219,4.50240136238858,-2.94060841694367,0.626982380789472,5.00871006032311,-3.7035421260955,0.690395866190307
-1.25957727026629,3.12144526242316,0.0628172335838638,-0.843981072570362,2.8405452698738,0.0810432836403997,-0.426653789813276,2.52032221329221,0.100987558554219,-0.00759542199503375,2.16077609267839,0.12265005832532,0.413194030884362,1.76190690803234,0.146030782953705,0.835714568824913,1.32371465935406,0.171129732439373,1.25996619182662,0.846199346643538,0.197946906782323,1.68594889988948,0.329360969900788,0.226482305982557,2.11366269301349,-0.226800470874195,0.256735930040073,2.54310757119866,-0.82228497568141,0.288707778954873,2.97428353444499,-1.45709254452086,0.322397852726955,3.40719058275247,-2.13122317739254,0.35780615135632,3.8418287161211,-2.84467687429645,0.394932674842968,4.27819793455089,-3.5974536352326,0.433777423186899,4.71629823804183,-4.38955346020097,0.474340396388113
-1.00428359409458,2.83298438472745,0.0126598972549021,-0.63336031251237,2.51057262069523,0.012808708491654,-0.266596827801081,2.14855994122036,0.0121627556976664,0.0960068600392892,1.74694634630284,0.0107220388729394,0.45445075100874,1.30573183594268,0.00848655801747294,0.808734845107273,0.824916410139855,0.00545631313126704,1.15885914233489,0.304500068894383,0.0016313042143217,1.50482364269158,-0.255517187793739,-0.00298846873336309,1.84662834617736,-0.855135359924513,-0.00840300571178733,2.18427325279222,-1.49435444749794,-0.014612306720951,2.51775836253616,-2.17317445051401,-0.0216163717608541,2.84708367540918,-2.89159536897274,-0.0294152008314967,3.17224919141128,-3.64961720287412,-0.0380087939328787,3.49325491054246,-4.44723995221814,-0.0473971510650002,3.81010083280273,-5.28446361700482,-0.0575802722278611
-0.740481910985721,2.5268351337887,-0.02169119145636,-0.404727737507639,2.16953008878845,-0.0323240950637134,-0.0770699221159915,1.77322175178679,-0.0450195832908379,0.242491535189223,1.33791012278372,-0.0597776561377335,0.553956634408003,0.863595201779231,-0.0765983136044003,0.85732537554035,0.350276988773332,-0.0954815556908382,1.15259775858626,-0.202044516233981,-0.116427382397047,1.43977378354574,-0.793369313242707,-0.139435793723027,1.71885345041879,-1.42369740225285,-0.164506789668779,1.9898367592054,-2.0930287832644,-0.191640370234301,2.25272370990558,-2.80136345627736,-0.220836535419594,2.50751430251932,-3.54870142129174,-0.252095285224659,2.75420853704663,-4.33504267830753,-0.285416619649495,2.99280641348751,-5.16038722732474,-0.320800538694102,3.22330793184196,-6.02473506834335,-0.35824704235848
-0.505775252372485,2.18401814067155,-0.0243437770285709,-0.207368436615291,1.79190377123954,-0.0347291413477398,0.0792286734802825,1.36131852440732,-0.0468838253343982,0.354016077914236,0.892262400174882,-0.0608078289885462,0.616993776686569,0.384735398542238,-0.0765011523101836,0.868161769797282,-0.161262480490617,-0.0939637952993106,1.10752005724637,-0.745731236923683,-0.113195757955927,1.33506863903385,-1.36867087075696,-0.134197040280033,1.5508075151597,-2.03008138199044,-0.156967642271629,1.75473668562393,-2.72996277062414,-0.181507563930714,1.94685615042654,-3.46831503665805,-0.207816805257288,2.12716590956753,-4.24513818009216,-0.235895366251352,2.29566596304691,-5.06043220092649,-0.265743246912906,2.45235631086466,-5.91419709916103,-0.297360447241949,2.59723695302079,-6.80643287479577,-0.330746967238482
-0.290140826292304,1.81742162209355,-0.0411846287226314,-0.0275044750874723,1.39422322338917,-0.0552080321834476,0.220280406856598,0.933491690778023,-0.0712379849796205,0.453213819539908,0.435227024260102,-0.0892744871111503,0.671295762962456,-0.10057077616459,-0.109317538578037,0.874526237124244,-0.673901710496053,-0.13136713938028,1.06290524202527,-1.28476577873429,-0.15542328951788,1.23643277766554,-1.93316298087929,-0.181485988990837,1.39510884404504,-2.61909331693107,-0.209555237799151,1.53893344116378,-3.34255678688962,-0.239631035942821,1.66790656902177,-4.10355339075493,-0.271713383421849,1.78202822761899,-4.90208312852702,-0.305802280236233,1.88129841695545,-5.73814600020589,-0.341897726385974,1.96571713703115,-6.61174200579152,-0.379999721871071,2.03528438784608,-7.52287114528392,-0.420108266691526
-0.135603808561535,1.45312975391342,-0.0432118270701662,0.0808887296948764,1.00945034678141,-0.0557691463052588,0.278557307151551,0.530402534114018,-0.0698921719788944,0.457401923808487,0.015986315911225,-0.0855809040910732,0.617422579665687,-0.533798307826964,-0.102835342641795,0.758619274723148,-1.11895133710055,-0.12165548763106,0.880992008980873,-1.73947277190953,-0.142041339058868,0.98454078243886,-2.39536261225391,-0.163992896925219,1.06926559509711,-3.08662085813368,-0.187510161230113,1.13516644695562,-3.81324750954885,-0.212593131973551,1.1822433380144,-4.57524256649942,-0.239241809155531,1.21049626827343,-5.37260602898538,-0.267456192776055,1.21992523773273,-6.20533789700674,-0.297236282835121,1.21053024639229,-7.0734381705635,-0.328582079332731,1.18231129425212,-7.97690684965565,-0.361493582268884
-0.0310293724413498,1.03496785322784,-0.0517182158208827,0.134241413055232,0.563306788989983,-0.0646685875576435,0.276575412080482,0.0572150500536946,-0.0790357999947694,0.395972624634399,-0.483307363581023,-0.0948198531322604,0.492433050716983,-1.05826045191417,-0.112020746970116,0.565956690328234,-1.66764421494575,-0.130638481508338,0.616543543468153,-2.31145865267575,-0.150673056746924,0.644193610136739,-2.98970376510419,-0.172124472685875,0.648906890333993,-3.70237955223105,-0.194992729325192,0.630683384059914,-4.44948601405634,-0.219277826664873,0.589523091314502,-5.23102315058006,-0.24497976470492,0.525426012097758,-6.04699096180222,-0.272098543445332,0.43839214640968,-6.8973894477228,-0.300634162886109,0.328421494250271,-7.78221860834181,-0.330586623027251,0.195514055619528,-8.70147844365925,-0.361955923868758
0.0430505340362687,0.605987709340588,-0.0377306232704607,0.158986809451818,0.112251143980252,-0.044299896445337,0.248635167693443,-0.414347635020341,-0.0512960797468274,0.311995608761143,-0.97380862766119,-0.0587191731749318,0.349068132654918,-1.5661318339423,-0.0665691767296504,0.359852739374769,-2.19131725386366,-0.074846090410983,0.344349428920695,-2.84936488742528,-0.0835499142189297,0.302558201292697,-3.54027473462715,-0.0926806481534904,0.234479056490774,-4.26404679546928,-0.102238292214665,0.140111994514927,-5.02068106995167,-0.112222846402454,0.0194570153651548,-5.81017755807431,-0.122634310716857,-0.127485880958542,-6.63253625983722,-0.133472685157874,-0.300716694456163,-7.48775717524037,-0.144737969725506,-0.500235425127709,-8.37584030428379,-0.156430164419751,-0.726042072973179,-9.29678564696746,-0.16854926924061
0.0659451665058702,0.211882534169043,-0.019572279424618,0.128660046299845,-0.285875181675365,-0.0194103696507723,0.161667865364639,-0.812833804084197,-0.0187666664413912,0.164968623700253,-1.36899333305745,-0.0176411697964748,0.138562321306688,-1.95435376859513,-0.0160338797160231,0.0824489581839425,-2.56891511069723,-0.0139447962000361,-0.00337146566798285,-3.21267735936376,-0.0113739192485139,-0.118898950249088,-3.88564051459471,-0.00832124886145626,-0.264133495559373,-4.58780457639008,-0.00478678503886336,-0.439075101598839,-5.31916954474987,-0.00077052778073515,-0.643723768367484,-6.07973541967409,0.00372752291292837,-0.878079495865309,-6.86950220116273,0.00870736704212718,-1.14214228409231,-7.6884698892158,0.0141690046068613,-1.4359121330485,-8.53663848383328,0.0201124356071307,-1.75938904273386,-9.4140079850152,0.0265376600429355
0.062672631565032,-0.177050198970253,-0.0142271887810731,0.0765785672547796,-0.672506418439394,-0.0120830704261273,0.0583525017620755,-1.19316438639185,-0.00926668436084606,0.00799443508691969,-1.73902410282762,-0.00577803058522921,-0.0744956327706878,-2.3100855677467,-0.00161710909927678,-0.189117701810747,-2.9063487811491,0.00321608009701123,-0.335871772033258,-3.52781374303481,0.00872153700363481,-0.514757843438221,-4.17448045340384,0.014899261620594,-0.725775916025635,-4.84634891225618,0.0217492539478887,-0.968925989795501,-5.54341911959183,0.029271513985519,-1.24420806474782,-6.2656910754108,0.0374660417334849,-1.55162214088259,-7.01316477971308,0.0463328371917863,-1.89116821819981,-7.78584023249868,0.0558719003604233,-2.26284629669948,-8.58371743376759,0.0660832312393959,-2.66665637638161,-9.40679638351982,0.0769668298287041
0.0139054101844358,-0.580029989540462,-0.0126342459177678,-0.022463135081341,-1.07391809589329,-0.00997741285214271,-0.0932668278874757,-1.58960957795922,-0.00666856696496507,-0.198505668233968,-2.12710443573826,-0.00270770825623486,-0.338179656120819,-2.68640266923041,0.00190516327404794,-0.512288791548028,-3.26750427843567,0.00717004762588332,-0.720833074515594,-3.87040926335403,0.0130869447992713,-0.963812505023519,-4.4951176239855,0.0196558547942118,-1.2412270830718,-5.14162936033008,0.0268767776107049,-1.55307680866044,-5.80994447238777,0.0347497132487507,-1.89936168178944,-6.50006296015856,0.0432746617083489,-2.2800817024588,-7.21198482364246,0.0524516229894998,-2.69523687066851,-7.94571006283947,0.0622805970922033,-3.14482718641858,-8.70123867774958,0.0727615840164593,-3.62885264970901,-9.47857066837281,0.0838945837622679
-0.0341373486899619,-0.979541487612819,0.00102441389764058,-0.108320465705144,-1.4679130485703,0.00751804300948908,-0.217367740443208,-1.97461978367273,0.015067985897135,-0.361279172904154,-2.49966169292011,0.0236742425605785,-0.540054763087982,-3.04303877631244,0.0333368129998193,-0.753694510994693,-3.60475103384972,0.0440556972148576,-1.00219841662429,-4.18479846553195,0.0558308952056934,-1.28556647997676,-4.78318107135913,0.0686624069723267,-1.60379870105212,-5.39989885133126,0.0825502325147573,-1.95689507985036,-6.03495180544835,0.0974943718329855,-2.34485561637148,-6.68833993371038,0.113494824927011,-2.76768031061548,-7.36006323611737,0.130551591796834,-3.22536916258237,-8.0501217126693,0.148664672442455,-3.71792217227213,-8.75851536336618,0.167834066863873,-4.24533933968478,-9.48524418820802,0.188059775061088
-0.122897155803959,-1.3848264194669,-0.0222661100098218,-0.236164056896242,-1.86748143038014,-0.0233380144802793,-0.384830787636689,-2.36541830400239,-0.0244481289991143,-0.568897348025301,-2.87863704033363,-0.0255964535663268,-0.788363738062078,-3.40713763937387,-0.0267829881819167,-1.04322995774702,-3.9509201011231,-0.0280077328458841,-1.33349600708013,-4.50998442558133,-0.029270687558229,-1.6591618860614,-5.08433061274856,-0.0305718523189513,-2.02022759469083,-5.67395866262478,-0.0319112271280511,-2.41669313296843,-6.27886857521,-0.0332888119855283,-2.8485585008942,-6.89906035050422,-0.034704606891383,-3.31582369846813,-7.53453398850744,-0.0361586118456152,-3.81848872569023,-8.18528948921965,-0.0376508268482248,-4.35655358256049,-8.85132685264086,-0.0391812518992119,-4.93001826907891,-9.53264607877106,-0.0407498869985765
-0.264831654058305,-1.73469285490389,-0.0179628348349982,-0.421797014163659,-2.19419040047427,-0.0175169548491732,-0.615215695955557,-2.66409002387802,-0.0169117549642679,-0.845087699434,-3.14439172511513,-0.0161472351802822,-1.11141302459899,-3.63509550418562,-0.0152233954972162,-1.41419167145052,-4.13620136108948,-0.0141402359150698,-1.7534236399886,-4.6477092958267,-0.012897756433843,-2.12910893021322,-5.16961930839729,-0.0114959570535359,-2.54124754212438,-5.70193139880126,-0.00993483777414841,-2.98983947572209,-6.24464556703859,-0.00821439859568055,-3.47488473100635,-6.79776181310929,-0.00633463951813234,-3.99638330797715,-7.36128013701336,-0.00429556054150377,-4.55433520663449,-7.9352005387508,-0.00209716166579483,-5.14874042697838,-8.51952301832161,0.000260557108994473,-5.77959896900881,-9.11424757572579,0.00277759578286414
-0.45696250751547,-2.11284321509252,0.00347368444884264,-0.660560814551542,-2.55919464443086,0.0101552057876151,-0.901904723441987,-3.01295876216542,0.0177674221517455,-1.18099423418681,-3.47413556829623,0.0263103335412339,-1.497829346786,-3.94272506282327,0.0357839399560801,-1.85241006123956,-4.41872724574654,0.0461882413962842,-2.2447363775475,-4.90214211706606,0.0575232378618462,-2.67480829570981,-5.3929696767818,0.0697889293527662,-3.14262581572649,-5.89120992489378,0.082985315869044,-3.64818893759754,-6.396862861402,0.0971123974106798,-4.19149766132297,-6.90992848630646,0.112170173977673,-4.77255198690278,-7.43040679960715,0.128158645570025,-5.39135191433695,-7.95829780130408,0.145077812187734,-6.0478974436255,-8.49360149139724,0.162927673830802,-6.74218857476842,-9.03631786988664,0.181708230499227
-0.708038471871744,-2.44821725170036,0.00701394061363262,-0.963126102602113,-2.86985589184615,0.0137168308396706,-1.25770406927479,-3.29482896440388,0.0212349792153311,-1.59177237188977,-3.72313646937354,0.029568385740614,-1.96533101044705,-4.15477840675513,0.0387170504155195,-2.37837998494664,-4.58975477654866,0.0486809732400474,-2.83091929538853,-5.02806557875412,0.0594601542141979,-3.32294894177273,-5.46971081337152,0.0710545933379708,-3.85446892409923,-5.91469048040085,0.0834642906113662,-4.42547924236804,-6.36300457984212,0.0966892460343841,-5.03597989657915,-6.81465311169533,0.110729459607025,-5.68597088673257,-7.26963607596046,0.125584931329287,-6.37545221282829,-7.72795347263754,0.141255661201173,-7.10442387486632,-8.18960530172654,0.157741649222681,-7.87288587284666,-8.65459156322749,0.175042895393811
-0.967857138972694,-2.77979542690573,0.0182815653893152,-1.26380463505271,-3.17869800549263,0.0271211025079014,-1.5994163257044,-3.57762542684391,0.0369436450581088,-1.97469221092775,-3.97657769095959,0.0477491930399373,-2.38963229072277,-4.37555479783966,0.0595377464533869,-2.84423656508945,-4.77455674748413,0.0723093052984576,-3.3385050340278,-5.17358353989298,0.0860638695751494,-3.87243769753782,-5.57263517506622,0.100801439283462,-4.4460345556195,-5.97171165300386,0.116522014423396,-5.05929560827285,-6.37081297370589,0.133225594994951,-5.71222085549787,-6.76993913717231,0.150912180998128,-6.40481029729456,-7.16909014340312,0.169581772432925,-7.13706393366291,-7.56826599239832,0.189234369299344,-7.90898176460293,-7.96746668415791,0.209869971597383,-8.72056379011461,-8.3666922186819,0.231488579327044
-1.24769496674211,-3.08360621232362,-0.0175318220582294,-1.57864326807151,-3.45500668250796,-0.0206353042787273,-1.94866375735233,-3.8229375118956,-0.0243967103807536,-2.35775643458459,-4.18739870048655,-0.0288160403643082,-2.80592129976828,-4.54839024828079,-0.0338932942293911,-3.29315835290341,-4.90591215527833,-0.0396284719760024,-3.81946759398996,-5.25996442147917,-0.046021573604142,-4.38484902302795,-5.61054704688332,-0.0530725991138099,-4.98930264001737,-5.95766003149076,-0.0607815485050062,-5.63282844495823,-6.30130337530151,-0.0691484217777308,-6.31542643785051,-6.64147707831556,-0.0781732189319838,-7.03709661869423,-6.9781811405329,-0.087855939967765,-7.79783898748938,-7.31141556195355,-0.0981965848850747,-8.59765354423596,-7.6411803425775,-0.109195153683913,-9.43654028893397,-7.96747548240475,-0.120851646364279
-1.57836110588191,-3.31276098308183,-0.0726750384299692,-1.94829991550822,-3.63951485816751,-0.0915007857646432,-2.35730054404042,-3.95757177218294,-0.112896840683526,-2.80536299147852,-4.26693172512812,-0.136863203186617,-3.29248725782253,-4.56759471700306,-0.163399873273916,-3.81867334307243,-4.85956074780774,-0.192506850945424,-4.38392124722824,-5.14282981754218,-0.224184136201141,-4.98823097028994,-5.41740192620637,-0.258431729041066,-5.63160251225754,-5.68327707380032,-0.2952496294652,-6.31403587313105,-5.94045526032401,-0.334637837473542,-7.03553105291045,-6.18893648577746,-0.376596353066093,-7.79608805159576,-6.42872075016066,-0.421125176242852,-8.59570686918696,-6.65980805347361,-0.46822430700382,-9.43438750568407,-6.88219839571631,-0.517893745348997,-10.3121299610871,-7.09589177688876,-0.570133491278382
-1.94943773582349,-3.57238725312033,0.00464789599632073,-2.35876773793476,-3.87101222412041,0.0110847378963749,-2.80720137217528,-4.1584733932797,0.0184845948748511,-3.29473863854506,-4.4347707605982,0.0268474669317494,-3.8213795370441,-4.69990432607592,0.0361733540670696,-4.38712406767239,-4.95387408971286,0.0464622562808119,-4.99197223042994,-5.19668005150901,0.0577141735729762,-5.63592402531676,-5.42832221146438,0.0699291059435626,-6.31897945233282,-5.64880056957896,0.0831070533925709,-7.04113851147815,-5.85811512585276,0.0972480159200013,-7.80240120275273,-6.05626588028577,0.112351993525854,-8.60276752615657,-6.243252832878,0.128418986210128,-9.44223748168966,-6.41907598362944,0.145448993972825,-10.320811069352,-6.5837353325401,0.163442016813943,-11.2384882891436,-6.73723087960997,0.182398054733484
-2.35464524146978,-3.72957075621523,0.00548865736999241,-2.80188550501978,-3.97608777814314,0.0112685739704145,-3.28807790501631,-4.20624323228245,0.0178058579192675,-3.81322244145937,-4.42003711863315,0.0251005092165515,-4.37731911434897,-4.61746943719525,0.0331525278622666,-4.9803679236851,-4.79854018796874,0.0419619138564126,-5.62236886946777,-4.96324937095362,0.0515286671989896,-6.30332195169697,-5.11159698614989,0.0618527878899976,-7.0232271703727,-5.24358303355756,0.0729342759294365,-7.78208452549497,-5.35920751317662,0.0847731313173065,-8.57989401706378,-5.45847042500708,0.0973693540536074,-9.41665564507911,-5.54137176904893,0.110722944138339,-10.292369409541,-5.60791154530217,0.124833901571502,-11.2070353104494,-5.6580897537668,0.139702226353096,-12.1606533478043,-5.69190639444283,0.155327918483121
-2.69006144229972,-3.88344356012979,0.0149433155950553,-3.14388327264767,-4.0867805814668,0.0225443552044295,-3.63254786958082,-4.27035149624177,0.0310378035130245,-4.15605523309917,-4.43415630445473,0.0404236605208403,-4.7144053632027,-4.57819500610565,0.0507019262278768,-5.30759825989143,-4.70246760119455,0.0618726006341341,-5.93563392316535,-4.80697408972143,0.0739356837396121,-6.59851235302447,-4.89171447168629,0.0868911755443108,-7.29623354946877,-4.95668874708911,0.10073907604823,-8.02879751249827,-5.00189691592991,0.115479385251371,-8.79620424211296,-5.02733897820869,0.131112103153732,-9.59845373831285,-5.03301493392544,0.147637229755313,-10.4355460010979,-5.01892478308017,0.165054765056116,-11.3074810304682,-4.98506852567287,0.183364709056139,-12.2142588264237,-4.93144616170355,0.202567061755383
-3.1125919746897,-3.96102996287729,-0.000680160488263001,-3.59219843945251,-4.10819888099441,0.00109030902222928,-4.10549776161618,-4.23098054223976,0.00289972043320221,-4.65248994118072,-4.32937494661333,0.00474807374465581,-5.23317497814612,-4.40338209411512,0.00663536895659006,-5.84755287251239,-4.45300198474513,0.00856160606900496,-6.49562362427951,-4.47823461850336,0.0105267850819005,-7.17738723344751,-4.47907999538982,0.0125309059952768,-7.89284370001636,-4.45553811540449,0.0145739688091336,-8.64199302398608,-4.40760897854739,0.0166559735234712,-9.42483520535667,-4.3352925848185,0.0187769201382894,-10.2413702441281,-4.23858893421784,0.0209368086535882,-11.0915981403004,-4.11749802674539,0.0231356390693677,-11.9755188938736,-3.97201986240117,0.0253734113856279,-12.8931325048476,-3.80215444118517,0.0276501256023687
-3.50517833869506,-4.04233455772074,0.0185767604103071,-3.99328728444174,-4.14604996782098,0.0254481091073648,-4.51189122685445,-4.22295770402636,0.0330010010785973,-5.06099016593317,-4.27305776633687,0.0412354363240048,-5.6405841016779,-4.29635015475252,0.0501514148435871,-6.25067303408866,-4.29283486927329,0.0597489366373442,-6.89125696316543,-4.2625119098992,0.0700280017052763,-7.56233588890822,-4.20538127663024,0.0809886100473832,-8.26390981131702,-4.12144296946642,0.0926307616636649,-8.99597873039184,-4.01069698840773,0.104954456554122,-9.75854264613268,-3.87314333345417,0.117959694718753,-10.5516015585395,-3.70878200460574,0.131646476157559,-11.3751554676124,-3.51761300186245,0.146014800870541,-12.2292043733513,-3.29963632522429,0.161064668857697,-13.1137482757562,-3.05485197469127,0.176796080119028
-3.88690001041323,-4.08551556365974,0.0167745791844421,-4.37470721212547,-4.14489994131087,0.0218166778823895,-4.8890998346317,-4.17525209473347,0.0272215803847616,-5.4300778779319,-4.17657202392756,0.0329892866915584,-5.9976413420261,-4.14885972889312,0.0391197968027799,-6.59179022691428,-4.09211520963017,0.0456131107184261,-7.21252453259644,-4.00633846613869,0.052469228438497,-7.85984425907258,-3.89152949841869,0.0596881499629926,-8.53374940634271,-3.74768830647017,0.0672698752919129,-9.23423997440682,-3.57481489029313,0.075214404425258,-9.96131596326492,-3.37290924988756,0.0835217373630277,-10.714977372917,-3.14197138525348,0.0921918741052221,-11.4952242033631,-2.88200129639088,0.101224814651841,-12.3020564546031,-2.59299898329975,0.110620559002885,-13.1354741266371,-2.2749644459801,0.120379107158354
-4.30718650580609,-4.06429681561717,0.0124146260413189,-4.80203339125477,-4.07131616364268,0.0150978444395928,-5.32098441083323,-4.04634124110188,0.017798355063382,-5.86403956454146,-3.98937204799479,0.0205161579126867,-6.43119885237946,-3.90040858432139,0.0232512529875066,-7.02246227434722,-3.77945085008169,0.026003640287842,-7.63782983044477,-3.62649884527569,0.0287733198136927,-8.27730152067208,-3.4415525699034,0.0315602915650588,-8.94087734502916,-3.2246120239648,0.0343645555419402,-9.62855730351602,-2.9756772074599,0.037186111744337,-10.3403413961326,-2.6947481203887,0.0400249601722492,-11.076229622879,-2.3818247627512,0.0428811008256768,-11.8362219837552,-2.03690713454739,0.0457545337046197,-12.6203184787611,-1.65999523577729,0.0486452588090779,-13.4285191078969,-1.25108906644089,0.0515532761390516
-4.70461490566353,-4.02310097230686,0.0323180888343038,-5.19536544856297,-3.98416882829431,0.0400034757627566,-5.7066401395061,-3.91147057633704,0.0483389735748852,-6.23843897849294,-3.80500621643505,0.0573245822706896,-6.79076196552346,-3.66477574858833,0.0669603018501698,-7.36360910059769,-3.4907791727969,0.0772461323133259,-7.95698038371561,-3.28301648906074,0.0881820736601578,-8.57087581487723,-3.04148769737987,0.0997681258906654,-9.20529539408254,-2.76619279775427,0.112004289004849,-9.86023912133155,-2.45713179018395,0.124890563002708,-10.5357069966243,-2.11430467466891,0.138426947884243,-11.2316990199607,-1.73771145120915,0.152613443649454,-11.9482151913408,-1.32735211980467,0.167450050298341,-12.6852555107646,-0.883226680455472,0.182936767830904,-13.4428199782321,-0.405335133161549,0.199073596247142
-5.10185279008597,-3.96282221584819,-0.0282108634716663,-5.5860576541008,-3.88394459615789,-0.0396218939604017,-6.08735021347595,-3.77051641190688,-0.052889590219275,-6.60573046821143,-3.62253766309516,-0.0680139522482863,-7.14119841830725,-3.44000834972272,-0.0849949800474356,-7.69375406376339,-3.22292847178957,-0.103832673616723,-8.26339740457986,-2.97129802929571,-0.124527032956148,-8.85012844075667,-2.68511702224113,-0.147078058065711,-9.4539471722938,-2.36438545062585,-0.171485748945412,-10.0748535991913,-2.00910331444985,-0.197750105595252,-10.7128477214491,-1.61927061371313,-0.225871128015229,-11.3679295390672,-1.19488734841571,-0.255848816205344,-12.0400990520456,-0.735953518557571,-0.287683170165597,-12.7293562603844,-0.242469124138721,-0.321374189895988,-13.4357011640835,0.285565834840843,-0.356921875396517
-5.52582602423543,-3.8919944634765,-0.00796587783299427,-6.00968287145546,-3.7808965360983,-0.0120698641539281,-6.50841399021229,-3.63554386494556,-0.0168672042042832,-7.02201938050592,-3.45593645001828,-0.0223578979840596,-7.55049904233636,-3.24207429131646,-0.0285419454932573,-8.09385297570359,-2.9939573888401,-0.0354193467318762,-8.65208118060764,-2.7115857425892,-0.0429901016999164,-9.22518365704848,-2.39495935256376,-0.0512542103973779,-9.81316040502612,-2.04407821876379,-0.0602116728242606,-10.4160114245406,-1.65894234118927,-0.0698624889805647,-11.0337367155918,-1.23955171984021,-0.0802066588662899,-11.6663362781799,-0.785906354716611,-0.0912441824814365,-12.3138101123047,-0.298006245818473,-0.102975059826004,-12.9761582179664,0.224148606854205,-0.115399290899993,-13.6533805951649,0.780558203301422,-0.128516875703404
-5.93376612861754,-3.72142737817447,-0.0219798516864176,-6.41052104518898,-3.55885971347124,-0.0296459118837057,-6.8993604046378,-3.35985190089254,-0.0383695032790359,-7.400284206964,-3.12440394043836,-0.0481506258724081,-7.91329245216758,-2.85251583210871,-0.0589892796638224,-8.43838514024855,-2.54418757590358,-0.0708854646532787,-8.97556227120689,-2.19941917182298,-0.083839180840777,-9.52482384504262,-1.81821061986691,-0.0978504282263173,-10.0861698617557,-1.40056192003537,-0.1129192068099,-10.6596003213462,-0.946473072328345,-0.129045516591524,-11.2451152238141,-0.45594407674585,-0.146229357571191,-11.8427145691593,0.0710250667121191,-0.164470729748899,-12.452398357382,0.634434358045562,-0.18376963312465,-13.074166588482,1.23428379725448,-0.204126067698442,-13.7080192624594,1.87057338433887,-0.225540033470277
-6.27560308502769,-3.49101019611247,-0.00804122438967495,-6.72538670709754,-3.27236146302113,-0.010510741087219,-7.18229673541336,-3.01477921206795,-0.0132438484883167,-7.64633316997513,-2.71826344325292,-0.016240546592968,-8.11749601078285,-2.38281415657604,-0.019500835401173,-8.59578525783654,-2.00843135203731,-0.0230247149129315,-9.08120091113619,-1.59511502963673,-0.0268121851282436,-9.57374297068181,-1.1428651893743,-0.0308632460471094,-10.0734114364734,-0.651681831250022,-0.0351778976695288,-10.5802063085109,-0.121564955263896,-0.0397561399955017,-11.0941275867944,0.447485438584078,-0.0445979730250283,-11.6151752713238,1.0554693502939,-0.0497033967581085,-12.1433493620992,1.70238677986557,-0.0550724111947423,-12.6786498591206,2.38823772729909,-0.0607050163349297,-13.2210767623879,3.11302219259446,-0.0666012121786708
-6.62130526548519,-3.21519295205997,0.0106989550805363,-7.04808604010655,-2.9410616934893,0.0141055812065789,-7.47816838105227,-2.62589605834848,0.0180280417731729,-7.91155228832236,-2.26969604663753,0.0224663367803181,-8.34823776191681,-1.87246165835644,0.0274204662280146,-8.78822480183563,-1.43419289350522,0.0328904301162625,-9.23151340807881,-0.954889752083859,0.0388762284450617,-9.67810358064635,-0.434552234092362,0.0453778612144123,-10.1279953195383,0.126819660469272,0.0523953284243141,-10.5811886247545,0.729225931601042,0.0599286300747673,-11.0376834962952,1.37266657930295,0.0679777661657718,-11.4974799341601,2.05714160357499,0.0765427366973276,-11.9605779383495,2.78265100441717,0.0856235416694347,-12.4269775088632,3.54919478182949,0.0952201810820932,-12.8966786457013,4.35677293581194,0.105332654935303
-6.89441671409686,-2.93387431429607,0.00387951752435921,-7.2800152158809,-2.61662809333941,0.00484176095517693,-7.66326816223789,-2.25808337019672,0.0059440460242305,-8.04417555316784,-1.85824014486798,0.00718637273151994,-8.42273738867075,-1.41709841735321,0.00856874107704524,-8.79895366874663,-0.934658187652398,0.0100911510608064,-9.17282439339546,-0.410919455765546,0.0117536026828034,-9.54434956261725,0.154117778307346,0.0135560959430363,-9.913529176412,0.760453514566276,0.015498630841505,-10.2803632347797,1.40808775301125,0.0175812073782096,-10.6448517377204,2.09702049364226,0.0198038255531501,-11.006994685234,2.8272517364593,0.0221664853663264,-11.3667920773206,3.59878148146239,0.0246691868177385,-11.7242439139801,4.41160972865152,0.0273119299073866,-12.0793501952126,5.26573647802669,0.0300947146352704
-7.12593995141874,-2.63021423697982,-0.0182159504582282,-7.46459154849476,-2.27560239910591,-0.0237883580723839,-7.79523555075117,-1.88019132984555,-0.0300680610350752,-8.11787195818796,-1.44398102919874,-0.037055059346302,-8.43250077080513,-0.966971497165484,-0.0447493530060644,-8.73912198860268,-0.44916273374578,-0.0531509420143624,-9.03773561158062,0.109445261060374,-0.062259826371196,-9.32834163973894,0.708852487252976,-0.0720760060765651,-9.61094007307763,1.34905894483203,-0.0825994811304697,-9.88553091159671,2.03006463379752,-0.0938302515329099,-10.1521141552962,2.75186955414947,-0.105768317283886,-10.410689804176,3.51447370588787,-0.118413678383397,-10.6612578582362,4.31787708901271,-0.131766334831444,-10.9038183174769,5.162079703524,-0.145826286628027,-11.1383711818979,6.04708154942175,-0.160593533773145
-7.37912599408162,-2.27285489561395,-0.0142893321285425,-7.68502962638196,-1.87664848543159,-0.0178192791493621,-7.97978493041993,-1.43954187714981,-0.021707446284137,-8.26339190619555,-0.961535070768609,-0.0259538335328672,-8.53585055370881,-0.442628066287991,-0.0305584408955528,-8.79716087295971,0.117179136292045,-0.0355212683721936,-9.04732286394825,0.7178865369715,-0.0408423159627897,-9.28633652667442,1.35949413575037,-0.0465215836673412,-9.51420186113824,2.04200193262866,-0.052559071485848,-9.7309188673397,2.76540992760637,-0.0589547794183101,-9.93648754527879,3.5297181206835,-0.0657087074647275,-10.1309078949555,4.33492651186005,-0.0728208556251002,-10.3141799163699,5.18103510113601,-0.0802912238994282,-10.4863036095219,6.06804388851139,-0.0881198122877116,-10.6472789744116,6.99595287398619,-0.0963066207899502
-7.61968019898614,-1.91691193417075,-0.0151126064294758,-7.89551830274043,-1.49146069540425,-0.0182172522392,-8.1578065828756,-1.02658888106982,-0.0215806519207393,-8.40654503939166,-0.52229649116745,-0.0252028054740937,-8.64173367228859,0.0214164743028578,-0.0290837128992632,-8.8633724815664,0.604550015341102,-0.0332233741962479,-9.07146146722509,1.22710413194728,-0.0376217893650476,-9.26600062926466,1.8890788241214,-0.0422789584056624,-9.44698996768511,2.59047409186346,-0.0471948813180923,-9.61442948248644,3.33128993517345,-0.0523695581023373,-9.76831917366864,4.11152635405138,-0.0578029887583975,-9.90865904123173,4.93118334849725,-0.0634951732862727,-10.0354490851757,5.79026091851105,-0.069446111685963,-10.1486893055005,6.68875906409279,-0.0756558039574684,-10.2483797022063,7.62667778524247,-0.0821242501007889
-7.8206912741759,-1.56470197003014,-0.0193105375243957,-8.06131880007961,-1.12103186956442,-0.0229904188880466,-8.28564671910183,-0.640632702667821,-0.0269692307500055,-8.49367503124257,-0.123504469340339,-0.0312469731102725,-8.68540373650183,0.430352830418023,-0.0358236459688476,-8.86083283487961,1.02093919660727,-0.0406992493257307,-9.0199623263759,1.64825462922739,-0.045873783180922,-9.16279221099072,2.31229912827839,-0.0513472475344213,-9.28932248872405,3.01307269376027,-0.0571196423862287,-9.3995531595759,3.75057532567304,-0.0631909677363442,-9.49348422354627,4.52480702401668,-0.0695612235847677,-9.57111568063516,5.3357677887912,-0.0762304099314993,-9.63244753084257,6.18345761999661,-0.0831985267765391,-9.67747977416849,7.06787651763289,-0.0904655741198869,-9.70621241061294,7.98902448170005,-0.0980315519615428
-7.97658140965333,-1.17315657995372,-0.000485821681694682,-8.17637974593718,-0.707846353013564,0.0020499449250699,-8.35676450085252,-0.207722566096992,0.00511379188657441,-8.51773567439935,0.327214780795994,0.00870571920281884,-8.65929326657766,0.896965687665394,0.0128257268738032,-8.78143727738746,1.50153015451121,0.0174738148995275,-8.88416770682875,2.14090818133343,0.0226499832799916,-8.96748455490152,2.81509976813207,0.0283542320151958,-9.03138782160579,3.52410491490713,0.0345865611051398,-9.07587750694153,4.2679236216586,0.0413469705498237,-9.10095361090877,5.04655588838648,0.0486354603492476,-9.10661613350749,5.86000171509077,0.0564520305034114,-9.0928650747377,6.70826110177148,0.0647966810123151,-9.0597004345994,7.59133404842861,0.0736694118759587,-9.00712221309258,8.50922055506214,0.0830702230943423
-8.03089729613121,-0.776547899227559,-0.00559536772239643,-8.16916812977114,-0.296311676155381,-0.00474466808822049,-8.28267911595237,0.216213426099363,-0.00364684209623354,-8.37143025467491,0.761027407536673,-0.00230188974643559,-8.43542154593876,1.33813026815655,-0.000709811038826622,-8.4746529897439,1.94752200795899,0.00112939402659335,-8.48912458609035,2.589202626944,0.00321572544982433,-8.4788363349781,3.26317212511157,0.00554918323086632,-8.44378823640716,3.96943050246172,0.00812976736971931,-8.38398029037753,4.70797775899442,0.0109574778663833,-8.29941249688919,5.4788138947097,0.0140323147208583,-8.19008485594216,6.28193890960753,0.0173542779331444,-8.05599736753643,7.11735280368794,0.0209233675032414,-7.89715003167201,7.98505557695091,0.0247395834311494,-7.71354284834889,8.88504722939645,0.0288029257168685
-8.05280826606549,-0.424243105506831,-0.00198242530621686,-8.13263566947607,0.0512487040617965,-8.49916968161431e-05,-8.18342717155054,0.554328100914741,0.00216107663059968,-8.20518277228891,1.084995085052,0.00475577967603062,-8.19790247169117,1.64324965647358,0.00769911743947666,-8.16158626975732,2.22909181517947,0.0109910899209378,-8.09623416648737,2.84252156116968,0.0146316971204141,-8.00184616188132,3.48353889444421,0.0186209390379054,-7.87842225593915,4.15214381500305,0.0229588156734119,-7.72596244866089,4.84833632284621,0.0276453270269334,-7.54446674004652,5.57211641797369,0.0326804730984701,-7.33393513009604,6.32348410038548,0.0380642538880219,-7.09436761880945,7.10243937008159,0.0437966693955888,-6.82576420618676,7.90898222706202,0.0498777196211708,-6.52812489222797,8.74311267132676,0.0563074045647679
